Starting a Gradle Daemon, 1 busy and 1 incompatible and 3 stopped Daemons could not be reused, use --status for details
> Task :buildSrc:extractPluginRequests UP-TO-DATE
> Task :buildSrc:generatePluginAdapters UP-TO-DATE
> Task :buildSrc:compileJava UP-TO-DATE
> Task :buildSrc:compileGroovy UP-TO-DATE
> Task :buildSrc:compileGroovyPlugins UP-TO-DATE
> Task :buildSrc:pluginDescriptors UP-TO-DATE
> Task :buildSrc:processResources UP-TO-DATE
> Task :buildSrc:classes UP-TO-DATE
> Task :buildSrc:jar UP-TO-DATE

> Configure project :
matching ref: COMMIT - e090da2a01d2b39b2bc9e33db801575dcaacaaf3
  ref configuration: COMMIT - pattern: null
    version: ${describe.tag.version.major}.${describe.tag.version.minor.next}.${describe.tag.version.patch}-SNAPSHOT
    describeTagPattern: .*(\d+\.\d+\.\d+).*
    describeTagFirstParent: false

project version: 1.13.1-SNAPSHOT

> Configure project :custom
ℹ Skipping static weaving configuration for non-Java project: custom

> Configure project :fineract-accounting
Configuring EclipseLink static weaving for fineract-accounting
✓ EclipseLink static weaving configured for fineract-accounting

> Configure project :fineract-avro-schemas
ℹ No JPA entities found in fineract-avro-schemas, skipping static weaving configuration

> Configure project :fineract-branch
Configuring EclipseLink static weaving for fineract-branch
✓ EclipseLink static weaving configured for fineract-branch

> Configure project :fineract-charge
Configuring EclipseLink static weaving for fineract-charge
✓ EclipseLink static weaving configured for fineract-charge

> Configure project :fineract-client
ℹ No JPA entities found in fineract-client, skipping static weaving configuration

> Configure project :fineract-command
Configuring EclipseLink static weaving for fineract-command
✓ EclipseLink static weaving configured for fineract-command

> Configure project :fineract-core
Configuring EclipseLink static weaving for fineract-core
✓ EclipseLink static weaving configured for fineract-core

> Configure project :fineract-doc
ℹ Skipping static weaving configuration for non-Java project: fineract-doc

> Configure project :fineract-document
Configuring EclipseLink static weaving for fineract-document
✓ EclipseLink static weaving configured for fineract-document

> Configure project :fineract-e2e-tests-core
ℹ No JPA entities found in fineract-e2e-tests-core, skipping static weaving configuration

> Configure project :fineract-e2e-tests-runner
ℹ No JPA entities found in fineract-e2e-tests-runner, skipping static weaving configuration

> Configure project :fineract-investor
Configuring EclipseLink static weaving for fineract-investor
✓ EclipseLink static weaving configured for fineract-investor

> Configure project :fineract-loan
Configuring EclipseLink static weaving for fineract-loan
✓ EclipseLink static weaving configured for fineract-loan

> Configure project :fineract-progressive-loan
Configuring EclipseLink static weaving for fineract-progressive-loan
✓ EclipseLink static weaving configured for fineract-progressive-loan

> Configure project :fineract-progressive-loan-embeddable-schedule-generator
ℹ No JPA entities found in fineract-progressive-loan-embeddable-schedule-generator, skipping static weaving configuration

> Configure project :fineract-provider
Configuring EclipseLink static weaving for fineract-provider
✓ EclipseLink static weaving configured for fineract-provider

> Configure project :fineract-rates
Configuring EclipseLink static weaving for fineract-rates
✓ EclipseLink static weaving configured for fineract-rates

> Configure project :fineract-report
Configuring EclipseLink static weaving for fineract-report
✓ EclipseLink static weaving configured for fineract-report

> Configure project :fineract-savings
Configuring EclipseLink static weaving for fineract-savings
✓ EclipseLink static weaving configured for fineract-savings

> Configure project :fineract-tax
Configuring EclipseLink static weaving for fineract-tax
✓ EclipseLink static weaving configured for fineract-tax

> Configure project :fineract-validation
ℹ No JPA entities found in fineract-validation, skipping static weaving configuration

> Configure project :fineract-war
ℹ No JPA entities found in fineract-war, skipping static weaving configuration

> Configure project :integration-tests
ℹ No JPA entities found in integration-tests, skipping static weaving configuration

> Configure project :oauth2-tests
ℹ No JPA entities found in oauth2-tests, skipping static weaving configuration

> Configure project :twofactor-tests
ℹ No JPA entities found in twofactor-tests, skipping static weaving configuration

> Configure project :custom:acme
ℹ Skipping static weaving configuration for non-Java project: acme

> Configure project :custom:docker
ℹ No JPA entities found in docker, skipping static weaving configuration

> Configure project :custom:acme:event
ℹ Skipping static weaving configuration for non-Java project: event

> Configure project :custom:acme:loan
ℹ Skipping static weaving configuration for non-Java project: loan

> Configure project :custom:acme:note
ℹ Skipping static weaving configuration for non-Java project: note

> Configure project :custom:acme:event:externalevent
ℹ No JPA entities found in externalevent, skipping static weaving configuration

> Configure project :custom:acme:event:starter
ℹ No JPA entities found in starter, skipping static weaving configuration

> Configure project :custom:acme:loan:cob
ℹ No JPA entities found in cob, skipping static weaving configuration

> Configure project :custom:acme:loan:job
ℹ No JPA entities found in job, skipping static weaving configuration

> Configure project :custom:acme:loan:processor
ℹ No JPA entities found in processor, skipping static weaving configuration

> Configure project :custom:acme:loan:starter
ℹ No JPA entities found in starter, skipping static weaving configuration

> Configure project :custom:acme:note:service
ℹ No JPA entities found in service, skipping static weaving configuration

> Configure project :custom:acme:note:starter
ℹ No JPA entities found in starter, skipping static weaving configuration

> Task :spotlessInternalRegisterDependencies UP-TO-DATE
> Task :fineract-accounting:processResources UP-TO-DATE
> Task :fineract-tax:processResources UP-TO-DATE
> Task :fineract-rates:processResources UP-TO-DATE
> Task :fineract-core:processResources UP-TO-DATE
> Task :fineract-document:processResources UP-TO-DATE
> Task :fineract-charge:processResources UP-TO-DATE
> Task :fineract-branch:processResources UP-TO-DATE
> Task :fineract-report:processResources UP-TO-DATE
> Task :fineract-savings:processResources UP-TO-DATE
> Task :fineract-progressive-loan:processResources UP-TO-DATE
> Task :fineract-client:processResources UP-TO-DATE
> Task :fineract-investor:processResources UP-TO-DATE
> Task :fineract-loan:processResources UP-TO-DATE
> Task :fineract-avro-schemas:preprocessAvroSchemas UP-TO-DATE
> Task :fineract-validation:compileJava UP-TO-DATE
> Task :fineract-validation:processResources UP-TO-DATE
> Task :fineract-validation:classes UP-TO-DATE
> Task :fineract-validation:jar UP-TO-DATE
> Task :fineract-command:compileJava UP-TO-DATE
> Task :fineract-command:processResources UP-TO-DATE
> Task :fineract-command:classes UP-TO-DATE
> Task :fineract-avro-schemas:spotlessJson UP-TO-DATE
> Task :fineract-command:jar UP-TO-DATE
> Task :fineract-avro-schemas:spotlessJsonApply UP-TO-DATE
> Task :fineract-avro-schemas:buildJavaSdk UP-TO-DATE
> Task :fineract-provider:generateGitProperties
> Task :fineract-provider:generateRebelMain UP-TO-DATE
> Task :fineract-provider:processResources UP-TO-DATE
> Task :fineract-provider:prepareInputYaml UP-TO-DATE
> Task :fineract-provider:processTestResources UP-TO-DATE

> Task :fineract-avro-schemas:compileJava
warning: [options] source value 8 is obsolete and will be removed in a future release
warning: [options] target value 8 is obsolete and will be removed in a future release
warning: [options] To suppress warnings about obsolete options, use -Xlint:-options.
warning: No processor claimed any of these annotations: org.apache.avro.specific.AvroGenerated
4 warnings

> Task :fineract-avro-schemas:processResources UP-TO-DATE
> Task :fineract-avro-schemas:classes
> Task :fineract-avro-schemas:jar UP-TO-DATE

> Task :fineract-core:compileJava
warning: No processor claimed any of these annotations: /org.springframework.context.annotation.Primary,/io.swagger.v3.oas.annotations.Parameter,/org.mapstruct.Mapper,/jakarta.validation.constraints.NotNull,/io.swagger.v3.oas.annotations.responses.ApiResponses,/jakarta.persistence.PersistenceContext,/org.springframework.boot.context.properties.ConfigurationProperties,/jakarta.persistence.Entity,/org.springframework.context.annotation.Scope,/jakarta.validation.Valid,/org.springframework.stereotype.Component,/org.springframework.transaction.annotation.Transactional,/io.swagger.v3.oas.annotations.media.Schema,/org.springframework.context.annotation.Bean,/jakarta.persistence.Column,/jakarta.persistence.Basic,/jakarta.persistence.JoinColumn,/jakarta.persistence.Enumerated,/jakarta.persistence.ManyToMany,/jakarta.persistence.Version,/org.springframework.boot.autoconfigure.condition.ConditionalOnMissingBean,/jakarta.persistence.MappedSuperclass,/org.glassfish.jersey.media.multipart.FormDataParam,/jakarta.persistence.Id,/org.springframework.context.annotation.Conditional,/org.apache.fineract.validation.constraints.Locale,/jakarta.persistence.Embeddable,/com.fasterxml.jackson.annotation.JsonProperty,/jakarta.ws.rs.Path,/jakarta.ws.rs.PUT,/jakarta.ws.rs.ext.Provider,/org.springframework.data.jpa.repository.Modifying,/jakarta.persistence.PrePersist,/io.swagger.v3.oas.annotations.parameters.RequestBody,/org.springframework.lang.NonNull,/org.springframework.beans.factory.annotation.Autowired,/org.springframework.security.access.prepost.PreAuthorize,/jakarta.ws.rs.DELETE,/org.mapstruct.MapperConfig,/jakarta.ws.rs.QueryParam,/jakarta.ws.rs.GET,/org.springframework.data.jpa.repository.Query,/jakarta.persistence.GeneratedValue,/jakarta.ws.rs.HeaderParam,/org.mapstruct.Mappings,/io.swagger.v3.oas.annotations.tags.Tag,/jakarta.ws.rs.DefaultValue,/org.apache.fineract.validation.constraints.LocalDate,/jakarta.persistence.JoinTable,/jakarta.validation.constraints.NotBlank,/org.springframework.cache.annotation.EnableCaching,/org.springframework.beans.factory.annotation.Qualifier,/jakarta.persistence.PostLoad,/org.apache.fineract.commands.annotation.CommandType,/org.springframework.stereotype.Service,/jakarta.validation.constraints.NotEmpty,/org.apache.fineract.infrastructure.core.jersey.serializer.legacy.JsonLocalDateArrayFormat,/jakarta.ws.rs.core.Context,/jakarta.ws.rs.Consumes,/jakarta.ws.rs.PathParam,/jakarta.persistence.OneToOne,/edu.umd.cs.findbugs.annotations.SuppressFBWarnings,/org.springframework.context.annotation.Configuration,/jakarta.persistence.Transient,/jakarta.annotation.PostConstruct,/com.google.errorprone.annotations.Immutable,/org.springframework.cache.annotation.Cacheable,/jakarta.persistence.OneToMany,/org.springframework.data.repository.query.Param,/jakarta.persistence.Table,/org.springframework.stereotype.Repository,/org.springframework.cache.annotation.CacheEvict,/jakarta.persistence.ManyToOne,/org.springframework.core.annotation.AliasFor,/com.fasterxml.jackson.annotation.JsonInclude,/jakarta.ws.rs.Produces,/org.springframework.context.annotation.Profile,/org.springframework.lang.Nullable,/io.swagger.v3.oas.annotations.Operation,/org.springframework.cache.annotation.CacheConfig,/jakarta.ws.rs.POST
warning: No processor claimed any of these annotations: java.compiler/javax.annotation.processing.Generated,/org.springframework.stereotype.Component
/home/linxford/Projects/edenbank/fineract/fineract-core/src/main/java/org/apache/fineract/infrastructure/core/exception/ErrorHandler.java:127: warning: [unchecked] unchecked cast
                return (ExceptionMapper<T>) ctx.getBean(intersection.iterator().next());
                                                       ^
  required: ExceptionMapper<T>
  found:    Object
  where T is a type-variable:
    T extends RuntimeException declared in method <T>findMostSpecificExceptionHandler(T)
/home/linxford/Projects/edenbank/fineract/fineract-core/src/main/java/org/apache/fineract/infrastructure/core/exception/ErrorHandler.java:131: warning: [unchecked] unchecked cast
                return (ExceptionMapper<T>) ctx.getBean(exceptionMappers.iterator().next());
                                                       ^
  required: ExceptionMapper<T>
  found:    Object
  where T is a type-variable:
    T extends RuntimeException declared in method <T>findMostSpecificExceptionHandler(T)
/home/linxford/Projects/edenbank/fineract/fineract-core/src/main/java/org/apache/fineract/infrastructure/core/exception/ErrorHandler.java:136: warning: [unchecked] unchecked cast
        return (ExceptionMapper<T>) defaultExceptionMapper;
                                    ^
  required: ExceptionMapper<T>
  found:    DefaultExceptionMapper
  where T is a type-variable:
    T extends RuntimeException declared in method <T>findMostSpecificExceptionHandler(T)
/home/linxford/Projects/edenbank/fineract/fineract-core/src/main/java/org/apache/fineract/commands/configuration/RetryConfigurationAssembler.java:62: warning: [unchecked] unchecked call to retryOnException(Predicate<Throwable>) as a member of the raw type Builder
            configBuilder.retryOnException(ex -> {
                                          ^
  where T is a type-variable:
    T extends Object declared in class Builder
/home/linxford/Projects/edenbank/fineract/fineract-core/src/main/java/org/apache/fineract/commands/configuration/RetryConfigurationAssembler.java:77: warning: [unchecked] unchecked call to retryOnException(Predicate<Throwable>) as a member of the raw type Builder
            configBuilder.retryOnException(ex -> {
                                          ^
  where T is a type-variable:
    T extends Object declared in class Builder
/home/linxford/Projects/edenbank/fineract/fineract-core/src/main/java/org/apache/fineract/commands/configuration/RetryConfigurationAssembler.java:116: warning: [unchecked] unchecked call to retryOnException(Predicate<Throwable>) as a member of the raw type Builder
        configBuilder.retryOnException(e -> e instanceof RuntimeException && !(e instanceof CommandResultPersistenceException));
                                      ^
  where T is a type-variable:
    T extends Object declared in class Builder
/home/linxford/Projects/edenbank/fineract/fineract-core/src/main/java/org/apache/fineract/infrastructure/core/api/IdTypeResolver.java:56: warning: [unchecked] unchecked method invocation: method getDefault in interface DefaultOption is applied to given types
            return clazz.isAssignableFrom(DefaultOption.class) ? (T) DefaultOption.getDefault((Class) clazz) : null;
                                                                                             ^
  required: Class<T>
  found:    Class
  where T is a type-variable:
    T extends Enum<T>,DefaultOption declared in method <T>getDefault(Class<T>)
/home/linxford/Projects/edenbank/fineract/fineract-core/src/main/java/org/apache/fineract/infrastructure/core/api/IdTypeResolver.java:56: warning: [unchecked] unchecked conversion
            return clazz.isAssignableFrom(DefaultOption.class) ? (T) DefaultOption.getDefault((Class) clazz) : null;
                                                                                              ^
  required: Class<T>
  found:    Class
  where T is a type-variable:
    T extends Enum<T>,DefaultOption declared in method <T>getDefault(Class<T>)
/home/linxford/Projects/edenbank/fineract/fineract-core/src/main/java/org/apache/fineract/infrastructure/core/api/IdTypeResolver.java:56: warning: [unchecked] unchecked cast
            return clazz.isAssignableFrom(DefaultOption.class) ? (T) DefaultOption.getDefault((Class) clazz) : null;
                                                                                             ^
  required: T
  found:    Enum
  where T is a type-variable:
    T extends Enum<T> declared in method <T>resolve(@jakarta.validation.constraints.NotNull Class<T>,String)
/home/linxford/Projects/edenbank/fineract/fineract-core/src/main/java/org/apache/fineract/infrastructure/core/api/ApiFacingEnum.java:37: warning: [unchecked] unchecked cast
        return new StringEnumOptionData(((Enum<T>) this).name(), getCode(), getHumanReadableName());
                                                   ^
  required: Enum<T>
  found:    ApiFacingEnum<T>
  where T is a type-variable:
    T extends Enum<T>,ApiFacingEnum<T> declared in interface ApiFacingEnum
/home/linxford/Projects/edenbank/fineract/fineract-core/src/main/java/org/apache/fineract/infrastructure/core/data/DataValidatorBuilder.java:625: warning: [unchecked] unchecked cast
        final List<Object> list = (List<Object>) this.value;
                                                     ^
  required: List<Object>
  found:    Object
/home/linxford/Projects/edenbank/fineract/fineract-core/src/main/java/org/apache/fineract/infrastructure/core/service/database/JavaType.java:364: warning: [deprecation] Date(String) in Date has been deprecated
            case DATE -> new Date(s);
                         ^
/home/linxford/Projects/edenbank/fineract/fineract-core/src/main/java/org/apache/fineract/infrastructure/core/service/DataEnricherProcessor.java:39: warning: [unchecked] unchecked call to isDataTypeSupported(Class<T>) as a member of the raw type DataEnricher
            if (enhancer.isDataTypeSupported(source.getClass())) {
                                            ^
  where T is a type-variable:
    T extends Object declared in interface DataEnricher
/home/linxford/Projects/edenbank/fineract/fineract-core/src/main/java/org/apache/fineract/infrastructure/core/service/DataEnricherProcessor.java:40: warning: [unchecked] unchecked call to enrich(T) as a member of the raw type DataEnricher
                enhancer.enrich(source);
                               ^
  where T is a type-variable:
    T extends Object declared in interface DataEnricher
/home/linxford/Projects/edenbank/fineract/fineract-core/src/main/java/org/apache/fineract/infrastructure/event/external/service/InternalExternalEventService.java:111: warning: [unchecked] unchecked cast
                var bulkMessages = (List<BulkMessageItemV1>) methodToGetDatas.invoke(payLoad);
                                                                                    ^
  required: List<BulkMessageItemV1>
  found:    Object
/home/linxford/Projects/edenbank/fineract/fineract-core/src/main/java/org/apache/fineract/infrastructure/security/utils/ColumnValidator.java:62: warning: [deprecation] SQLInjectionException in org.apache.fineract.infrastructure.security.utils has been deprecated
                    throw new SQLInjectionException();
                              ^
/home/linxford/Projects/edenbank/fineract/fineract-core/src/main/java/org/apache/fineract/infrastructure/security/utils/ColumnValidator.java:66: warning: [deprecation] SQLInjectionException in org.apache.fineract.infrastructure.security.utils has been deprecated
                        throw new SQLInjectionException();
                                  ^
/home/linxford/Projects/edenbank/fineract/fineract-core/src/main/java/org/apache/fineract/infrastructure/security/utils/ColumnValidator.java:71: warning: [deprecation] SQLInjectionException in org.apache.fineract.infrastructure.security.utils has been deprecated
            throw new SQLInjectionException(e);
                      ^
/home/linxford/Projects/edenbank/fineract/fineract-core/src/main/java/org/apache/fineract/infrastructure/security/utils/ColumnValidator.java:123: warning: [deprecation] SQLInjectionException in org.apache.fineract.infrastructure.security.utils has been deprecated
                throw new SQLInjectionException();
                          ^
/home/linxford/Projects/edenbank/fineract/fineract-core/src/main/java/org/apache/fineract/infrastructure/security/utils/ColumnValidator.java:145: warning: [deprecation] SQLInjectionException in org.apache.fineract.infrastructure.security.utils has been deprecated
                throw new SQLInjectionException();
                          ^
22 warnings

> Task :fineract-core:classes
> Task :fineract-core:jar

> Task :fineract-tax:compileJava
warning: No processor claimed any of these annotations: /jakarta.persistence.Column,/jakarta.persistence.OneToMany,/jakarta.persistence.JoinColumn,/org.springframework.stereotype.Component,/jakarta.persistence.Table,/jakarta.persistence.ManyToOne,/jakarta.persistence.Entity,/org.springframework.beans.factory.annotation.Autowired
1 warning

> Task :fineract-tax:classes
> Task :fineract-tax:jar

> Task :fineract-report:compileJava
warning: No processor claimed any of these annotations: /org.springframework.context.annotation.Scope,/org.springframework.stereotype.Component,/org.springframework.beans.factory.annotation.Autowired
1 warning

> Task :fineract-report:classes

> Task :fineract-document:compileJava
warning: No processor claimed any of these annotations: /io.swagger.v3.oas.annotations.Parameter,/org.springframework.boot.autoconfigure.condition.ConditionalOnProperty,/jakarta.persistence.Table,/io.swagger.v3.oas.annotations.responses.ApiResponses,/jakarta.ws.rs.QueryParam,/jakarta.ws.rs.GET,/jakarta.persistence.Entity,/jakarta.ws.rs.HeaderParam,/jakarta.ws.rs.Path,/io.swagger.v3.oas.annotations.tags.Tag,/org.springframework.stereotype.Component,/jakarta.ws.rs.Produces,/jakarta.ws.rs.PUT,/org.springframework.transaction.annotation.Transactional,/io.swagger.v3.oas.annotations.parameters.RequestBody,/io.swagger.v3.oas.annotations.media.Schema,/jakarta.persistence.Column,/io.swagger.v3.oas.annotations.Operation,/org.springframework.stereotype.Service,/jakarta.ws.rs.Consumes,/jakarta.ws.rs.PathParam,/edu.umd.cs.findbugs.annotations.SuppressFBWarnings,/jakarta.annotation.PostConstruct,/org.springframework.security.access.prepost.PreAuthorize,/org.springframework.beans.factory.annotation.Autowired,/jakarta.ws.rs.POST,/org.glassfish.jersey.media.multipart.FormDataParam,/jakarta.ws.rs.DELETE

> Task :fineract-report:jar UP-TO-DATE

> Task :fineract-rates:compileJava
warning: No processor claimed any of these annotations: /jakarta.persistence.OrderBy,/io.swagger.v3.oas.annotations.Parameter,/jakarta.persistence.OneToMany,/jakarta.persistence.Table,/io.swagger.v3.oas.annotations.responses.ApiResponses,/jakarta.persistence.ManyToOne,/jakarta.ws.rs.GET,/com.fasterxml.jackson.annotation.JsonInclude,/jakarta.persistence.Entity,/org.springframework.data.jpa.repository.Query,/jakarta.ws.rs.Path,/io.swagger.v3.oas.annotations.tags.Tag,/org.springframework.stereotype.Component,/jakarta.ws.rs.Produces,/jakarta.ws.rs.PUT,/org.springframework.transaction.annotation.Transactional,/io.swagger.v3.oas.annotations.parameters.RequestBody,/io.swagger.v3.oas.annotations.media.Schema,/org.springframework.context.annotation.Bean,/jakarta.persistence.Column,/io.swagger.v3.oas.annotations.Operation,/jakarta.persistence.JoinColumn,/org.apache.fineract.commands.annotation.CommandType,/org.springframework.stereotype.Service,/org.springframework.boot.autoconfigure.condition.ConditionalOnMissingBean,/com.fasterxml.jackson.annotation.JsonIgnore,/jakarta.ws.rs.Consumes,/jakarta.ws.rs.PathParam,/org.springframework.context.annotation.Configuration,/org.springframework.beans.factory.annotation.Autowired,/jakarta.ws.rs.POST
1 warning

> Task :fineract-charge:compileJava
warning: No processor claimed any of these annotations: /io.swagger.v3.oas.annotations.Parameter,/jakarta.persistence.Table,/io.swagger.v3.oas.annotations.responses.ApiResponses,/jakarta.persistence.ManyToOne,/jakarta.ws.rs.GET,/jakarta.persistence.Entity,/jakarta.ws.rs.Path,/io.swagger.v3.oas.annotations.tags.Tag,/org.springframework.stereotype.Component,/jakarta.ws.rs.Produces,/jakarta.ws.rs.PUT,/org.springframework.transaction.annotation.Transactional,/io.swagger.v3.oas.annotations.parameters.RequestBody,/io.swagger.v3.oas.annotations.media.Schema,/jakarta.persistence.Column,/io.swagger.v3.oas.annotations.Operation,/jakarta.persistence.JoinColumn,/org.apache.fineract.commands.annotation.CommandType,/org.springframework.stereotype.Service,/jakarta.ws.rs.core.Context,/jakarta.ws.rs.Consumes,/jakarta.ws.rs.PathParam,/org.springframework.beans.factory.annotation.Autowired,/jakarta.ws.rs.POST,/jakarta.ws.rs.DELETE
1 warning

> Task :fineract-charge:classes
> Task :fineract-charge:jar
> Task :fineract-rates:classes
> Task :fineract-rates:jar

> Task :fineract-document:compileJava
1 warning

> Task :fineract-document:classes
> Task :fineract-document:jar

> Task :fineract-accounting:compileJava
warning: No processor claimed any of these annotations: /io.swagger.v3.oas.annotations.Parameter,/jakarta.persistence.OneToMany,/org.springframework.data.repository.query.Param,/org.mapstruct.Mapper,/jakarta.persistence.Table,/io.swagger.v3.oas.annotations.responses.ApiResponses,/jakarta.ws.rs.QueryParam,/jakarta.persistence.ManyToOne,/jakarta.ws.rs.GET,/jakarta.persistence.Entity,/org.springframework.data.jpa.repository.Query,/jakarta.ws.rs.Path,/org.mapstruct.Mappings,/io.swagger.v3.oas.annotations.tags.Tag,/org.springframework.stereotype.Component,/jakarta.ws.rs.Produces,/jakarta.ws.rs.PUT,/org.springframework.transaction.annotation.Transactional,/io.swagger.v3.oas.annotations.parameters.RequestBody,/io.swagger.v3.oas.annotations.media.Schema,/org.springframework.context.annotation.Bean,/jakarta.persistence.Column,/io.swagger.v3.oas.annotations.Operation,/jakarta.persistence.JoinColumn,/org.apache.fineract.commands.annotation.CommandType,/org.springframework.stereotype.Service,/io.swagger.v3.oas.annotations.responses.ApiResponse,/org.springframework.boot.autoconfigure.condition.ConditionalOnMissingBean,/org.mapstruct.Named,/jakarta.ws.rs.core.Context,/jakarta.ws.rs.Consumes,/jakarta.ws.rs.PathParam,/org.springframework.context.annotation.Configuration,/org.springframework.beans.factory.annotation.Autowired,/jakarta.ws.rs.POST,/org.glassfish.jersey.media.multipart.FormDataParam,/jakarta.ws.rs.DELETE
warning: No processor claimed any of these annotations: java.compiler/javax.annotation.processing.Generated,/org.springframework.stereotype.Component
/home/linxford/Projects/edenbank/fineract/fineract-accounting/src/main/java/org/apache/fineract/accounting/glaccount/service/GLAccountReadPlatformServiceImpl.java:190: warning: [cast] redundant cast to Object[]
        return this.jdbcTemplate.query(sql, rm, (Object[]) finalObjectArray);// NOSONAR
                                                ^
/home/linxford/Projects/edenbank/fineract/fineract-accounting/src/main/java/org/apache/fineract/accounting/glaccount/service/GLAccountReadPlatformServiceImpl.java:256: warning: [cast] redundant cast to Object[]
        return this.jdbcTemplate.query(sql, mapper, (Object[]) new Object[] { ruleId, transactionType });// NOSONAR
                                                    ^
4 warnings

> Task :fineract-accounting:classes
> Task :fineract-accounting:jar

> Task :fineract-branch:compileJava
warning: No processor claimed any of these annotations: /io.swagger.v3.oas.annotations.Parameter,/jakarta.persistence.OneToMany,/jakarta.persistence.Table,/jakarta.ws.rs.QueryParam,/io.swagger.v3.oas.annotations.responses.ApiResponses,/jakarta.persistence.ManyToOne,/jakarta.ws.rs.GET,/jakarta.persistence.Entity,/jakarta.ws.rs.Path,/io.swagger.v3.oas.annotations.tags.Tag,/org.springframework.stereotype.Component,/jakarta.ws.rs.Produces,/jakarta.ws.rs.PUT,/org.springframework.transaction.annotation.Transactional,/io.swagger.v3.oas.annotations.parameters.RequestBody,/io.swagger.v3.oas.annotations.media.Schema,/jakarta.persistence.Column,/io.swagger.v3.oas.annotations.Operation,/jakarta.persistence.JoinColumn,/org.apache.fineract.commands.annotation.CommandType,/org.springframework.stereotype.Service,/jakarta.ws.rs.Consumes,/jakarta.ws.rs.PathParam,/jakarta.persistence.Transient,/org.springframework.beans.factory.annotation.Autowired,/jakarta.ws.rs.POST,/jakarta.ws.rs.DELETE
1 warning

> Task :fineract-branch:classes

> Task :fineract-savings:compileJava
warning: No processor claimed any of these annotations: /jakarta.persistence.OrderBy,/jakarta.persistence.OneToMany,/org.springframework.data.repository.query.Param,/jakarta.persistence.Table,/jakarta.persistence.Embedded,/jakarta.validation.constraints.NotNull,/jakarta.persistence.ManyToOne,/jakarta.persistence.Embeddable,/jakarta.persistence.Entity,/org.springframework.data.jpa.repository.Query,/org.springframework.stereotype.Component,/org.springframework.transaction.annotation.Transactional,/jakarta.persistence.JoinTable,/jakarta.persistence.Column,/jakarta.persistence.JoinColumn,/jakarta.persistence.Enumerated,/jakarta.persistence.Inheritance,/jakarta.persistence.ManyToMany,/jakarta.persistence.DiscriminatorColumn,/org.springframework.stereotype.Service,/jakarta.persistence.Version,/org.springframework.data.jpa.repository.Lock,/jakarta.persistence.OneToOne,/edu.umd.cs.findbugs.annotations.SuppressFBWarnings,/jakarta.persistence.Transient,/org.springframework.beans.factory.annotation.Autowired,/jakarta.persistence.DiscriminatorValue

> Task :fineract-branch:jar

> Task :fineract-savings:compileJava
1 warning

> Task :fineract-savings:classes

> Task :fineract-loan:compileJava
warning: No processor claimed any of these annotations: /io.swagger.v3.oas.annotations.Parameter,/org.mapstruct.Mapper,/jakarta.validation.constraints.NotNull,/io.swagger.v3.oas.annotations.responses.ApiResponses,/jakarta.ws.rs.QueryParam,/jakarta.persistence.PersistenceContext,/jakarta.persistence.Entity,/jakarta.ws.rs.GET,/jakarta.persistence.Convert,/org.springframework.data.jpa.repository.Query,/org.mapstruct.Mappings,/org.springframework.context.annotation.Scope,/io.swagger.v3.oas.annotations.tags.Tag,/org.springframework.beans.factory.annotation.Value,/org.springframework.stereotype.Component,/org.springframework.transaction.annotation.Transactional,/io.swagger.v3.oas.annotations.media.Schema,/com.fasterxml.jackson.annotation.JsonTypeInfo,/jakarta.persistence.JoinTable,/org.springframework.context.annotation.Bean,/jakarta.persistence.Column,/jakarta.persistence.JoinColumn,/jakarta.validation.constraints.NotBlank,/org.springframework.beans.factory.annotation.Qualifier,/jakarta.persistence.Enumerated,/jakarta.persistence.ManyToMany,/org.apache.fineract.commands.annotation.CommandType,/jakarta.persistence.Version,/org.springframework.stereotype.Service,/org.springframework.boot.autoconfigure.condition.ConditionalOnMissingBean,/jakarta.ws.rs.core.Context,/jakarta.ws.rs.Consumes,/jakarta.ws.rs.PathParam,/jakarta.persistence.Converter,/jakarta.persistence.OneToOne,/edu.umd.cs.findbugs.annotations.SuppressFBWarnings,/org.springframework.context.annotation.Configuration,/org.jetbrains.annotations.NotNull,/jakarta.persistence.Transient,/jakarta.annotation.PostConstruct,/org.springframework.integration.annotation.Default,/jakarta.persistence.OrderBy,/jakarta.persistence.OneToMany,/org.springframework.data.repository.query.Param,/jakarta.persistence.Table,/jakarta.persistence.Embedded,/org.springframework.stereotype.Repository,/jakarta.persistence.ManyToOne,/jakarta.persistence.Embeddable,/jakarta.ws.rs.Path,/jakarta.ws.rs.Produces,/jakarta.ws.rs.PUT,/jakarta.ws.rs.ext.Provider,/org.springframework.data.jpa.repository.Modifying,/io.swagger.v3.oas.annotations.parameters.RequestBody,/io.swagger.v3.oas.annotations.Operation,/org.mapstruct.Mapping,/jakarta.annotation.Nullable,/org.springframework.lang.NonNull,/org.springframework.beans.factory.annotation.Autowired,/jakarta.ws.rs.POST,/jakarta.ws.rs.DELETE
warning: No processor claimed any of these annotations: java.compiler/javax.annotation.processing.Generated,/org.springframework.beans.factory.annotation.Autowired,/org.springframework.stereotype.Component

> Task :fineract-savings:jar

> Task :fineract-loan:compileJava
2 warnings

> Task :fineract-loan:classes
> Task :fineract-loan:jar

> Task :fineract-investor:compileJava
warning: No processor claimed any of these annotations: /io.swagger.v3.oas.annotations.Parameter,/org.mapstruct.Mapper,/jakarta.ws.rs.QueryParam,/io.swagger.v3.oas.annotations.responses.ApiResponses,/jakarta.persistence.PersistenceContext,/jakarta.ws.rs.GET,/jakarta.persistence.Entity,/org.springframework.data.jpa.repository.Query,/org.mapstruct.Mappings,/io.swagger.v3.oas.annotations.tags.Tag,/org.springframework.stereotype.Component,/org.springframework.transaction.annotation.Transactional,/io.swagger.v3.oas.annotations.media.Schema,/org.springframework.context.annotation.Bean,/jakarta.persistence.Column,/jakarta.persistence.JoinColumn,/jakarta.persistence.Enumerated,/org.apache.fineract.commands.annotation.CommandType,/org.springframework.stereotype.Service,/org.springframework.boot.autoconfigure.condition.ConditionalOnMissingBean,/org.mapstruct.Named,/jakarta.ws.rs.core.Context,/jakarta.ws.rs.Consumes,/jakarta.ws.rs.PathParam,/jakarta.persistence.Converter,/jakarta.persistence.OneToOne,/org.springframework.context.annotation.Configuration,/jakarta.annotation.PostConstruct,/org.springframework.cache.annotation.Cacheable,/org.springframework.data.repository.query.Param,/org.springframework.context.annotation.Conditional,/jakarta.persistence.Table,/org.springframework.stereotype.Repository,/org.springframework.cache.annotation.CacheEvict,/jakarta.persistence.ManyToOne,/jakarta.ws.rs.Path,/jakarta.ws.rs.Produces,/jakarta.ws.rs.PUT,/jakarta.ws.rs.ext.Provider,/io.swagger.v3.oas.annotations.parameters.RequestBody,/io.swagger.v3.oas.annotations.Operation,/org.mapstruct.Mapping,/org.springframework.lang.NonNull,/jakarta.transaction.Transactional,/jakarta.ws.rs.POST
warning: No processor claimed any of these annotations: java.compiler/javax.annotation.processing.Generated,/org.springframework.beans.factory.annotation.Autowired,/org.springframework.stereotype.Component
2 warnings

> Task :fineract-investor:classes
> Task :fineract-investor:jar

> Task :fineract-progressive-loan:compileJava
warning: No processor claimed any of these annotations: /io.swagger.v3.oas.annotations.Parameter,/org.mapstruct.Mapper,/jakarta.validation.constraints.NotNull,/jakarta.ws.rs.GET,/jakarta.persistence.Entity,/org.springframework.data.jpa.repository.Query,/io.swagger.v3.oas.annotations.tags.Tag,/org.springframework.stereotype.Component,/jakarta.annotation.Nonnull,/org.springframework.transaction.annotation.Transactional,/org.springframework.context.annotation.Bean,/jakarta.persistence.Column,/jakarta.persistence.JoinColumn,/org.apache.fineract.commands.annotation.CommandType,/jakarta.persistence.Version,/org.springframework.stereotype.Service,/org.springframework.boot.autoconfigure.condition.ConditionalOnMissingBean,/jakarta.ws.rs.core.Context,/jakarta.ws.rs.Consumes,/jakarta.ws.rs.PathParam,/jakarta.persistence.OneToOne,/edu.umd.cs.findbugs.annotations.SuppressFBWarnings,/org.springframework.context.annotation.Configuration,/jakarta.annotation.PostConstruct,/org.springframework.data.repository.query.Param,/jakarta.persistence.Table,/org.springframework.stereotype.Repository,/org.springframework.context.annotation.Conditional,/jakarta.persistence.ManyToOne,/jakarta.ws.rs.Path,/jakarta.ws.rs.Produces,/org.springframework.context.annotation.Profile,/io.swagger.v3.oas.annotations.Operation,/org.mapstruct.Mapping,/jakarta.annotation.Nullable,/org.springframework.lang.NonNull,/jakarta.transaction.Transactional,/org.springframework.beans.factory.annotation.Autowired,/jakarta.ws.rs.POST,/org.apache.fineract.infrastructure.core.serialization.gson.JsonExclude
warning: No processor claimed any of these annotations: java.compiler/javax.annotation.processing.Generated,/org.springframework.stereotype.Component
/home/linxford/Projects/edenbank/fineract/fineract-progressive-loan/src/main/java/org/apache/fineract/portfolio/loanaccount/service/InterestScheduleModelRepositoryWrapperImpl.java:78: warning: [unchecked] unchecked conversion
        return progressiveLoanModel[0];
                                   ^
  required: Optional<ProgressiveLoanModel>
  found:    Optional
/home/linxford/Projects/edenbank/fineract/fineract-progressive-loan/src/main/java/org/apache/fineract/portfolio/loanaccount/service/ProgressiveLoanInterestScheduleModelParserServiceGsonImpl.java:49: warning: [removal] MoneySerializer in org.apache.fineract.organisation.monetary.serialization has been deprecated and marked for removal
                .setNumberToNumberStrategy(ToNumberPolicy.BIG_DECIMAL).registerTypeAdapter(Money.class, new MoneySerializer())
                                                                                                            ^
/home/linxford/Projects/edenbank/fineract/fineract-progressive-loan/src/main/java/org/apache/fineract/portfolio/loanaccount/service/ProgressiveLoanInterestScheduleModelParserServiceGsonImpl.java:61: warning: [removal] MoneyDeserializer in org.apache.fineract.organisation.monetary.serialization has been deprecated and marked for removal
                .registerTypeAdapter(Money.class, new MoneyDeserializer(ctx.getMc(), ctx.getCurrency()))
                                                      ^
5 warnings

> Task :fineract-progressive-loan:classes
> Task :fineract-progressive-loan:jar

> Task :fineract-provider:compileJava
warning: No processor claimed any of these annotations: /org.springframework.context.annotation.Primary,/io.swagger.v3.oas.annotations.Parameter,/org.springframework.core.annotation.Order,/org.springframework.scheduling.annotation.Async,/org.mapstruct.Mapper,/jakarta.validation.constraints.NotNull,/io.swagger.v3.oas.annotations.responses.ApiResponses,/jakarta.persistence.PersistenceContext,/org.springframework.boot.context.properties.ConfigurationProperties,/jakarta.persistence.Entity,/retrofit2.http.Body,/org.springframework.context.annotation.Scope,/org.springframework.beans.factory.annotation.Value,/jakarta.validation.Valid,/org.springframework.stereotype.Component,/org.springframework.boot.context.properties.EnableConfigurationProperties,/org.springframework.cache.annotation.CachePut,/org.springframework.transaction.annotation.Transactional,/io.swagger.v3.oas.annotations.media.Schema,/retrofit2.http.FormUrlEncoded,/org.springframework.context.annotation.Bean,/jakarta.persistence.Column,/jakarta.persistence.Basic,/org.springframework.transaction.annotation.EnableTransactionManagement,/org.springframework.context.annotation.Import,/jakarta.persistence.JoinColumn,/jakarta.persistence.Enumerated,/jakarta.persistence.ManyToMany,/org.springframework.batch.core.annotation.OnWriteError,/org.springframework.web.bind.annotation.RequestParam,/jakarta.persistence.Version,/io.swagger.v3.oas.annotations.responses.ApiResponse,/org.springframework.boot.autoconfigure.condition.ConditionalOnMissingBean,/org.mapstruct.Named,/com.fasterxml.jackson.annotation.JsonIgnore,/jakarta.persistence.Converter,/jakarta.persistence.Temporal,/com.google.gson.annotations.SerializedName,/org.springframework.context.annotation.DependsOn,/jakarta.persistence.DiscriminatorValue,/org.glassfish.jersey.media.multipart.FormDataParam,/jakarta.persistence.Id,/jakarta.persistence.OrderBy,/org.springframework.context.annotation.Conditional,/org.springframework.boot.autoconfigure.condition.ConditionalOnProperty,/jakarta.persistence.Embeddable,/com.fasterxml.jackson.annotation.JsonProperty,/org.springframework.batch.core.configuration.annotation.JobScope,/jakarta.ws.rs.Path,/retrofit2.http.Header,/jakarta.ws.rs.PUT,/jakarta.ws.rs.ext.Provider,/org.springframework.messaging.handler.annotation.Payload,/org.springframework.security.config.annotation.web.configuration.EnableWebSecurity,/org.springframework.data.jpa.repository.Modifying,/io.swagger.v3.oas.annotations.parameters.RequestBody,/org.springframework.context.annotation.Lazy,/org.springframework.web.bind.annotation.RequestBody,/org.springframework.batch.core.annotation.OnSkipInWrite,/org.mapstruct.Mapping,/jakarta.annotation.Nullable,/org.springframework.batch.core.annotation.AfterStep,/org.springframework.scheduling.annotation.EnableAsync,/io.github.resilience4j.retry.annotation.Retry,/org.springframework.lang.NonNull,/org.springframework.security.config.annotation.method.configuration.EnableMethodSecurity,/org.springframework.boot.autoconfigure.condition.ConditionalOnBean,/com.fasterxml.jackson.databind.annotation.JsonDeserialize,/org.springframework.beans.factory.annotation.Autowired,/jakarta.ws.rs.DELETE,java.desktop/java.beans.Transient,/jakarta.validation.constraints.NotNull.List,/org.springframework.cache.annotation.Caching,/jakarta.persistence.EmbeddedId,/org.springframework.data.jpa.repository.config.EnableJpaRepositories,/jakarta.ws.rs.QueryParam,/jakarta.ws.rs.GET,/org.springframework.data.jpa.repository.Query,/jakarta.ws.rs.HeaderParam,/jakarta.ws.rs.ApplicationPath,/org.mapstruct.Mappings,/io.swagger.v3.oas.annotations.tags.Tag,/org.springframework.batch.integration.config.annotation.EnableBatchIntegration,/jakarta.ws.rs.DefaultValue,/com.fasterxml.jackson.annotation.JsonTypeInfo,/jakarta.persistence.JoinTable,/org.springframework.kafka.annotation.KafkaListener,/org.springframework.batch.core.annotation.OnSkipInRead,/org.springframework.beans.factory.annotation.Qualifier,/org.springframework.batch.core.configuration.annotation.EnableBatchProcessing,/org.apache.fineract.commands.annotation.CommandType,/org.springframework.stereotype.Service,/jakarta.validation.constraints.NotEmpty,/org.springframework.data.jpa.repository.config.EnableJpaAuditing,/org.apache.fineract.infrastructure.core.jersey.serializer.legacy.JsonLocalDateArrayFormat,/org.springframework.data.jpa.repository.Lock,/jakarta.ws.rs.core.Context,/jakarta.validation.constraints.Size,/jakarta.ws.rs.Consumes,/jakarta.ws.rs.PathParam,/jakarta.persistence.OneToOne,/edu.umd.cs.findbugs.annotations.SuppressFBWarnings,/org.springframework.context.annotation.Configuration,/org.jetbrains.annotations.NotNull,/jakarta.persistence.Transient,/jakarta.annotation.PostConstruct,/org.springframework.cache.annotation.Cacheable,/com.fasterxml.jackson.databind.annotation.JsonSerialize,/jakarta.persistence.OneToMany,/org.springframework.data.repository.query.Param,/org.springframework.security.core.Transient,/org.springframework.context.annotation.ComponentScan,/org.springframework.integration.annotation.IntegrationComponentScan,/jakarta.persistence.Table,/org.springframework.stereotype.Repository,/org.springframework.batch.core.annotation.OnReadError,/jakarta.persistence.Embedded,/org.springframework.cache.annotation.CacheEvict,/jakarta.persistence.ManyToOne,/retrofit2.http.POST,/org.apache.fineract.infrastructure.core.api.jersey.Pagination,/com.fasterxml.jackson.annotation.JsonInclude,/org.springframework.batch.core.annotation.BeforeStep,/org.springframework.batch.core.annotation.OnProcessError,/org.springframework.boot.autoconfigure.EnableAutoConfiguration,/jakarta.ws.rs.Produces,/org.springframework.context.annotation.Profile,/retrofit2.http.FieldMap,/org.springframework.batch.core.annotation.OnSkipInProcess,/io.swagger.v3.oas.annotations.Operation,/org.springframework.cache.annotation.CacheConfig,/io.swagger.v3.oas.annotations.Parameters,/jakarta.ws.rs.BeanParam,/org.apache.fineract.infrastructure.report.annotation.ReportService,/org.springframework.boot.autoconfigure.condition.ConditionalOnExpression,/jakarta.transaction.Transactional,/org.jetbrains.annotations.Nullable,/org.springframework.batch.core.configuration.annotation.StepScope,/jakarta.ws.rs.POST,/retrofit2.http.GET
warning: No processor claimed any of these annotations: java.compiler/javax.annotation.processing.Generated,/org.springframework.beans.factory.annotation.Autowired,/org.springframework.stereotype.Component
/home/linxford/Projects/edenbank/fineract/fineract-provider/src/main/java/org/apache/fineract/cob/COBBusinessStepServiceImpl.java:103: warning: [unchecked] unchecked cast
            COBBusinessStep<S> businessStepBean = (COBBusinessStep<S>) applicationContext.getBean(businessStep);
                                                                                                 ^
  required: COBBusinessStep<S>
  found:    Object
  where S,T are type-variables:
    S extends AbstractPersistableCustom<Long> declared in method <T,S>getCOBBusinessSteps(Class<T>,String)
    T extends COBBusinessStep<S> declared in method <T,S>getCOBBusinessSteps(Class<T>,String)
/home/linxford/Projects/edenbank/fineract/fineract-provider/src/main/java/org/apache/fineract/infrastructure/bulkimport/populator/fixeddeposits/FixedDepositTransactionWorkbookPopulator.java:108: warning: [deprecation] setCellType(CellType) in Cell has been deprecated
                cell.setCellType(CellType.STRING);
                    ^
/home/linxford/Projects/edenbank/fineract/fineract-provider/src/main/java/org/apache/fineract/infrastructure/bulkimport/populator/recurringdeposit/RecurringDepositTransactionWorkbookPopulator.java:109: warning: [deprecation] setCellType(CellType) in Cell has been deprecated
                cell.setCellType(CellType.STRING);
                    ^
/home/linxford/Projects/edenbank/fineract/fineract-provider/src/main/java/org/apache/fineract/infrastructure/bulkimport/populator/savings/SavingsTransactionsWorkbookPopulator.java:108: warning: [deprecation] setCellType(CellType) in Cell has been deprecated
                cell.setCellType(CellType.STRING);
                    ^
/home/linxford/Projects/edenbank/fineract/fineract-provider/src/main/java/org/apache/fineract/infrastructure/bulkimport/service/BulkImportWorkbookPopulatorServiceImpl.java:399: warning: [cast] redundant cast to List<CurrencyData>
        List<CurrencyData> currencies = (List<CurrencyData>) this.currencyReadPlatformService.retrieveAllPlatformCurrencies();
                                        ^
/home/linxford/Projects/edenbank/fineract/fineract-provider/src/main/java/org/apache/fineract/infrastructure/bulkimport/service/BulkImportWorkbookPopulatorServiceImpl.java:404: warning: [cast] redundant cast to List<PaymentTypeData>
        List<PaymentTypeData> paymentTypeData = (List<PaymentTypeData>) this.paymentTypeReadPlatformService.retrieveAllPaymentTypes();
                                                ^
/home/linxford/Projects/edenbank/fineract/fineract-provider/src/main/java/org/apache/fineract/infrastructure/bulkimport/service/BulkImportWorkbookPopulatorServiceImpl.java:409: warning: [cast] redundant cast to List<FundData>
        List<FundData> funds = (List<FundData>) this.fundReadPlatformService.retrieveAllFunds();
                               ^
/home/linxford/Projects/edenbank/fineract/fineract-provider/src/main/java/org/apache/fineract/infrastructure/bulkimport/service/BulkImportWorkbookPopulatorServiceImpl.java:512: warning: [cast] redundant cast to List<CurrencyData>
                (List<CurrencyData>) this.currencyReadPlatformService.retrieveAllowedCurrencies());
                ^
/home/linxford/Projects/edenbank/fineract/fineract-provider/src/main/java/org/apache/fineract/infrastructure/bulkimport/service/BulkImportWorkbookPopulatorServiceImpl.java:534: warning: [cast] redundant cast to List<ChargeData>
        List<ChargeData> chargesForShares = (List<ChargeData>) chargeReadPlatformService.retrieveSharesApplicableCharges();
                                            ^
/home/linxford/Projects/edenbank/fineract/fineract-provider/src/main/java/org/apache/fineract/infrastructure/core/auditing/CustomAuditingHandler.java:56: warning: [dep-ann] deprecated item is not annotated with @Deprecated
    public CustomAuditingHandler(MappingContext<? extends PersistentEntity<?, ?>, ? extends PersistentProperty<?>> mappingContext,
           ^
/home/linxford/Projects/edenbank/fineract/fineract-provider/src/main/java/org/apache/fineract/infrastructure/security/vote/SelfServiceUserAuthorizationManager.java:31: warning: [deprecation] check(Supplier<Authentication>,T) in AuthorizationManager has been deprecated
    public AuthorizationDecision check(Supplier<Authentication> authentication, RequestAuthorizationContext fi) {
                                 ^
  where T is a type-variable:
    T extends Object declared in interface AuthorizationManager
/home/linxford/Projects/edenbank/fineract/fineract-provider/src/main/java/org/apache/fineract/infrastructure/core/config/OAuth2SecurityConfig.java:125: warning: [unchecked] unchecked method invocation: method allOf in class AuthorizationManagers is applied to given types
                            .access(allOf(authorizationManagers.toArray(new AuthorizationManager[0]))); //
                                         ^
  required: AuthorizationManager<T>[]
  found:    AuthorizationManager[]
  where T is a type-variable:
    T extends Object declared in method <T>allOf(AuthorizationManager<T>...)
/home/linxford/Projects/edenbank/fineract/fineract-provider/src/main/java/org/apache/fineract/infrastructure/core/config/OAuth2SecurityConfig.java:125: warning: [unchecked] unchecked conversion
                            .access(allOf(authorizationManagers.toArray(new AuthorizationManager[0]))); //
                                                                       ^
  required: AuthorizationManager<T>[]
  found:    AuthorizationManager[]
  where T is a type-variable:
    T extends Object declared in method <T>allOf(AuthorizationManager<T>...)
/home/linxford/Projects/edenbank/fineract/fineract-provider/src/main/java/org/apache/fineract/infrastructure/core/config/OAuth2SecurityConfig.java:125: warning: [unchecked] unchecked method invocation: method access in class AuthorizeHttpRequestsConfigurer.AuthorizedUrl is applied to given types
                            .access(allOf(authorizationManagers.toArray(new AuthorizationManager[0]))); //
                                   ^
  required: AuthorizationManager<RequestAuthorizationContext>
  found:    AuthorizationManager
/home/linxford/Projects/edenbank/fineract/fineract-provider/src/main/java/org/apache/fineract/infrastructure/core/config/OAuth2SecurityConfig.java:125: warning: [unchecked] unchecked conversion
                            .access(allOf(authorizationManagers.toArray(new AuthorizationManager[0]))); //
                                         ^
  required: AuthorizationManager<RequestAuthorizationContext>
  found:    AuthorizationManager
/home/linxford/Projects/edenbank/fineract/fineract-provider/src/main/java/org/apache/fineract/infrastructure/security/data/PlatformRequestLog.java:56: warning: [deprecation] getStartTime() in StopWatch has been deprecated
        return new PlatformRequestLog().setStartTime(task.getStartTime()).setTotalTime(task.getTime()).setMethod(request.getMethod())
                                                         ^
/home/linxford/Projects/edenbank/fineract/fineract-provider/src/main/java/org/apache/fineract/infrastructure/security/data/PlatformRequestLog.java:56: warning: [deprecation] getTime() in StopWatch has been deprecated
        return new PlatformRequestLog().setStartTime(task.getStartTime()).setTotalTime(task.getTime()).setMethod(request.getMethod())
                                                                                           ^
/home/linxford/Projects/edenbank/fineract/fineract-provider/src/main/java/org/apache/fineract/infrastructure/core/config/SecurityConfig.java:159: warning: [unchecked] unchecked method invocation: method allOf in class AuthorizationManagers is applied to given types
                            .access(allOf(authorizationManagers.toArray(new AuthorizationManager[0]))); //
                                         ^
  required: AuthorizationManager<T>[]
  found:    AuthorizationManager[]
  where T is a type-variable:
    T extends Object declared in method <T>allOf(AuthorizationManager<T>...)
/home/linxford/Projects/edenbank/fineract/fineract-provider/src/main/java/org/apache/fineract/infrastructure/core/config/SecurityConfig.java:159: warning: [unchecked] unchecked conversion
                            .access(allOf(authorizationManagers.toArray(new AuthorizationManager[0]))); //
                                                                       ^
  required: AuthorizationManager<T>[]
  found:    AuthorizationManager[]
  where T is a type-variable:
    T extends Object declared in method <T>allOf(AuthorizationManager<T>...)
/home/linxford/Projects/edenbank/fineract/fineract-provider/src/main/java/org/apache/fineract/infrastructure/core/config/SecurityConfig.java:159: warning: [unchecked] unchecked method invocation: method access in class AuthorizeHttpRequestsConfigurer.AuthorizedUrl is applied to given types
                            .access(allOf(authorizationManagers.toArray(new AuthorizationManager[0]))); //
                                   ^
  required: AuthorizationManager<RequestAuthorizationContext>
  found:    AuthorizationManager
/home/linxford/Projects/edenbank/fineract/fineract-provider/src/main/java/org/apache/fineract/infrastructure/core/config/SecurityConfig.java:159: warning: [unchecked] unchecked conversion
                            .access(allOf(authorizationManagers.toArray(new AuthorizationManager[0]))); //
                                         ^
  required: AuthorizationManager<RequestAuthorizationContext>
  found:    AuthorizationManager
/home/linxford/Projects/edenbank/fineract/fineract-provider/src/main/java/org/apache/fineract/infrastructure/core/jersey/serializer/JacksonLocalDateBeanSerializerModifier.java:54: warning: [deprecation] getPropertyType() in BeanPropertyWriter has been deprecated
            if (LocalDate.class.equals(writer.getPropertyType())) {
                                             ^
/home/linxford/Projects/edenbank/fineract/fineract-provider/src/main/java/org/apache/fineract/infrastructure/core/service/migration/TenantDatabaseUpgradeService.java:91: warning: [deprecation] ThreadLocalScopeManager in liquibase has been deprecated
            Scope.setScopeManager(new ThreadLocalScopeManager());
                                      ^
/home/linxford/Projects/edenbank/fineract/fineract-provider/src/main/java/org/apache/fineract/infrastructure/dataqueries/api/DatatablesApiResourceSwagger.java:60: warning: [deprecation] required() in Schema has been deprecated
            @Schema(required = true, example = "DOB")
                    ^
/home/linxford/Projects/edenbank/fineract/fineract-provider/src/main/java/org/apache/fineract/infrastructure/dataqueries/api/DatatablesApiResourceSwagger.java:60: warning: [deprecation] required() in Schema has been deprecated
            @Schema(required = true, example = "DOB")
                    ^
/home/linxford/Projects/edenbank/fineract/fineract-provider/src/main/java/org/apache/fineract/infrastructure/dataqueries/api/DatatablesApiResourceSwagger.java:60: warning: [deprecation] required() in Schema has been deprecated
            @Schema(required = true, example = "DOB")
                    ^
/home/linxford/Projects/edenbank/fineract/fineract-provider/src/main/java/org/apache/fineract/infrastructure/dataqueries/api/DatatablesApiResourceSwagger.java:60: warning: [deprecation] required() in Schema has been deprecated
            @Schema(required = true, example = "DOB")
                    ^
/home/linxford/Projects/edenbank/fineract/fineract-provider/src/main/java/org/apache/fineract/infrastructure/dataqueries/api/DatatablesApiResourceSwagger.java:60: warning: [deprecation] required() in Schema has been deprecated
            @Schema(required = true, example = "DOB")
                    ^
/home/linxford/Projects/edenbank/fineract/fineract-provider/src/main/java/org/apache/fineract/infrastructure/dataqueries/api/DatatablesApiResourceSwagger.java:60: warning: [deprecation] required() in Schema has been deprecated
            @Schema(required = true, example = "DOB")
                    ^
/home/linxford/Projects/edenbank/fineract/fineract-provider/src/main/java/org/apache/fineract/infrastructure/dataqueries/api/DatatablesApiResourceSwagger.java:60: warning: [deprecation] required() in Schema has been deprecated
            @Schema(required = true, example = "DOB")
                    ^
/home/linxford/Projects/edenbank/fineract/fineract-provider/src/main/java/org/apache/fineract/infrastructure/dataqueries/api/DatatablesApiResourceSwagger.java:62: warning: [deprecation] required() in Schema has been deprecated
            @Schema(required = true, example = "String", description = "Any of them: Boolean | Date | DateTime | Decimal | Dropdown | Number | String | Text")
                    ^
/home/linxford/Projects/edenbank/fineract/fineract-provider/src/main/java/org/apache/fineract/infrastructure/dataqueries/api/DatatablesApiResourceSwagger.java:62: warning: [deprecation] required() in Schema has been deprecated
            @Schema(required = true, example = "String", description = "Any of them: Boolean | Date | DateTime | Decimal | Dropdown | Number | String | Text")
                    ^
/home/linxford/Projects/edenbank/fineract/fineract-provider/src/main/java/org/apache/fineract/infrastructure/dataqueries/api/DatatablesApiResourceSwagger.java:62: warning: [deprecation] required() in Schema has been deprecated
            @Schema(required = true, example = "String", description = "Any of them: Boolean | Date | DateTime | Decimal | Dropdown | Number | String | Text")
                    ^
/home/linxford/Projects/edenbank/fineract/fineract-provider/src/main/java/org/apache/fineract/infrastructure/dataqueries/api/DatatablesApiResourceSwagger.java:62: warning: [deprecation] required() in Schema has been deprecated
            @Schema(required = true, example = "String", description = "Any of them: Boolean | Date | DateTime | Decimal | Dropdown | Number | String | Text")
                    ^
/home/linxford/Projects/edenbank/fineract/fineract-provider/src/main/java/org/apache/fineract/infrastructure/dataqueries/api/DatatablesApiResourceSwagger.java:62: warning: [deprecation] required() in Schema has been deprecated
            @Schema(required = true, example = "String", description = "Any of them: Boolean | Date | DateTime | Decimal | Dropdown | Number | String | Text")
                    ^
/home/linxford/Projects/edenbank/fineract/fineract-provider/src/main/java/org/apache/fineract/infrastructure/dataqueries/api/DatatablesApiResourceSwagger.java:62: warning: [deprecation] required() in Schema has been deprecated
            @Schema(required = true, example = "String", description = "Any of them: Boolean | Date | DateTime | Decimal | Dropdown | Number | String | Text")
                    ^
/home/linxford/Projects/edenbank/fineract/fineract-provider/src/main/java/org/apache/fineract/infrastructure/dataqueries/api/DatatablesApiResourceSwagger.java:62: warning: [deprecation] required() in Schema has been deprecated
            @Schema(required = true, example = "String", description = "Any of them: Boolean | Date | DateTime | Decimal | Dropdown | Number | String | Text")
                    ^
/home/linxford/Projects/edenbank/fineract/fineract-provider/src/main/java/org/apache/fineract/infrastructure/dataqueries/api/DatatablesApiResourceSwagger.java:76: warning: [deprecation] required() in Schema has been deprecated
        @Schema(required = true, example = "m_client")
                ^
/home/linxford/Projects/edenbank/fineract/fineract-provider/src/main/java/org/apache/fineract/infrastructure/dataqueries/api/DatatablesApiResourceSwagger.java:76: warning: [deprecation] required() in Schema has been deprecated
        @Schema(required = true, example = "m_client")
                ^
/home/linxford/Projects/edenbank/fineract/fineract-provider/src/main/java/org/apache/fineract/infrastructure/dataqueries/api/DatatablesApiResourceSwagger.java:76: warning: [deprecation] required() in Schema has been deprecated
        @Schema(required = true, example = "m_client")
                ^
/home/linxford/Projects/edenbank/fineract/fineract-provider/src/main/java/org/apache/fineract/infrastructure/dataqueries/api/DatatablesApiResourceSwagger.java:76: warning: [deprecation] required() in Schema has been deprecated
        @Schema(required = true, example = "m_client")
                ^
/home/linxford/Projects/edenbank/fineract/fineract-provider/src/main/java/org/apache/fineract/infrastructure/dataqueries/api/DatatablesApiResourceSwagger.java:76: warning: [deprecation] required() in Schema has been deprecated
        @Schema(required = true, example = "m_client")
                ^
/home/linxford/Projects/edenbank/fineract/fineract-provider/src/main/java/org/apache/fineract/infrastructure/dataqueries/api/DatatablesApiResourceSwagger.java:76: warning: [deprecation] required() in Schema has been deprecated
        @Schema(required = true, example = "m_client")
                ^
/home/linxford/Projects/edenbank/fineract/fineract-provider/src/main/java/org/apache/fineract/infrastructure/dataqueries/api/DatatablesApiResourceSwagger.java:76: warning: [deprecation] required() in Schema has been deprecated
        @Schema(required = true, example = "m_client")
                ^
/home/linxford/Projects/edenbank/fineract/fineract-provider/src/main/java/org/apache/fineract/infrastructure/dataqueries/api/DatatablesApiResourceSwagger.java:78: warning: [deprecation] required() in Schema has been deprecated
        @Schema(required = true, example = "extra_client_details")
                ^
/home/linxford/Projects/edenbank/fineract/fineract-provider/src/main/java/org/apache/fineract/infrastructure/dataqueries/api/DatatablesApiResourceSwagger.java:78: warning: [deprecation] required() in Schema has been deprecated
        @Schema(required = true, example = "extra_client_details")
                ^
/home/linxford/Projects/edenbank/fineract/fineract-provider/src/main/java/org/apache/fineract/infrastructure/dataqueries/api/DatatablesApiResourceSwagger.java:78: warning: [deprecation] required() in Schema has been deprecated
        @Schema(required = true, example = "extra_client_details")
                ^
/home/linxford/Projects/edenbank/fineract/fineract-provider/src/main/java/org/apache/fineract/infrastructure/dataqueries/api/DatatablesApiResourceSwagger.java:78: warning: [deprecation] required() in Schema has been deprecated
        @Schema(required = true, example = "extra_client_details")
                ^
/home/linxford/Projects/edenbank/fineract/fineract-provider/src/main/java/org/apache/fineract/infrastructure/dataqueries/api/DatatablesApiResourceSwagger.java:78: warning: [deprecation] required() in Schema has been deprecated
        @Schema(required = true, example = "extra_client_details")
                ^
/home/linxford/Projects/edenbank/fineract/fineract-provider/src/main/java/org/apache/fineract/infrastructure/dataqueries/api/DatatablesApiResourceSwagger.java:78: warning: [deprecation] required() in Schema has been deprecated
        @Schema(required = true, example = "extra_client_details")
                ^
/home/linxford/Projects/edenbank/fineract/fineract-provider/src/main/java/org/apache/fineract/infrastructure/dataqueries/api/DatatablesApiResourceSwagger.java:78: warning: [deprecation] required() in Schema has been deprecated
        @Schema(required = true, example = "extra_client_details")
                ^
/home/linxford/Projects/edenbank/fineract/fineract-provider/src/main/java/org/apache/fineract/infrastructure/dataqueries/api/DatatablesApiResourceSwagger.java:82: warning: [deprecation] required() in Schema has been deprecated
        @Schema(required = false, description = "Allows to create multiple entries in the Data Table. Optional, defaults to false. If this property is not provided Data Table will allow only one entry.", example = "true")
                ^
/home/linxford/Projects/edenbank/fineract/fineract-provider/src/main/java/org/apache/fineract/infrastructure/dataqueries/api/DatatablesApiResourceSwagger.java:82: warning: [deprecation] required() in Schema has been deprecated
        @Schema(required = false, description = "Allows to create multiple entries in the Data Table. Optional, defaults to false. If this property is not provided Data Table will allow only one entry.", example = "true")
                ^
/home/linxford/Projects/edenbank/fineract/fineract-provider/src/main/java/org/apache/fineract/infrastructure/dataqueries/api/DatatablesApiResourceSwagger.java:82: warning: [deprecation] required() in Schema has been deprecated
        @Schema(required = false, description = "Allows to create multiple entries in the Data Table. Optional, defaults to false. If this property is not provided Data Table will allow only one entry.", example = "true")
                ^
/home/linxford/Projects/edenbank/fineract/fineract-provider/src/main/java/org/apache/fineract/infrastructure/dataqueries/api/DatatablesApiResourceSwagger.java:82: warning: [deprecation] required() in Schema has been deprecated
        @Schema(required = false, description = "Allows to create multiple entries in the Data Table. Optional, defaults to false. If this property is not provided Data Table will allow only one entry.", example = "true")
                ^
/home/linxford/Projects/edenbank/fineract/fineract-provider/src/main/java/org/apache/fineract/infrastructure/dataqueries/api/DatatablesApiResourceSwagger.java:82: warning: [deprecation] required() in Schema has been deprecated
        @Schema(required = false, description = "Allows to create multiple entries in the Data Table. Optional, defaults to false. If this property is not provided Data Table will allow only one entry.", example = "true")
                ^
/home/linxford/Projects/edenbank/fineract/fineract-provider/src/main/java/org/apache/fineract/infrastructure/dataqueries/api/DatatablesApiResourceSwagger.java:82: warning: [deprecation] required() in Schema has been deprecated
        @Schema(required = false, description = "Allows to create multiple entries in the Data Table. Optional, defaults to false. If this property is not provided Data Table will allow only one entry.", example = "true")
                ^
/home/linxford/Projects/edenbank/fineract/fineract-provider/src/main/java/org/apache/fineract/infrastructure/dataqueries/api/DatatablesApiResourceSwagger.java:82: warning: [deprecation] required() in Schema has been deprecated
        @Schema(required = false, description = "Allows to create multiple entries in the Data Table. Optional, defaults to false. If this property is not provided Data Table will allow only one entry.", example = "true")
                ^
/home/linxford/Projects/edenbank/fineract/fineract-provider/src/main/java/org/apache/fineract/infrastructure/dataqueries/api/DatatablesApiResourceSwagger.java:84: warning: [deprecation] required() in Schema has been deprecated
        @Schema(required = true)
                ^
/home/linxford/Projects/edenbank/fineract/fineract-provider/src/main/java/org/apache/fineract/infrastructure/dataqueries/api/DatatablesApiResourceSwagger.java:84: warning: [deprecation] required() in Schema has been deprecated
        @Schema(required = true)
                ^
/home/linxford/Projects/edenbank/fineract/fineract-provider/src/main/java/org/apache/fineract/infrastructure/dataqueries/api/DatatablesApiResourceSwagger.java:84: warning: [deprecation] required() in Schema has been deprecated
        @Schema(required = true)
                ^
/home/linxford/Projects/edenbank/fineract/fineract-provider/src/main/java/org/apache/fineract/infrastructure/dataqueries/api/DatatablesApiResourceSwagger.java:84: warning: [deprecation] required() in Schema has been deprecated
        @Schema(required = true)
                ^
/home/linxford/Projects/edenbank/fineract/fineract-provider/src/main/java/org/apache/fineract/infrastructure/dataqueries/api/DatatablesApiResourceSwagger.java:84: warning: [deprecation] required() in Schema has been deprecated
        @Schema(required = true)
                ^
/home/linxford/Projects/edenbank/fineract/fineract-provider/src/main/java/org/apache/fineract/infrastructure/dataqueries/api/DatatablesApiResourceSwagger.java:84: warning: [deprecation] required() in Schema has been deprecated
        @Schema(required = true)
                ^
/home/linxford/Projects/edenbank/fineract/fineract-provider/src/main/java/org/apache/fineract/infrastructure/dataqueries/api/DatatablesApiResourceSwagger.java:84: warning: [deprecation] required() in Schema has been deprecated
        @Schema(required = true)
                ^
/home/linxford/Projects/edenbank/fineract/fineract-provider/src/main/java/org/apache/fineract/infrastructure/gcm/domain/Sender.java:708: warning: [deprecation] URL(String) in URL has been deprecated
        HttpURLConnection conn = (HttpURLConnection) new URL(url).openConnection();
                                                     ^
/home/linxford/Projects/edenbank/fineract/fineract-provider/src/main/java/org/apache/fineract/template/service/TemplateMergeService.java:165: warning: [deprecation] URL(String) in URL has been deprecated
            connection = (HttpURLConnection) new URL(url).openConnection();
                                             ^
/home/linxford/Projects/edenbank/fineract/fineract-provider/src/main/java/org/apache/fineract/infrastructure/instancemode/api/InstanceModeApiResourceSwagger.java:32: warning: [deprecation] required() in Schema has been deprecated
        @Schema(required = true, example = "true")
                ^
/home/linxford/Projects/edenbank/fineract/fineract-provider/src/main/java/org/apache/fineract/infrastructure/instancemode/api/InstanceModeApiResourceSwagger.java:32: warning: [deprecation] required() in Schema has been deprecated
        @Schema(required = true, example = "true")
                ^
/home/linxford/Projects/edenbank/fineract/fineract-provider/src/main/java/org/apache/fineract/infrastructure/instancemode/api/InstanceModeApiResourceSwagger.java:32: warning: [deprecation] required() in Schema has been deprecated
        @Schema(required = true, example = "true")
                ^
/home/linxford/Projects/edenbank/fineract/fineract-provider/src/main/java/org/apache/fineract/infrastructure/instancemode/api/InstanceModeApiResourceSwagger.java:32: warning: [deprecation] required() in Schema has been deprecated
        @Schema(required = true, example = "true")
                ^
/home/linxford/Projects/edenbank/fineract/fineract-provider/src/main/java/org/apache/fineract/infrastructure/instancemode/api/InstanceModeApiResourceSwagger.java:32: warning: [deprecation] required() in Schema has been deprecated
        @Schema(required = true, example = "true")
                ^
/home/linxford/Projects/edenbank/fineract/fineract-provider/src/main/java/org/apache/fineract/infrastructure/instancemode/api/InstanceModeApiResourceSwagger.java:32: warning: [deprecation] required() in Schema has been deprecated
        @Schema(required = true, example = "true")
                ^
/home/linxford/Projects/edenbank/fineract/fineract-provider/src/main/java/org/apache/fineract/infrastructure/instancemode/api/InstanceModeApiResourceSwagger.java:32: warning: [deprecation] required() in Schema has been deprecated
        @Schema(required = true, example = "true")
                ^
/home/linxford/Projects/edenbank/fineract/fineract-provider/src/main/java/org/apache/fineract/infrastructure/instancemode/api/InstanceModeApiResourceSwagger.java:34: warning: [deprecation] required() in Schema has been deprecated
        @Schema(required = true, example = "true")
                ^
/home/linxford/Projects/edenbank/fineract/fineract-provider/src/main/java/org/apache/fineract/infrastructure/instancemode/api/InstanceModeApiResourceSwagger.java:34: warning: [deprecation] required() in Schema has been deprecated
        @Schema(required = true, example = "true")
                ^
/home/linxford/Projects/edenbank/fineract/fineract-provider/src/main/java/org/apache/fineract/infrastructure/instancemode/api/InstanceModeApiResourceSwagger.java:34: warning: [deprecation] required() in Schema has been deprecated
        @Schema(required = true, example = "true")
                ^
/home/linxford/Projects/edenbank/fineract/fineract-provider/src/main/java/org/apache/fineract/infrastructure/instancemode/api/InstanceModeApiResourceSwagger.java:34: warning: [deprecation] required() in Schema has been deprecated
        @Schema(required = true, example = "true")
                ^
/home/linxford/Projects/edenbank/fineract/fineract-provider/src/main/java/org/apache/fineract/infrastructure/instancemode/api/InstanceModeApiResourceSwagger.java:34: warning: [deprecation] required() in Schema has been deprecated
        @Schema(required = true, example = "true")
                ^
/home/linxford/Projects/edenbank/fineract/fineract-provider/src/main/java/org/apache/fineract/infrastructure/instancemode/api/InstanceModeApiResourceSwagger.java:34: warning: [deprecation] required() in Schema has been deprecated
        @Schema(required = true, example = "true")
                ^
/home/linxford/Projects/edenbank/fineract/fineract-provider/src/main/java/org/apache/fineract/infrastructure/instancemode/api/InstanceModeApiResourceSwagger.java:34: warning: [deprecation] required() in Schema has been deprecated
        @Schema(required = true, example = "true")
                ^
/home/linxford/Projects/edenbank/fineract/fineract-provider/src/main/java/org/apache/fineract/infrastructure/instancemode/api/InstanceModeApiResourceSwagger.java:36: warning: [deprecation] required() in Schema has been deprecated
        @Schema(required = true, example = "true")
                ^
/home/linxford/Projects/edenbank/fineract/fineract-provider/src/main/java/org/apache/fineract/infrastructure/instancemode/api/InstanceModeApiResourceSwagger.java:36: warning: [deprecation] required() in Schema has been deprecated
        @Schema(required = true, example = "true")
                ^
/home/linxford/Projects/edenbank/fineract/fineract-provider/src/main/java/org/apache/fineract/infrastructure/instancemode/api/InstanceModeApiResourceSwagger.java:36: warning: [deprecation] required() in Schema has been deprecated
        @Schema(required = true, example = "true")
                ^
/home/linxford/Projects/edenbank/fineract/fineract-provider/src/main/java/org/apache/fineract/infrastructure/instancemode/api/InstanceModeApiResourceSwagger.java:36: warning: [deprecation] required() in Schema has been deprecated
        @Schema(required = true, example = "true")
                ^
/home/linxford/Projects/edenbank/fineract/fineract-provider/src/main/java/org/apache/fineract/infrastructure/instancemode/api/InstanceModeApiResourceSwagger.java:36: warning: [deprecation] required() in Schema has been deprecated
        @Schema(required = true, example = "true")
                ^
/home/linxford/Projects/edenbank/fineract/fineract-provider/src/main/java/org/apache/fineract/infrastructure/instancemode/api/InstanceModeApiResourceSwagger.java:36: warning: [deprecation] required() in Schema has been deprecated
        @Schema(required = true, example = "true")
                ^
/home/linxford/Projects/edenbank/fineract/fineract-provider/src/main/java/org/apache/fineract/infrastructure/instancemode/api/InstanceModeApiResourceSwagger.java:36: warning: [deprecation] required() in Schema has been deprecated
        @Schema(required = true, example = "true")
                ^
/home/linxford/Projects/edenbank/fineract/fineract-provider/src/main/java/org/apache/fineract/infrastructure/instancemode/api/InstanceModeApiResourceSwagger.java:38: warning: [deprecation] required() in Schema has been deprecated
        @Schema(required = true, example = "true")
                ^
/home/linxford/Projects/edenbank/fineract/fineract-provider/src/main/java/org/apache/fineract/infrastructure/instancemode/api/InstanceModeApiResourceSwagger.java:38: warning: [deprecation] required() in Schema has been deprecated
        @Schema(required = true, example = "true")
                ^
/home/linxford/Projects/edenbank/fineract/fineract-provider/src/main/java/org/apache/fineract/infrastructure/instancemode/api/InstanceModeApiResourceSwagger.java:38: warning: [deprecation] required() in Schema has been deprecated
        @Schema(required = true, example = "true")
                ^
/home/linxford/Projects/edenbank/fineract/fineract-provider/src/main/java/org/apache/fineract/infrastructure/instancemode/api/InstanceModeApiResourceSwagger.java:38: warning: [deprecation] required() in Schema has been deprecated
        @Schema(required = true, example = "true")
                ^
/home/linxford/Projects/edenbank/fineract/fineract-provider/src/main/java/org/apache/fineract/infrastructure/instancemode/api/InstanceModeApiResourceSwagger.java:38: warning: [deprecation] required() in Schema has been deprecated
        @Schema(required = true, example = "true")
                ^
/home/linxford/Projects/edenbank/fineract/fineract-provider/src/main/java/org/apache/fineract/infrastructure/instancemode/api/InstanceModeApiResourceSwagger.java:38: warning: [deprecation] required() in Schema has been deprecated
        @Schema(required = true, example = "true")
                ^
/home/linxford/Projects/edenbank/fineract/fineract-provider/src/main/java/org/apache/fineract/infrastructure/instancemode/api/InstanceModeApiResourceSwagger.java:38: warning: [deprecation] required() in Schema has been deprecated
        @Schema(required = true, example = "true")
                ^
/home/linxford/Projects/edenbank/fineract/fineract-provider/src/main/java/org/apache/fineract/infrastructure/security/api/AuthenticationApiResourceSwagger.java:42: warning: [deprecation] required() in Schema has been deprecated
        @Schema(required = true, example = "mifos")
                ^
/home/linxford/Projects/edenbank/fineract/fineract-provider/src/main/java/org/apache/fineract/infrastructure/security/api/AuthenticationApiResourceSwagger.java:42: warning: [deprecation] required() in Schema has been deprecated
        @Schema(required = true, example = "mifos")
                ^
/home/linxford/Projects/edenbank/fineract/fineract-provider/src/main/java/org/apache/fineract/infrastructure/security/api/AuthenticationApiResourceSwagger.java:42: warning: [deprecation] required() in Schema has been deprecated
        @Schema(required = true, example = "mifos")
                ^
/home/linxford/Projects/edenbank/fineract/fineract-provider/src/main/java/org/apache/fineract/infrastructure/security/api/AuthenticationApiResourceSwagger.java:42: warning: [deprecation] required() in Schema has been deprecated
        @Schema(required = true, example = "mifos")
                ^
/home/linxford/Projects/edenbank/fineract/fineract-provider/src/main/java/org/apache/fineract/infrastructure/security/api/AuthenticationApiResourceSwagger.java:42: warning: [deprecation] required() in Schema has been deprecated
        @Schema(required = true, example = "mifos")
                ^
/home/linxford/Projects/edenbank/fineract/fineract-provider/src/main/java/org/apache/fineract/infrastructure/security/api/AuthenticationApiResourceSwagger.java:42: warning: [deprecation] required() in Schema has been deprecated
        @Schema(required = true, example = "mifos")
                ^
/home/linxford/Projects/edenbank/fineract/fineract-provider/src/main/java/org/apache/fineract/infrastructure/security/api/AuthenticationApiResourceSwagger.java:42: warning: [deprecation] required() in Schema has been deprecated
        @Schema(required = true, example = "mifos")
                ^
/home/linxford/Projects/edenbank/fineract/fineract-provider/src/main/java/org/apache/fineract/infrastructure/security/api/AuthenticationApiResourceSwagger.java:44: warning: [deprecation] required() in Schema has been deprecated
        @Schema(required = true, example = "password")
                ^
/home/linxford/Projects/edenbank/fineract/fineract-provider/src/main/java/org/apache/fineract/infrastructure/security/api/AuthenticationApiResourceSwagger.java:44: warning: [deprecation] required() in Schema has been deprecated
        @Schema(required = true, example = "password")
                ^
/home/linxford/Projects/edenbank/fineract/fineract-provider/src/main/java/org/apache/fineract/infrastructure/security/api/AuthenticationApiResourceSwagger.java:44: warning: [deprecation] required() in Schema has been deprecated
        @Schema(required = true, example = "password")
                ^
/home/linxford/Projects/edenbank/fineract/fineract-provider/src/main/java/org/apache/fineract/infrastructure/security/api/AuthenticationApiResourceSwagger.java:44: warning: [deprecation] required() in Schema has been deprecated
        @Schema(required = true, example = "password")
                ^
/home/linxford/Projects/edenbank/fineract/fineract-provider/src/main/java/org/apache/fineract/infrastructure/security/api/AuthenticationApiResourceSwagger.java:44: warning: [deprecation] required() in Schema has been deprecated
        @Schema(required = true, example = "password")
                ^
/home/linxford/Projects/edenbank/fineract/fineract-provider/src/main/java/org/apache/fineract/infrastructure/security/api/AuthenticationApiResourceSwagger.java:44: warning: [deprecation] required() in Schema has been deprecated
        @Schema(required = true, example = "password")
                ^
/home/linxford/Projects/edenbank/fineract/fineract-provider/src/main/java/org/apache/fineract/infrastructure/security/api/AuthenticationApiResourceSwagger.java:44: warning: [deprecation] required() in Schema has been deprecated
        @Schema(required = true, example = "password")
                ^
/home/linxford/Projects/edenbank/fineract/fineract-provider/src/main/java/org/apache/fineract/interoperation/handler/CreateInteropIdentifierHandler.java:53: warning: [deprecation] trimWhitespace(String) in StringUtils has been deprecated
        String subIdOrType = Strings.emptyToNull(StringUtils.trimWhitespace(split.get(length - 1)));
                                                            ^
/home/linxford/Projects/edenbank/fineract/fineract-provider/src/main/java/org/apache/fineract/interoperation/handler/DeleteInteropIdentifierHandler.java:53: warning: [deprecation] trimWhitespace(String) in StringUtils has been deprecated
        String subIdOrType = Strings.emptyToNull(StringUtils.trimWhitespace(split.get(length - 1)));
                                                            ^
/home/linxford/Projects/edenbank/fineract/fineract-provider/src/main/java/org/apache/fineract/portfolio/account/service/AccountNumberGenerator.java:185: warning: [deprecation] random(int,boolean,boolean) in RandomStringUtils has been deprecated
        String randomNumber = RandomStringUtils.random(accountMaxLength, false, true); // NOSONAR
                                               ^
/home/linxford/Projects/edenbank/fineract/fineract-provider/src/main/java/org/apache/fineract/portfolio/client/service/search/ClientSearchService.java:61: warning: [deprecation] defaultString(String,String) in StringUtils has been deprecated
        String searchText = StringUtils.defaultString(requestSearchText, "");
                                       ^
/home/linxford/Projects/edenbank/fineract/fineract-provider/src/main/java/org/apache/fineract/portfolio/loanaccount/service/LoanWritePlatformServiceJpaRepositoryImpl.java:2453: warning: [static] static method should be qualified by type name, ErrorHandler, instead of by an expression
        throw errorHandler.getMappable(t, null, null, "loan.recalculateinterest");
                          ^
/home/linxford/Projects/edenbank/fineract/fineract-provider/src/main/java/org/apache/fineract/portfolio/savings/api/FixedDepositAccountsApiResource.java:232: warning: [unchecked] unchecked call to put(K,V) as a member of the raw type HashMap
        request.put("annualInterestRate", annualInterestRate);
                   ^
  where K,V are type-variables:
    K extends Object declared in class HashMap
    V extends Object declared in class HashMap
/home/linxford/Projects/edenbank/fineract/fineract-provider/src/main/java/org/apache/fineract/portfolio/savings/api/FixedDepositAccountsApiResource.java:233: warning: [unchecked] unchecked call to put(K,V) as a member of the raw type HashMap
        request.put("tenureInMonths", tenureInMonths);
                   ^
  where K,V are type-variables:
    K extends Object declared in class HashMap
    V extends Object declared in class HashMap
/home/linxford/Projects/edenbank/fineract/fineract-provider/src/main/java/org/apache/fineract/portfolio/savings/api/FixedDepositAccountsApiResource.java:234: warning: [unchecked] unchecked call to put(K,V) as a member of the raw type HashMap
        request.put("interestCompoundingPeriodInMonths", interestCompoundingPeriodInMonths);
                   ^
  where K,V are type-variables:
    K extends Object declared in class HashMap
    V extends Object declared in class HashMap
/home/linxford/Projects/edenbank/fineract/fineract-provider/src/main/java/org/apache/fineract/portfolio/savings/api/FixedDepositAccountsApiResource.java:235: warning: [unchecked] unchecked call to put(K,V) as a member of the raw type HashMap
        request.put("interestPostingPeriodInMonths", interestPostingPeriodInMonths);
                   ^
  where K,V are type-variables:
    K extends Object declared in class HashMap
    V extends Object declared in class HashMap
/home/linxford/Projects/edenbank/fineract/fineract-provider/src/main/java/org/apache/fineract/portfolio/savings/api/FixedDepositAccountsApiResource.java:236: warning: [unchecked] unchecked call to put(K,V) as a member of the raw type HashMap
        request.put("principalAmount", principalAmount);
                   ^
  where K,V are type-variables:
    K extends Object declared in class HashMap
    V extends Object declared in class HashMap
/home/linxford/Projects/edenbank/fineract/fineract-provider/src/main/java/org/apache/fineract/portfolio/savings/service/FixedDepositAccountInterestCalculationServiceImpl.java:59: warning: [unchecked] unchecked call to put(K,V) as a member of the raw type HashMap
        result.put("maturityAmount", maturityAmount);
                  ^
  where K,V are type-variables:
    K extends Object declared in class HashMap
    V extends Object declared in class HashMap
/home/linxford/Projects/edenbank/fineract/fineract-provider/src/main/java/org/apache/fineract/portfolio/savings/service/FixedDepositAccountInterestCalculationServiceImpl.java:60: warning: [unchecked] unchecked call to put(K,V) as a member of the raw type HashMap
        result.put("warning", warning);
                  ^
  where K,V are type-variables:
    K extends Object declared in class HashMap
    V extends Object declared in class HashMap
/home/linxford/Projects/edenbank/fineract/fineract-provider/src/main/java/org/apache/fineract/portfolio/savings/service/SavingsAccountReadPlatformServiceImpl.java:1269: warning: [deprecation] <T>queryForList(String,Object[],Class<T>) in JdbcTemplate has been deprecated
            ret = this.jdbcTemplate.queryForList(sql.toString(), new Object[] { tenantLocalDate }, Long.class);
                                   ^
  where T is a type-variable:
    T extends Object declared in method <T>queryForList(String,Object[],Class<T>)
/home/linxford/Projects/edenbank/fineract/fineract-provider/src/main/java/org/apache/fineract/portfolio/savings/service/SavingsAccountReadPlatformServiceImpl.java:1293: warning: [deprecation] <T>queryForList(String,Object[],Class<T>) in JdbcTemplate has been deprecated
            ret = this.jdbcTemplate.queryForList(sql.toString(), new Object[] { tenantLocalDate }, Long.class);
                                   ^
  where T is a type-variable:
    T extends Object declared in method <T>queryForList(String,Object[],Class<T>)
/home/linxford/Projects/edenbank/fineract/fineract-provider/src/main/java/org/apache/fineract/portfolio/savings/service/SavingsAccountWritePlatformServiceJpaRepositoryImpl.java:1377: warning: [static] static method should be qualified by type name, ErrorHandler, instead of by an expression
        throw errorHandler.getMappable(t, null, null, "savings.postinterest");
                          ^
126 warnings

> Task :fineract-provider:classes

> Task :fineract-provider:compileTestJava
warning: No processor claimed any of these annotations: /org.springframework.context.annotation.Primary,/org.junit.jupiter.api.AfterAll,/org.apache.fineract.junit.context.WithTenantContext,/org.junit.jupiter.api.extension.ExtendWith,/org.springframework.context.annotation.ComponentScan,/org.springframework.test.context.TestPropertySource,/org.mockito.Mock,/org.mockito.InjectMocks,/org.springframework.boot.autoconfigure.EnableAutoConfiguration,/org.junit.jupiter.api.BeforeEach,/org.springframework.stereotype.Component,/org.springframework.boot.context.properties.EnableConfigurationProperties,/org.springframework.security.config.annotation.web.configuration.EnableWebSecurity,/org.mockito.junit.jupiter.MockitoSettings,/org.mockito.Spy,/org.springframework.context.annotation.Bean,/org.springframework.test.context.web.WebAppConfiguration,/io.cucumber.spring.CucumberContextConfiguration,/org.junit.jupiter.api.Test,/org.springframework.transaction.annotation.EnableTransactionManagement,/org.mockito.Captor,/org.apache.fineract.junit.timezone.WithSystemTimeZone,/org.junit.jupiter.api.BeforeAll,/org.junit.jupiter.api.AfterEach,/org.apache.fineract.commands.annotation.CommandType,/org.springframework.boot.test.context.SpringBootTest,/org.springframework.test.context.ContextConfiguration,/org.springframework.context.annotation.PropertySource,/edu.umd.cs.findbugs.annotations.SuppressFBWarnings,/org.springframework.lang.NonNull,/org.springframework.context.annotation.Configuration,/org.jetbrains.annotations.NotNull,/org.junit.jupiter.params.provider.MethodSource,/org.jetbrains.annotations.Nullable,/org.springframework.beans.factory.annotation.Autowired,/org.apache.fineract.junit.system.WithSystemProperty,/org.junit.jupiter.params.ParameterizedTest
/home/linxford/Projects/edenbank/fineract/fineract-provider/src/test/java/org/apache/fineract/batch/command/internal/AdjustChargeByChargeExternalIdCommandStrategyTest.java:116: warning: [deprecation] randomNumeric(int) in RandomStringUtils has been deprecated
        br.setRequestId(Long.valueOf(RandomStringUtils.randomNumeric(5)));
                                                      ^
/home/linxford/Projects/edenbank/fineract/fineract-provider/src/test/java/org/apache/fineract/batch/command/internal/AdjustChargeByChargeExternalIdCommandStrategyTest.java:122: warning: [deprecation] randomNumeric(int) in RandomStringUtils has been deprecated
        br.setReference(Long.valueOf(RandomStringUtils.randomNumeric(5)));
                                                      ^
/home/linxford/Projects/edenbank/fineract/fineract-provider/src/test/java/org/apache/fineract/batch/command/internal/AdjustChargeCommandStrategyTest.java:52: warning: [deprecation] randomNumeric(int) in RandomStringUtils has been deprecated
        final Long loanId = Long.valueOf(RandomStringUtils.randomNumeric(4));
                                                          ^
/home/linxford/Projects/edenbank/fineract/fineract-provider/src/test/java/org/apache/fineract/batch/command/internal/AdjustChargeCommandStrategyTest.java:53: warning: [deprecation] randomNumeric(int) in RandomStringUtils has been deprecated
        final Long loanChargeId = Long.valueOf(RandomStringUtils.randomNumeric(4));
                                                                ^
/home/linxford/Projects/edenbank/fineract/fineract-provider/src/test/java/org/apache/fineract/batch/command/internal/AdjustChargeCommandStrategyTest.java:81: warning: [deprecation] randomNumeric(int) in RandomStringUtils has been deprecated
        final Long loanId = Long.valueOf(RandomStringUtils.randomNumeric(4));
                                                          ^
/home/linxford/Projects/edenbank/fineract/fineract-provider/src/test/java/org/apache/fineract/batch/command/internal/AdjustChargeCommandStrategyTest.java:82: warning: [deprecation] randomNumeric(int) in RandomStringUtils has been deprecated
        final Long loanChargeId = Long.valueOf(RandomStringUtils.randomNumeric(4));
                                                                ^
/home/linxford/Projects/edenbank/fineract/fineract-provider/src/test/java/org/apache/fineract/batch/command/internal/AdjustChargeCommandStrategyTest.java:112: warning: [deprecation] randomNumeric(int) in RandomStringUtils has been deprecated
        br.setRequestId(Long.valueOf(RandomStringUtils.randomNumeric(5)));
                                                      ^
/home/linxford/Projects/edenbank/fineract/fineract-provider/src/test/java/org/apache/fineract/batch/command/internal/AdjustChargeCommandStrategyTest.java:118: warning: [deprecation] randomNumeric(int) in RandomStringUtils has been deprecated
        br.setReference(Long.valueOf(RandomStringUtils.randomNumeric(5)));
                                                      ^
/home/linxford/Projects/edenbank/fineract/fineract-provider/src/test/java/org/apache/fineract/batch/command/internal/AdjustLoanTransactionByExternalIdCommandStrategyTest.java:121: warning: [deprecation] randomNumeric(int) in RandomStringUtils has been deprecated
        br.setRequestId(Long.valueOf(RandomStringUtils.randomNumeric(5)));
                                                      ^
/home/linxford/Projects/edenbank/fineract/fineract-provider/src/test/java/org/apache/fineract/batch/command/internal/AdjustLoanTransactionByExternalIdCommandStrategyTest.java:127: warning: [deprecation] randomNumeric(int) in RandomStringUtils has been deprecated
        br.setReference(Long.valueOf(RandomStringUtils.randomNumeric(5)));
                                                      ^
/home/linxford/Projects/edenbank/fineract/fineract-provider/src/test/java/org/apache/fineract/batch/command/internal/AdjustLoanTransactionCommandStrategyTest.java:51: warning: [deprecation] randomNumeric(int) in RandomStringUtils has been deprecated
        final Long loanId = Long.valueOf(RandomStringUtils.randomNumeric(4));
                                                          ^
/home/linxford/Projects/edenbank/fineract/fineract-provider/src/test/java/org/apache/fineract/batch/command/internal/AdjustLoanTransactionCommandStrategyTest.java:52: warning: [deprecation] randomNumeric(int) in RandomStringUtils has been deprecated
        final Long transactionId = Long.valueOf(RandomStringUtils.randomNumeric(4));
                                                                 ^
/home/linxford/Projects/edenbank/fineract/fineract-provider/src/test/java/org/apache/fineract/batch/command/internal/AdjustLoanTransactionCommandStrategyTest.java:81: warning: [deprecation] randomNumeric(int) in RandomStringUtils has been deprecated
        final Long loanId = Long.valueOf(RandomStringUtils.randomNumeric(4));
                                                          ^
/home/linxford/Projects/edenbank/fineract/fineract-provider/src/test/java/org/apache/fineract/batch/command/internal/AdjustLoanTransactionCommandStrategyTest.java:82: warning: [deprecation] randomNumeric(int) in RandomStringUtils has been deprecated
        final Long transactionId = Long.valueOf(RandomStringUtils.randomNumeric(4));
                                                                 ^
/home/linxford/Projects/edenbank/fineract/fineract-provider/src/test/java/org/apache/fineract/batch/command/internal/AdjustLoanTransactionCommandStrategyTest.java:119: warning: [deprecation] randomNumeric(int) in RandomStringUtils has been deprecated
        br.setRequestId(Long.valueOf(RandomStringUtils.randomNumeric(5)));
                                                      ^
/home/linxford/Projects/edenbank/fineract/fineract-provider/src/test/java/org/apache/fineract/batch/command/internal/AdjustLoanTransactionCommandStrategyTest.java:125: warning: [deprecation] randomNumeric(int) in RandomStringUtils has been deprecated
        br.setReference(Long.valueOf(RandomStringUtils.randomNumeric(5)));
                                                      ^
/home/linxford/Projects/edenbank/fineract/fineract-provider/src/test/java/org/apache/fineract/batch/command/internal/CollectChargesByLoanExternalIdCommandStrategyTest.java:102: warning: [deprecation] randomNumeric(int) in RandomStringUtils has been deprecated
        br.setRequestId(Long.valueOf(RandomStringUtils.randomNumeric(5)));
                                                      ^
/home/linxford/Projects/edenbank/fineract/fineract-provider/src/test/java/org/apache/fineract/batch/command/internal/CollectChargesByLoanExternalIdCommandStrategyTest.java:105: warning: [deprecation] randomNumeric(int) in RandomStringUtils has been deprecated
        br.setReference(Long.valueOf(RandomStringUtils.randomNumeric(5)));
                                                      ^
/home/linxford/Projects/edenbank/fineract/fineract-provider/src/test/java/org/apache/fineract/batch/command/internal/CreateChargeByLoanExternalIdCommandStrategyTest.java:101: warning: [deprecation] randomNumeric(int) in RandomStringUtils has been deprecated
        br.setRequestId(Long.valueOf(RandomStringUtils.randomNumeric(5)));
                                                      ^
/home/linxford/Projects/edenbank/fineract/fineract-provider/src/test/java/org/apache/fineract/batch/command/internal/CreateChargeByLoanExternalIdCommandStrategyTest.java:104: warning: [deprecation] randomNumeric(int) in RandomStringUtils has been deprecated
        br.setReference(Long.valueOf(RandomStringUtils.randomNumeric(5)));
                                                      ^
/home/linxford/Projects/edenbank/fineract/fineract-provider/src/test/java/org/apache/fineract/batch/command/internal/CreateDatatableEntryCommandStrategyTest.java:49: warning: [deprecation] randomNumeric(int) in RandomStringUtils has been deprecated
        final Long loanId = Long.valueOf(RandomStringUtils.randomNumeric(4));
                                                          ^
/home/linxford/Projects/edenbank/fineract/fineract-provider/src/test/java/org/apache/fineract/batch/command/internal/CreateDatatableEntryCommandStrategyTest.java:50: warning: [deprecation] randomAlphabetic(int) in RandomStringUtils has been deprecated
        final String datatableName = RandomStringUtils.randomAlphabetic(10);
                                                      ^
/home/linxford/Projects/edenbank/fineract/fineract-provider/src/test/java/org/apache/fineract/batch/command/internal/CreateDatatableEntryCommandStrategyTest.java:81: warning: [deprecation] randomNumeric(int) in RandomStringUtils has been deprecated
        br.setRequestId(Long.valueOf(RandomStringUtils.randomNumeric(5)));
                                                      ^
/home/linxford/Projects/edenbank/fineract/fineract-provider/src/test/java/org/apache/fineract/batch/command/internal/CreateLoanRescheduleRequestCommandStrategyTest.java:74: warning: [deprecation] randomNumeric(int) in RandomStringUtils has been deprecated
        br.setRequestId(Long.valueOf(RandomStringUtils.randomNumeric(5)));
                                                      ^
/home/linxford/Projects/edenbank/fineract/fineract-provider/src/test/java/org/apache/fineract/batch/command/internal/CreateLoanRescheduleRequestCommandStrategyTest.java:77: warning: [deprecation] randomNumeric(int) in RandomStringUtils has been deprecated
        br.setReference(Long.valueOf(RandomStringUtils.randomNumeric(5)));
                                                      ^
/home/linxford/Projects/edenbank/fineract/fineract-provider/src/test/java/org/apache/fineract/batch/command/internal/CreateTransactionByLoanExternalIdCommandStrategyTest.java:81: warning: [deprecation] randomNumeric(int) in RandomStringUtils has been deprecated
        br.setRequestId(Long.valueOf(RandomStringUtils.randomNumeric(5)));
                                                      ^
/home/linxford/Projects/edenbank/fineract/fineract-provider/src/test/java/org/apache/fineract/batch/command/internal/CreateTransactionByLoanExternalIdCommandStrategyTest.java:84: warning: [deprecation] randomNumeric(int) in RandomStringUtils has been deprecated
        br.setReference(Long.valueOf(RandomStringUtils.randomNumeric(5)));
                                                      ^
/home/linxford/Projects/edenbank/fineract/fineract-provider/src/test/java/org/apache/fineract/batch/command/internal/CreateTransactionLoanCommandStrategyTest.java:48: warning: [deprecation] randomNumeric(int) in RandomStringUtils has been deprecated
        final Long loanId = Long.valueOf(RandomStringUtils.randomNumeric(4));
                                                          ^
/home/linxford/Projects/edenbank/fineract/fineract-provider/src/test/java/org/apache/fineract/batch/command/internal/CreateTransactionLoanCommandStrategyTest.java:80: warning: [deprecation] randomNumeric(int) in RandomStringUtils has been deprecated
        br.setRequestId(Long.valueOf(RandomStringUtils.randomNumeric(5)));
                                                      ^
/home/linxford/Projects/edenbank/fineract/fineract-provider/src/test/java/org/apache/fineract/batch/command/internal/CreateTransactionLoanCommandStrategyTest.java:83: warning: [deprecation] randomNumeric(int) in RandomStringUtils has been deprecated
        br.setReference(Long.valueOf(RandomStringUtils.randomNumeric(5)));
                                                      ^
/home/linxford/Projects/edenbank/fineract/fineract-provider/src/test/java/org/apache/fineract/batch/command/internal/GetChargeByChargeExternalIdCommandStrategyTest.java:107: warning: [deprecation] randomNumeric(int) in RandomStringUtils has been deprecated
        br.setRequestId(Long.valueOf(RandomStringUtils.randomNumeric(5)));
                                                      ^
/home/linxford/Projects/edenbank/fineract/fineract-provider/src/test/java/org/apache/fineract/batch/command/internal/GetChargeByChargeExternalIdCommandStrategyTest.java:110: warning: [deprecation] randomNumeric(int) in RandomStringUtils has been deprecated
        br.setReference(Long.valueOf(RandomStringUtils.randomNumeric(5)));
                                                      ^
/home/linxford/Projects/edenbank/fineract/fineract-provider/src/test/java/org/apache/fineract/batch/command/internal/GetChargeByIdCommandStrategyTest.java:66: warning: [deprecation] randomNumeric(int) in RandomStringUtils has been deprecated
        final Long loanId = Long.valueOf(RandomStringUtils.randomNumeric(4));
                                                          ^
/home/linxford/Projects/edenbank/fineract/fineract-provider/src/test/java/org/apache/fineract/batch/command/internal/GetChargeByIdCommandStrategyTest.java:67: warning: [deprecation] randomNumeric(int) in RandomStringUtils has been deprecated
        final Long chargeId = Long.valueOf(RandomStringUtils.randomNumeric(4));
                                                            ^
/home/linxford/Projects/edenbank/fineract/fineract-provider/src/test/java/org/apache/fineract/batch/command/internal/GetChargeByIdCommandStrategyTest.java:104: warning: [deprecation] randomNumeric(int) in RandomStringUtils has been deprecated
        br.setRequestId(Long.valueOf(RandomStringUtils.randomNumeric(5)));
                                                      ^
/home/linxford/Projects/edenbank/fineract/fineract-provider/src/test/java/org/apache/fineract/batch/command/internal/GetChargeByIdCommandStrategyTest.java:107: warning: [deprecation] randomNumeric(int) in RandomStringUtils has been deprecated
        br.setReference(Long.valueOf(RandomStringUtils.randomNumeric(5)));
                                                      ^
/home/linxford/Projects/edenbank/fineract/fineract-provider/src/test/java/org/apache/fineract/batch/command/internal/GetDatatableEntryByAppTableIdAndDataTableIdCommandStrategyTest.java:73: warning: [deprecation] nextLong() in RandomUtils has been deprecated
        final Long loanId = RandomUtils.nextLong();
                                       ^
/home/linxford/Projects/edenbank/fineract/fineract-provider/src/test/java/org/apache/fineract/batch/command/internal/GetDatatableEntryByAppTableIdAndDataTableIdCommandStrategyTest.java:74: warning: [deprecation] nextLong() in RandomUtils has been deprecated
        final Long datatableId = RandomUtils.nextLong();
                                            ^
/home/linxford/Projects/edenbank/fineract/fineract-provider/src/test/java/org/apache/fineract/batch/command/internal/GetDatatableEntryByAppTableIdAndDataTableIdCommandStrategyTest.java:120: warning: [deprecation] nextLong() in RandomUtils has been deprecated
        br.setRequestId(RandomUtils.nextLong());
                                   ^
/home/linxford/Projects/edenbank/fineract/fineract-provider/src/test/java/org/apache/fineract/batch/command/internal/GetDatatableEntryByAppTableIdAndDataTableIdCommandStrategyTest.java:123: warning: [deprecation] nextLong() in RandomUtils has been deprecated
        br.setReference(RandomUtils.nextLong());
                                   ^
/home/linxford/Projects/edenbank/fineract/fineract-provider/src/test/java/org/apache/fineract/batch/command/internal/GetDatatableEntryByAppTableIdCommandStrategyTest.java:73: warning: [deprecation] nextLong() in RandomUtils has been deprecated
        final Long loanId = RandomUtils.nextLong();
                                       ^
/home/linxford/Projects/edenbank/fineract/fineract-provider/src/test/java/org/apache/fineract/batch/command/internal/GetDatatableEntryByAppTableIdCommandStrategyTest.java:115: warning: [deprecation] nextLong() in RandomUtils has been deprecated
        br.setRequestId(RandomUtils.nextLong());
                                   ^
/home/linxford/Projects/edenbank/fineract/fineract-provider/src/test/java/org/apache/fineract/batch/command/internal/GetDatatableEntryByAppTableIdCommandStrategyTest.java:118: warning: [deprecation] nextLong() in RandomUtils has been deprecated
        br.setReference(RandomUtils.nextLong());
                                   ^
/home/linxford/Projects/edenbank/fineract/fineract-provider/src/test/java/org/apache/fineract/batch/command/internal/GetLoanByExternalIdCommandStrategyTest.java:137: warning: [deprecation] randomNumeric(int) in RandomStringUtils has been deprecated
        br.setRequestId(Long.valueOf(RandomStringUtils.randomNumeric(5)));
                                                      ^
/home/linxford/Projects/edenbank/fineract/fineract-provider/src/test/java/org/apache/fineract/batch/command/internal/GetLoanByExternalIdCommandStrategyTest.java:140: warning: [deprecation] randomNumeric(int) in RandomStringUtils has been deprecated
        br.setReference(Long.valueOf(RandomStringUtils.randomNumeric(5)));
                                                      ^
/home/linxford/Projects/edenbank/fineract/fineract-provider/src/test/java/org/apache/fineract/batch/command/internal/GetLoanByIdCommandStrategyTest.java:69: warning: [deprecation] randomNumeric(int) in RandomStringUtils has been deprecated
        final Long loanId = Long.valueOf(RandomStringUtils.randomNumeric(4));
                                                          ^
/home/linxford/Projects/edenbank/fineract/fineract-provider/src/test/java/org/apache/fineract/batch/command/internal/GetLoanByIdCommandStrategyTest.java:117: warning: [deprecation] randomNumeric(int) in RandomStringUtils has been deprecated
        br.setRequestId(Long.valueOf(RandomStringUtils.randomNumeric(5)));
                                                      ^
/home/linxford/Projects/edenbank/fineract/fineract-provider/src/test/java/org/apache/fineract/batch/command/internal/GetLoanByIdCommandStrategyTest.java:120: warning: [deprecation] randomNumeric(int) in RandomStringUtils has been deprecated
        br.setReference(Long.valueOf(RandomStringUtils.randomNumeric(5)));
                                                      ^
/home/linxford/Projects/edenbank/fineract/fineract-provider/src/test/java/org/apache/fineract/batch/command/internal/GetLoanTransactionByExternalIdCommandStrategyTest.java:106: warning: [deprecation] randomNumeric(int) in RandomStringUtils has been deprecated
        br.setRequestId(Long.valueOf(RandomStringUtils.randomNumeric(5)));
                                                      ^
/home/linxford/Projects/edenbank/fineract/fineract-provider/src/test/java/org/apache/fineract/batch/command/internal/GetLoanTransactionByExternalIdCommandStrategyTest.java:109: warning: [deprecation] randomNumeric(int) in RandomStringUtils has been deprecated
        br.setReference(Long.valueOf(RandomStringUtils.randomNumeric(5)));
                                                      ^
/home/linxford/Projects/edenbank/fineract/fineract-provider/src/test/java/org/apache/fineract/batch/command/internal/GetLoanTransactionByIdCommandStrategyTest.java:58: warning: [deprecation] randomNumeric(int) in RandomStringUtils has been deprecated
        final Long loanId = Long.valueOf(RandomStringUtils.randomNumeric(4));
                                                          ^
/home/linxford/Projects/edenbank/fineract/fineract-provider/src/test/java/org/apache/fineract/batch/command/internal/GetLoanTransactionByIdCommandStrategyTest.java:59: warning: [deprecation] randomNumeric(int) in RandomStringUtils has been deprecated
        final Long transactionId = Long.valueOf(RandomStringUtils.randomNumeric(4));
                                                                 ^
/home/linxford/Projects/edenbank/fineract/fineract-provider/src/test/java/org/apache/fineract/batch/command/internal/GetLoanTransactionByIdCommandStrategyTest.java:102: warning: [deprecation] randomNumeric(int) in RandomStringUtils has been deprecated
        br.setRequestId(Long.valueOf(RandomStringUtils.randomNumeric(5)));
                                                      ^
/home/linxford/Projects/edenbank/fineract/fineract-provider/src/test/java/org/apache/fineract/batch/command/internal/GetLoanTransactionByIdCommandStrategyTest.java:105: warning: [deprecation] randomNumeric(int) in RandomStringUtils has been deprecated
        br.setReference(Long.valueOf(RandomStringUtils.randomNumeric(5)));
                                                      ^
/home/linxford/Projects/edenbank/fineract/fineract-provider/src/test/java/org/apache/fineract/batch/command/internal/LoanStateTransistionsByExternalIdCommandStrategyTest.java:128: warning: [deprecation] randomNumeric(int) in RandomStringUtils has been deprecated
        br.setRequestId(Long.valueOf(RandomStringUtils.randomNumeric(5)));
                                                      ^
/home/linxford/Projects/edenbank/fineract/fineract-provider/src/test/java/org/apache/fineract/batch/command/internal/LoanStateTransistionsByExternalIdCommandStrategyTest.java:134: warning: [deprecation] randomNumeric(int) in RandomStringUtils has been deprecated
        br.setReference(Long.valueOf(RandomStringUtils.randomNumeric(5)));
                                                      ^
/home/linxford/Projects/edenbank/fineract/fineract-provider/src/test/java/org/apache/fineract/batch/command/internal/ModifyLoanApplicationByExternalIdCommandStrategyTest.java:99: warning: [deprecation] randomNumeric(int) in RandomStringUtils has been deprecated
        batchRequest.setRequestId(Long.valueOf(RandomStringUtils.randomNumeric(5)));
                                                                ^
/home/linxford/Projects/edenbank/fineract/fineract-provider/src/test/java/org/apache/fineract/batch/command/internal/ModifyLoanApplicationByExternalIdCommandStrategyTest.java:102: warning: [deprecation] randomNumeric(int) in RandomStringUtils has been deprecated
        batchRequest.setReference(Long.valueOf(RandomStringUtils.randomNumeric(5)));
                                                                ^
/home/linxford/Projects/edenbank/fineract/fineract-provider/src/test/java/org/apache/fineract/batch/command/internal/ModifyLoanApplicationCommandStrategyTest.java:53: warning: [deprecation] randomNumeric(int) in RandomStringUtils has been deprecated
        final Long loanId = Long.valueOf(RandomStringUtils.randomNumeric(4));
                                                          ^
/home/linxford/Projects/edenbank/fineract/fineract-provider/src/test/java/org/apache/fineract/batch/command/internal/ModifyLoanApplicationCommandStrategyTest.java:97: warning: [deprecation] randomNumeric(int) in RandomStringUtils has been deprecated
        batchRequest.setRequestId(Long.valueOf(RandomStringUtils.randomNumeric(5)));
                                                                ^
/home/linxford/Projects/edenbank/fineract/fineract-provider/src/test/java/org/apache/fineract/batch/command/internal/ModifyLoanApplicationCommandStrategyTest.java:100: warning: [deprecation] randomNumeric(int) in RandomStringUtils has been deprecated
        batchRequest.setReference(Long.valueOf(RandomStringUtils.randomNumeric(5)));
                                                                ^
/home/linxford/Projects/edenbank/fineract/fineract-provider/src/test/java/org/apache/fineract/batch/command/internal/UpdateDatatableEntryOneToManyCommandStrategyTest.java:49: warning: [deprecation] randomNumeric(int) in RandomStringUtils has been deprecated
        final Long loanId = Long.valueOf(RandomStringUtils.randomNumeric(4));
                                                          ^
/home/linxford/Projects/edenbank/fineract/fineract-provider/src/test/java/org/apache/fineract/batch/command/internal/UpdateDatatableEntryOneToManyCommandStrategyTest.java:50: warning: [deprecation] randomNumeric(int) in RandomStringUtils has been deprecated
        final Long datatableEntryId = Long.valueOf(RandomStringUtils.randomNumeric(3));
                                                                    ^
/home/linxford/Projects/edenbank/fineract/fineract-provider/src/test/java/org/apache/fineract/batch/command/internal/UpdateDatatableEntryOneToManyCommandStrategyTest.java:51: warning: [deprecation] randomAlphabetic(int) in RandomStringUtils has been deprecated
        final String datatableName = RandomStringUtils.randomAlphabetic(10);
                                                      ^
/home/linxford/Projects/edenbank/fineract/fineract-provider/src/test/java/org/apache/fineract/batch/command/internal/UpdateDatatableEntryOneToManyCommandStrategyTest.java:84: warning: [deprecation] randomNumeric(int) in RandomStringUtils has been deprecated
        br.setRequestId(Long.valueOf(RandomStringUtils.randomNumeric(5)));
                                                      ^
/home/linxford/Projects/edenbank/fineract/fineract-provider/src/test/java/org/apache/fineract/cob/COBBusinessStepServiceStepDefinitions.java:97: warning: [unchecked] unchecked call to execute(T) as a member of the raw type COBBusinessStep
            lenient().when(this.cobBusinessStep.execute(this.item)).thenReturn(outputItem);
                                                       ^
  where T is a type-variable:
    T extends AbstractPersistableCustom<Long> declared in interface COBBusinessStep
/home/linxford/Projects/edenbank/fineract/fineract-provider/src/test/java/org/apache/fineract/cob/COBBusinessStepServiceStepDefinitions.java:136: warning: [unchecked] unchecked call to execute(T) as a member of the raw type COBBusinessStep
                    lenient().when(this.cobBusinessStep.execute(this.item)).thenReturn(outputItem);
                                                               ^
  where T is a type-variable:
    T extends AbstractPersistableCustom<Long> declared in interface COBBusinessStep
/home/linxford/Projects/edenbank/fineract/fineract-provider/src/test/java/org/apache/fineract/cob/COBBusinessStepServiceStepDefinitions.java:145: warning: [unchecked] unchecked method invocation: method getCOBBusinessSteps in class COBBusinessStepServiceImpl is applied to given types
            resultSet = this.businessStepService.getCOBBusinessSteps(this.clazz, this.jobName);
                                                                    ^
  required: Class<T>,String
  found:    Class,String
  where T,S are type-variables:
    T extends COBBusinessStep<S> declared in method <T,S>getCOBBusinessSteps(Class<T>,String)
    S extends AbstractPersistableCustom<Long> declared in method <T,S>getCOBBusinessSteps(Class<T>,String)
/home/linxford/Projects/edenbank/fineract/fineract-provider/src/test/java/org/apache/fineract/cob/COBBusinessStepServiceStepDefinitions.java:145: warning: [unchecked] unchecked conversion
            resultSet = this.businessStepService.getCOBBusinessSteps(this.clazz, this.jobName);
                                                                         ^
  required: Class<T>
  found:    Class
  where T,S are type-variables:
    T extends COBBusinessStep<S> declared in method <T,S>getCOBBusinessSteps(Class<T>,String)
    S extends AbstractPersistableCustom<Long> declared in method <T,S>getCOBBusinessSteps(Class<T>,String)
/home/linxford/Projects/edenbank/fineract/fineract-provider/src/test/java/org/apache/fineract/cob/COBBusinessStepServiceStepDefinitions.java:145: warning: [unchecked] unchecked conversion
            resultSet = this.businessStepService.getCOBBusinessSteps(this.clazz, this.jobName);
                                                                    ^
  required: Set<BusinessStepNameAndOrder>
  found:    Set
/home/linxford/Projects/edenbank/fineract/fineract-provider/src/test/java/org/apache/fineract/cob/COBBusinessStepServiceStepDefinitions.java:171: warning: [unchecked] unchecked method invocation: method getCOBBusinessSteps in class COBBusinessStepServiceImpl is applied to given types
                this.businessStepService.getCOBBusinessSteps(this.clazz, this.jobName);
                                                            ^
  required: Class<T>,String
  found:    Class,String
  where T,S are type-variables:
    T extends COBBusinessStep<S> declared in method <T,S>getCOBBusinessSteps(Class<T>,String)
    S extends AbstractPersistableCustom<Long> declared in method <T,S>getCOBBusinessSteps(Class<T>,String)
/home/linxford/Projects/edenbank/fineract/fineract-provider/src/test/java/org/apache/fineract/cob/COBBusinessStepServiceStepDefinitions.java:171: warning: [unchecked] unchecked conversion
                this.businessStepService.getCOBBusinessSteps(this.clazz, this.jobName);
                                                                 ^
  required: Class<T>
  found:    Class
  where T,S are type-variables:
    T extends COBBusinessStep<S> declared in method <T,S>getCOBBusinessSteps(Class<T>,String)
    S extends AbstractPersistableCustom<Long> declared in method <T,S>getCOBBusinessSteps(Class<T>,String)
/home/linxford/Projects/edenbank/fineract/fineract-provider/src/test/java/org/apache/fineract/cob/listener/JobExecutionContextCopyListenerTest.java:94: warning: [deprecation] randomAlphanumeric(int) in RandomStringUtils has been deprecated
            map.put(RandomStringUtils.randomAlphanumeric(5), RandomStringUtils.randomAlphanumeric(5));
                                     ^
/home/linxford/Projects/edenbank/fineract/fineract-provider/src/test/java/org/apache/fineract/cob/listener/JobExecutionContextCopyListenerTest.java:94: warning: [deprecation] randomAlphanumeric(int) in RandomStringUtils has been deprecated
            map.put(RandomStringUtils.randomAlphanumeric(5), RandomStringUtils.randomAlphanumeric(5));
                                                                              ^
/home/linxford/Projects/edenbank/fineract/fineract-provider/src/test/java/org/apache/fineract/cob/loan/AddPeriodicAccrualEntriesBusinessStepTest.java:89: warning: [deprecation] nextLong() in RandomUtils has been deprecated
        final Long loanId = RandomUtils.nextLong();
                                       ^
/home/linxford/Projects/edenbank/fineract/fineract-provider/src/test/java/org/apache/fineract/cob/loan/ApplyLoanLockTaskletStepDefinitions.java:134: warning: [unchecked] unchecked method invocation: method applyLock in interface LoanLockingService is applied to given types
            verify(loanLockingService, Mockito.times(1)).applyLock(valueCaptor.capture(), lockOwnerValueCaptor.capture());
                                                                  ^
  required: List<Long>,LockOwner
  found:    List,LockOwner
/home/linxford/Projects/edenbank/fineract/fineract-provider/src/test/java/org/apache/fineract/cob/loan/ApplyLoanLockTaskletStepDefinitions.java:134: warning: [unchecked] unchecked conversion
            verify(loanLockingService, Mockito.times(1)).applyLock(valueCaptor.capture(), lockOwnerValueCaptor.capture());
                                                                                      ^
  required: List<Long>
  found:    List
/home/linxford/Projects/edenbank/fineract/fineract-provider/src/test/java/org/apache/fineract/cob/loan/ApplyLoanLockTaskletStepDefinitions.java:135: warning: [unchecked] unchecked conversion
            List<Long> values = valueCaptor.getValue();
                                                    ^
  required: List<Long>
  found:    List
/home/linxford/Projects/edenbank/fineract/fineract-provider/src/test/java/org/apache/fineract/cob/loan/LoanItemProcessorStepDefinitions.java:71: warning: [unchecked] unchecked method invocation: method run in interface COBBusinessStepService is applied to given types
            lenient().when(this.cobBusinessStepService.run(any(TreeMap.class), eq(null))).thenThrow(new RuntimeException("fail"));
                                                          ^
  required: TreeMap<Long,String>,S
  found:    TreeMap,AbstractPersistableCustom<Long>
  where S,T are type-variables:
    S extends AbstractPersistableCustom<Long> declared in method <T,S>run(TreeMap<Long,String>,S)
    T extends COBBusinessStep<S> declared in method <T,S>run(TreeMap<Long,String>,S)
/home/linxford/Projects/edenbank/fineract/fineract-provider/src/test/java/org/apache/fineract/cob/loan/LoanItemProcessorStepDefinitions.java:71: warning: [unchecked] unchecked conversion
            lenient().when(this.cobBusinessStepService.run(any(TreeMap.class), eq(null))).thenThrow(new RuntimeException("fail"));
                                                              ^
  required: TreeMap<Long,String>
  found:    TreeMap
/home/linxford/Projects/edenbank/fineract/fineract-provider/src/test/java/org/apache/fineract/cob/loan/LoanItemProcessorStepDefinitions.java:72: warning: [unchecked] unchecked method invocation: method run in interface COBBusinessStepService is applied to given types
            lenient().when(this.cobBusinessStepService.run(any(TreeMap.class), eq(loan))).thenReturn(processedLoan);
                                                          ^
  required: TreeMap<Long,String>,S
  found:    TreeMap,Loan
  where S,T are type-variables:
    S extends AbstractPersistableCustom<Long> declared in method <T,S>run(TreeMap<Long,String>,S)
    T extends COBBusinessStep<S> declared in method <T,S>run(TreeMap<Long,String>,S)
/home/linxford/Projects/edenbank/fineract/fineract-provider/src/test/java/org/apache/fineract/cob/loan/LoanItemProcessorStepDefinitions.java:72: warning: [unchecked] unchecked conversion
            lenient().when(this.cobBusinessStepService.run(any(TreeMap.class), eq(loan))).thenReturn(processedLoan);
                                                              ^
  required: TreeMap<Long,String>
  found:    TreeMap
/home/linxford/Projects/edenbank/fineract/fineract-provider/src/test/java/org/apache/fineract/cob/loan/SetLoanDelinquencyTagsBusinessStepTest.java:200: warning: [deprecation] nextLong(long,long) in RandomUtils has been deprecated
        loanDataMap.put("id", RandomUtils.nextLong(1, 1000));
                                         ^
/home/linxford/Projects/edenbank/fineract/fineract-provider/src/test/java/org/apache/fineract/cob/loan/SetLoanDelinquencyTagsBusinessStepTest.java:202: warning: [deprecation] randomNumeric(int) in RandomStringUtils has been deprecated
        loanDataMap.put("accountNumber", RandomStringUtils.randomNumeric(10));
                                                          ^
/home/linxford/Projects/edenbank/fineract/fineract-provider/src/test/java/org/apache/fineract/cob/service/COBBulkEventConfigurationTest.java:100: warning: [unchecked] unchecked call to execute(T) as a member of the raw type COBBusinessStep
        when(businessStep.execute(any())).thenReturn(loan);
                                 ^
  where T is a type-variable:
    T extends AbstractPersistableCustom<Long> declared in interface COBBusinessStep
/home/linxford/Projects/edenbank/fineract/fineract-provider/src/test/java/org/apache/fineract/cob/service/COBBulkEventConfigurationTest.java:119: warning: [unchecked] unchecked call to execute(T) as a member of the raw type COBBusinessStep
        when(businessStep.execute(any())).thenReturn(loan);
                                 ^
  where T is a type-variable:
    T extends AbstractPersistableCustom<Long> declared in interface COBBusinessStep
/home/linxford/Projects/edenbank/fineract/fineract-provider/src/test/java/org/apache/fineract/cob/service/COBBulkEventConfigurationTest.java:139: warning: [unchecked] unchecked call to execute(T) as a member of the raw type COBBusinessStep
        doThrow(new BusinessStepException("Test exception")).when(businessStep).execute(any());
                                                                                       ^
  where T is a type-variable:
    T extends AbstractPersistableCustom<Long> declared in interface COBBusinessStep
/home/linxford/Projects/edenbank/fineract/fineract-provider/src/test/java/org/apache/fineract/cob/service/COBBulkEventConfigurationTest.java:157: warning: [unchecked] unchecked call to execute(T) as a member of the raw type COBBusinessStep
        doThrow(new BusinessStepException("Test exception")).when(businessStep).execute(any());
                                                                                       ^
  where T is a type-variable:
    T extends AbstractPersistableCustom<Long> declared in interface COBBusinessStep
/home/linxford/Projects/edenbank/fineract/fineract-provider/src/test/java/org/apache/fineract/commands/service/SynchronousCommandProcessingServiceTest.java:129: warning: [unchecked] unchecked method invocation: method setRetryExceptions in class ExecuteCommandProperties is applied to given types
                .setRetryExceptions(new Class[] { RetryException.class, IdempotentCommandProcessUnderProcessingException.class });
                                   ^
  required: Class<? extends Throwable>[]
  found:    Class[]
/home/linxford/Projects/edenbank/fineract/fineract-provider/src/test/java/org/apache/fineract/commands/service/SynchronousCommandProcessingServiceTest.java:129: warning: [unchecked] unchecked conversion
                .setRetryExceptions(new Class[] { RetryException.class, IdempotentCommandProcessUnderProcessingException.class });
                                    ^
  required: Class<? extends Throwable>[]
  found:    Class[]
/home/linxford/Projects/edenbank/fineract/fineract-provider/src/test/java/org/apache/fineract/commands/service/SynchronousCommandProcessingServiceTest.java:146: warning: [unchecked] unchecked generic array creation for varargs parameter of type ToApiJsonSerializer<Map<String,Object>>[]
        reset(toApiJsonSerializer);
             ^
/home/linxford/Projects/edenbank/fineract/fineract-provider/src/test/java/org/apache/fineract/commands/service/SynchronousCommandProcessingServiceTest.java:147: warning: [unchecked] unchecked generic array creation for varargs parameter of type ToApiJsonSerializer<CommandProcessingResult>[]
        reset(toApiResultJsonSerializer);
             ^
/home/linxford/Projects/edenbank/fineract/fineract-provider/src/test/java/org/apache/fineract/infrastructure/businessdate/service/BusinessDateReadPlatformServiceTest.java:72: warning: [unchecked] unchecked conversion
        List<BusinessDate> resultList = Mockito.mock(List.class);
                                                    ^
  required: List<BusinessDate>
  found:    List
/home/linxford/Projects/edenbank/fineract/fineract-provider/src/test/java/org/apache/fineract/infrastructure/core/auditing/CustomAuditingHandlerTest.java:61: warning: [unchecked] unchecked conversion
        AbstractAuditableWithUTCDateTimeCustom<Long> targetObject = Mockito.spy(AbstractAuditableWithUTCDateTimeCustom.class);
                                                                               ^
  required: AbstractAuditableWithUTCDateTimeCustom<Long>
  found:    AbstractAuditableWithUTCDateTimeCustom
/home/linxford/Projects/edenbank/fineract/fineract-provider/src/test/java/org/apache/fineract/infrastructure/core/auditing/CustomAuditingHandlerTest.java:77: warning: [unchecked] unchecked conversion
        AbstractAuditableWithUTCDateTimeCustom<Long> targetObject = Mockito.spy(AbstractAuditableWithUTCDateTimeCustom.class);
                                                                               ^
  required: AbstractAuditableWithUTCDateTimeCustom<Long>
  found:    AbstractAuditableWithUTCDateTimeCustom
/home/linxford/Projects/edenbank/fineract/fineract-provider/src/test/java/org/apache/fineract/infrastructure/core/jersey/CommandProcessingResultSerializationTest.java:56: warning: [unchecked] unchecked conversion
        Map<String, Object> result = new Gson().fromJson(os.toString(Charset.defaultCharset()), Map.class);
                                                        ^
  required: Map<String,Object>
  found:    Map
/home/linxford/Projects/edenbank/fineract/fineract-provider/src/test/java/org/apache/fineract/infrastructure/security/utils/SqlValidatorStepDefinitions.java:55: warning: [deprecation] random(int,char...) in RandomStringUtils has been deprecated
                String whitespaces = RandomStringUtils.random(fuzzy, '\n', '\r', '\t', ' ');
                                                      ^
/home/linxford/Projects/edenbank/fineract/fineract-provider/src/test/java/org/apache/fineract/portfolio/deliquency/DelinquencyWritePlatformServiceRangeChangeEventTest.java:341: warning: [unchecked] unchecked method invocation: method forClass in class ArgumentCaptor is applied to given types
                .forClass(List.class);
                         ^
  required: Class<S>
  found:    Class<List>
  where S,U are type-variables:
    S extends U declared in method <U,S>forClass(Class<S>)
    U extends Object declared in method <U,S>forClass(Class<S>)
/home/linxford/Projects/edenbank/fineract/fineract-provider/src/test/java/org/apache/fineract/portfolio/deliquency/DelinquencyWritePlatformServiceRangeChangeEventTest.java:341: warning: [unchecked] unchecked conversion
                .forClass(List.class);
                         ^
  required: ArgumentCaptor<List<LoanInstallmentDelinquencyTag>>
  found:    ArgumentCaptor
/home/linxford/Projects/edenbank/fineract/fineract-provider/src/test/java/org/apache/fineract/portfolio/deliquency/DelinquencyWritePlatformServiceRangeChangeEventTest.java:416: warning: [unchecked] unchecked method invocation: method forClass in class ArgumentCaptor is applied to given types
                .forClass(List.class);
                         ^
  required: Class<S>
  found:    Class<List>
  where S,U are type-variables:
    S extends U declared in method <U,S>forClass(Class<S>)
    U extends Object declared in method <U,S>forClass(Class<S>)
/home/linxford/Projects/edenbank/fineract/fineract-provider/src/test/java/org/apache/fineract/portfolio/deliquency/DelinquencyWritePlatformServiceRangeChangeEventTest.java:416: warning: [unchecked] unchecked conversion
                .forClass(List.class);
                         ^
  required: ArgumentCaptor<List<LoanInstallmentDelinquencyTag>>
  found:    ArgumentCaptor
/home/linxford/Projects/edenbank/fineract/fineract-provider/src/test/java/org/apache/fineract/portfolio/loanaccount/domain/transactionprocessor/impl/DuePenFeeIntPriInAdvancePriPenFeeIntLoanRepaymentScheduleTransactionProcessorTest.java:108: warning: [unchecked] unchecked generic array creation for varargs parameter of type Collection<? extends AbstractPersistableCustom<Long>>[]
        Mockito.reset(charges, transactionMappings);
                     ^
/home/linxford/Projects/edenbank/fineract/fineract-provider/src/test/java/org/apache/fineract/portfolio/loanaccount/domain/transactionprocessor/impl/DuePenIntPriFeeInAdvancePenIntPriFeeLoanRepaymentScheduleTransactionProcessorTest.java:109: warning: [unchecked] unchecked generic array creation for varargs parameter of type Collection<? extends AbstractPersistableCustom<Long>>[]
        Mockito.reset(charges, transactionMappings);
                     ^
/home/linxford/Projects/edenbank/fineract/fineract-provider/src/test/java/org/apache/fineract/portfolio/loanaccount/loanschedule/domain/DefaultScheduledDateGeneratorTest.java:87: warning: [unchecked] unchecked method invocation: method assembleFrom in class LoanApplicationTerms is applied to given types
        LoanApplicationTerms loanApplicationTerms = LoanApplicationTerms.assembleFrom(dollarCurrency.toData(), 1, MONTHS, 4, 1, MONTHS,
                                                                                     ^
  required: CurrencyData,Integer,PeriodFrequencyType,Integer,Integer,PeriodFrequencyType,Integer,DayOfWeekType,AmortizationMethod,InterestMethod,BigDecimal,PeriodFrequencyType,BigDecimal,InterestCalculationPeriodMethod,boolean,Money,LocalDate,LocalDate,LocalDate,Integer,Integer,Integer,Integer,LocalDate,Money,boolean,BigDecimal,List<DisbursementData>,BigDecimal,Integer,DaysInMonthType,DaysInYearType,boolean,RecalculationFrequencyType,CalendarInstance,InterestRecalculationCompoundingMethod,CalendarInstance,RecalculationFrequencyType,BigDecimal,Integer,LoanPreCloseInterestCalculationStrategy,Calendar,BigDecimal,List<LoanTermVariationsData>,Boolean,Integer,boolean,HolidayDetailDTO,boolean,boolean,boolean,BigDecimal,boolean,Boolean,BigDecimal,Boolean,RepaymentStartDateType,LocalDate,LoanScheduleType,LoanScheduleProcessingType,Integer,boolean,List<LoanSupportedInterestRefundTypes>,LoanChargeOffBehaviour,boolean,DaysInYearCustomStrategyType,boolean,LoanCapitalizedIncomeCalculationType,LoanCapitalizedIncomeStrategy,LoanCapitalizedIncomeType,boolean,LoanBuyDownFeeCalculationType,LoanBuyDownFeeStrategy,LoanBuyDownFeeIncomeType
  found:    CurrencyData,int,PeriodFrequencyType,int,int,PeriodFrequencyType,<null>,DayOfWeekType,AmortizationMethod,InterestMethod,BigDecimal,PeriodFrequencyType,BigDecimal,InterestCalculationPeriodMethod,boolean,Money,LocalDate,<null>,LocalDate,<null>,<null>,<null>,<null>,<null>,Money,boolean,<null>,List,BigDecimal,<null>,DaysInMonthType,DaysInYearType,boolean,<null>,<null>,<null>,<null>,<null>,BigDecimal,<null>,LoanPreCloseInterestCalculationStrategy,<null>,BigDecimal,List,boolean,int,boolean,HolidayDetailDTO,boolean,boolean,boolean,<null>,boolean,boolean,<null>,boolean,RepaymentStartDateType,LocalDate,LoanScheduleType,LoanScheduleProcessingType,<null>,boolean,<null>,<null>,boolean,<null>,boolean,<null>,<null>,<null>,boolean,<null>,<null>,<null>
/home/linxford/Projects/edenbank/fineract/fineract-provider/src/test/java/org/apache/fineract/portfolio/loanaccount/loanschedule/domain/DefaultScheduledDateGeneratorTest.java:90: warning: [unchecked] unchecked conversion
                Money.of(fromApplicationCurrency(dollarCurrency), ZERO), false, null, EMPTY_LIST, BigDecimal.valueOf(36_000L), null,
                                                                                      ^
  required: List<DisbursementData>
  found:    List
/home/linxford/Projects/edenbank/fineract/fineract-provider/src/test/java/org/apache/fineract/portfolio/loanaccount/loanschedule/domain/DefaultScheduledDateGeneratorTest.java:92: warning: [unchecked] unchecked conversion
                EMPTY_LIST, true, 0, false, holidayDetailDTO, false, false, false, null, false, false, null, false, DISBURSEMENT_DATE,
                ^
  required: List<LoanTermVariationsData>
  found:    List
/home/linxford/Projects/edenbank/fineract/fineract-provider/src/test/java/org/apache/fineract/portfolio/loanaccount/loanschedule/domain/DefaultScheduledDateGeneratorTest.java:169: warning: [unchecked] unchecked method invocation: method assembleFrom in class LoanApplicationTerms is applied to given types
        return LoanApplicationTerms.assembleFrom(dollarCurrency.toData(), 1, MONTHS, 1, 1, MONTHS, null, INVALID, EQUAL_PRINCIPAL, FLAT,
                                                ^
  required: CurrencyData,Integer,PeriodFrequencyType,Integer,Integer,PeriodFrequencyType,Integer,DayOfWeekType,AmortizationMethod,InterestMethod,BigDecimal,PeriodFrequencyType,BigDecimal,InterestCalculationPeriodMethod,boolean,Money,LocalDate,LocalDate,LocalDate,Integer,Integer,Integer,Integer,LocalDate,Money,boolean,BigDecimal,List<DisbursementData>,BigDecimal,Integer,DaysInMonthType,DaysInYearType,boolean,RecalculationFrequencyType,CalendarInstance,InterestRecalculationCompoundingMethod,CalendarInstance,RecalculationFrequencyType,BigDecimal,Integer,LoanPreCloseInterestCalculationStrategy,Calendar,BigDecimal,List<LoanTermVariationsData>,Boolean,Integer,boolean,HolidayDetailDTO,boolean,boolean,boolean,BigDecimal,boolean,Boolean,BigDecimal,Boolean,RepaymentStartDateType,LocalDate,LoanScheduleType,LoanScheduleProcessingType,Integer,boolean,List<LoanSupportedInterestRefundTypes>,LoanChargeOffBehaviour,boolean,DaysInYearCustomStrategyType,boolean,LoanCapitalizedIncomeCalculationType,LoanCapitalizedIncomeStrategy,LoanCapitalizedIncomeType,boolean,LoanBuyDownFeeCalculationType,LoanBuyDownFeeStrategy,LoanBuyDownFeeIncomeType
  found:    CurrencyData,int,PeriodFrequencyType,int,int,PeriodFrequencyType,<null>,DayOfWeekType,AmortizationMethod,InterestMethod,BigDecimal,PeriodFrequencyType,BigDecimal,InterestCalculationPeriodMethod,boolean,Money,LocalDate,<null>,LocalDate,<null>,<null>,<null>,<null>,<null>,Money,boolean,<null>,List,BigDecimal,<null>,DaysInMonthType,DaysInYearType,boolean,<null>,<null>,<null>,<null>,<null>,BigDecimal,<null>,LoanPreCloseInterestCalculationStrategy,<null>,BigDecimal,List,boolean,int,boolean,HolidayDetailDTO,boolean,boolean,boolean,<null>,boolean,boolean,<null>,boolean,RepaymentStartDateType,LocalDate,LoanScheduleType,LoanScheduleProcessingType,<null>,boolean,<null>,<null>,boolean,<null>,boolean,<null>,<null>,<null>,boolean,<null>,<null>,<null>
/home/linxford/Projects/edenbank/fineract/fineract-provider/src/test/java/org/apache/fineract/portfolio/loanaccount/loanschedule/domain/DefaultScheduledDateGeneratorTest.java:172: warning: [unchecked] unchecked conversion
                EMPTY_LIST, BigDecimal.valueOf(36_000L), null, DaysInMonthType.ACTUAL, DaysInYearType.ACTUAL, false, null, null, null, null,
                ^
  required: List<DisbursementData>
  found:    List
/home/linxford/Projects/edenbank/fineract/fineract-provider/src/test/java/org/apache/fineract/portfolio/loanaccount/loanschedule/domain/DefaultScheduledDateGeneratorTest.java:173: warning: [unchecked] unchecked conversion
                null, ZERO, null, NONE, null, ZERO, EMPTY_LIST, true, 0, false, holidayDetailDTO, false, false, false, null, false, false,
                                                    ^
  required: List<LoanTermVariationsData>
  found:    List
/home/linxford/Projects/edenbank/fineract/fineract-provider/src/test/java/org/apache/fineract/portfolio/loanaccount/loanschedule/domain/DefaultScheduledDateGeneratorTest.java:179: warning: [unchecked] unchecked method invocation: constructor <init> in class HolidayDetailDTO is applied to given types
        return new HolidayDetailDTO(false, EMPTY_LIST,
               ^
  required: boolean,List<Holiday>,WorkingDays,boolean,boolean
  found:    boolean,List,WorkingDays,boolean,boolean
/home/linxford/Projects/edenbank/fineract/fineract-provider/src/test/java/org/apache/fineract/portfolio/loanaccount/loanschedule/domain/DefaultScheduledDateGeneratorTest.java:179: warning: [unchecked] unchecked conversion
        return new HolidayDetailDTO(false, EMPTY_LIST,
                                           ^
  required: List<Holiday>
  found:    List
/home/linxford/Projects/edenbank/fineract/fineract-provider/src/test/java/org/apache/fineract/portfolio/loanaccount/service/reaging/LoanReAgingValidatorTest.java:95: warning: [deprecation] randomAlphabetic(int) in RandomStringUtils has been deprecated
        JsonCommand command = jsonCommand(RandomStringUtils.randomAlphabetic(120));
                                                           ^
/home/linxford/Projects/edenbank/fineract/fineract-provider/src/test/java/org/apache/fineract/portfolio/loanaccount/service/reamortization/LoanReAmortizationValidatorTest.java:90: warning: [deprecation] randomAlphabetic(int) in RandomStringUtils has been deprecated
        JsonCommand command = jsonCommand(RandomStringUtils.randomAlphabetic(120));
                                                           ^
114 warnings

> Task :fineract-provider:testClasses SKIPPED
> Task :fineract-provider:resolve
> Task :fineract-provider:resolveMainClassName

> Task :fineract-provider:devRun
Running in development mode - quality checks are disabled
16:21:50,512 |-INFO in ch.qos.logback.classic.LoggerContext[default] - This is logback-classic version 1.5.17
16:21:50,519 |-INFO in ch.qos.logback.classic.util.ContextInitializer@5f577419 - Here is a list of configurators discovered as a service, by rank: 
16:21:50,519 |-INFO in ch.qos.logback.classic.util.ContextInitializer@5f577419 -   org.springframework.boot.logging.logback.RootLogLevelConfigurator
16:21:50,519 |-INFO in ch.qos.logback.classic.util.ContextInitializer@5f577419 - They will be invoked in order until ExecutionStatus.DO_NOT_INVOKE_NEXT_IF_ANY is returned.
16:21:50,520 |-INFO in ch.qos.logback.classic.util.ContextInitializer@5f577419 - Constructed configurator of type class org.springframework.boot.logging.logback.RootLogLevelConfigurator
16:21:50,554 |-INFO in ch.qos.logback.classic.util.ContextInitializer@5f577419 - org.springframework.boot.logging.logback.RootLogLevelConfigurator.configure() call lasted 1 milliseconds. ExecutionStatus=INVOKE_NEXT_IF_ANY
16:21:50,554 |-INFO in ch.qos.logback.classic.util.ContextInitializer@5f577419 - Trying to configure with ch.qos.logback.classic.joran.SerializedModelConfigurator
16:21:50,555 |-INFO in ch.qos.logback.classic.util.ContextInitializer@5f577419 - Constructed configurator of type class ch.qos.logback.classic.joran.SerializedModelConfigurator
16:21:50,566 |-INFO in ch.qos.logback.classic.LoggerContext[default] - Could NOT find resource [logback-test.scmo]
16:21:50,568 |-INFO in ch.qos.logback.classic.LoggerContext[default] - Could NOT find resource [logback.scmo]
16:21:50,568 |-INFO in ch.qos.logback.classic.util.ContextInitializer@5f577419 - ch.qos.logback.classic.joran.SerializedModelConfigurator.configure() call lasted 13 milliseconds. ExecutionStatus=INVOKE_NEXT_IF_ANY
16:21:50,568 |-INFO in ch.qos.logback.classic.util.ContextInitializer@5f577419 - Trying to configure with ch.qos.logback.classic.util.DefaultJoranConfigurator
16:21:50,569 |-INFO in ch.qos.logback.classic.util.ContextInitializer@5f577419 - Constructed configurator of type class ch.qos.logback.classic.util.DefaultJoranConfigurator
16:21:50,570 |-INFO in ch.qos.logback.classic.LoggerContext[default] - Could NOT find resource [logback-test.xml]
16:21:50,571 |-INFO in ch.qos.logback.classic.LoggerContext[default] - Could NOT find resource [logback.xml]
16:21:50,571 |-INFO in ch.qos.logback.classic.util.ContextInitializer@5f577419 - ch.qos.logback.classic.util.DefaultJoranConfigurator.configure() call lasted 2 milliseconds. ExecutionStatus=INVOKE_NEXT_IF_ANY
16:21:50,571 |-INFO in ch.qos.logback.classic.util.ContextInitializer@5f577419 - Trying to configure with ch.qos.logback.classic.BasicConfigurator
16:21:50,573 |-INFO in ch.qos.logback.classic.util.ContextInitializer@5f577419 - Constructed configurator of type class ch.qos.logback.classic.BasicConfigurator
16:21:50,573 |-INFO in ch.qos.logback.classic.BasicConfigurator@28fa700e - Setting up default configuration.
16:21:50,608 |-INFO in ch.qos.logback.core.ConsoleAppender[console] - BEWARE: Writing to the console can be very slow. Avoid logging to the 
16:21:50,608 |-INFO in ch.qos.logback.core.ConsoleAppender[console] - console in production environments, especially in high volume systems.
16:21:50,608 |-INFO in ch.qos.logback.core.ConsoleAppender[console] - See also https://logback.qos.ch/codes.html#slowConsole
16:21:50,609 |-INFO in ch.qos.logback.classic.util.ContextInitializer@5f577419 - ch.qos.logback.classic.BasicConfigurator.configure() call lasted 36 milliseconds. ExecutionStatus=NEUTRAL
16:21:51,660 |-WARN in ch.qos.logback.core.joran.action.ConversionRuleAction - [converterClass] attribute is deprecated and replaced by [class]. See element [conversionRule] near line 30
16:21:51,700 |-INFO in ch.qos.logback.core.joran.util.ConfigurationWatchListUtil@3d526ad9 - Adding [jar:file:/home/linxford/.gradle/caches/modules-2/files-2.1/org.springframework.boot/spring-boot/3.4.4/f9dbe14c2e5e35a2cd27156802ea6b7c42ab34fd/spring-boot-3.4.4.jar!/org/springframework/boot/logging/logback/defaults.xml] to configuration watch list.
16:21:51,700 |-INFO in ConfigurationWatchList(mainURL=file:/home/linxford/Projects/edenbank/fineract/fineract-provider/build/resources/main/logback-spring.xml, fileWatchList={/home/linxford/Projects/edenbank/fineract/fineract-provider/build/resources/main/logback-spring.xml}, urlWatchList=[}) - Cannot watch [jar:file:/home/linxford/.gradle/caches/modules-2/files-2.1/org.springframework.boot/spring-boot/3.4.4/f9dbe14c2e5e35a2cd27156802ea6b7c42ab34fd/spring-boot-3.4.4.jar!/org/springframework/boot/logging/logback/defaults.xml] as its protocol is not one of file, http or https.
16:21:51,707 |-INFO in ch.qos.logback.core.model.processor.ConversionRuleModelHandler - registering conversion word applicationName with class [org.springframework.boot.logging.logback.ApplicationNameConverter]
16:21:51,707 |-INFO in ch.qos.logback.core.model.processor.ConversionRuleModelHandler - registering conversion word clr with class [org.springframework.boot.logging.logback.ColorConverter]
16:21:51,707 |-INFO in ch.qos.logback.core.model.processor.ConversionRuleModelHandler - registering conversion word correlationId with class [org.springframework.boot.logging.logback.CorrelationIdConverter]
16:21:51,707 |-INFO in ch.qos.logback.core.model.processor.ConversionRuleModelHandler - registering conversion word esb with class [org.springframework.boot.logging.logback.EnclosedInSquareBracketsConverter]
16:21:51,707 |-INFO in ch.qos.logback.core.model.processor.ConversionRuleModelHandler - registering conversion word wex with class [org.springframework.boot.logging.logback.WhitespaceThrowableProxyConverter]
16:21:51,707 |-INFO in ch.qos.logback.core.model.processor.ConversionRuleModelHandler - registering conversion word wEx with class [org.springframework.boot.logging.logback.ExtendedWhitespaceThrowableProxyConverter]
16:21:51,708 |-INFO in ch.qos.logback.core.model.processor.ModelInterpretationContext@11963225 - value "%clr(%d{yyyy-MM-dd HH:mm:ss.SSS}){faint} %clr(-%5p) %clr(614984){magenta} %clr(%replace([%X{correlationId}]){'\[\]', ''}) [%15.15tenantId] %clr(---){faint} %clr([%15.15t]){faint} %clr(%-40.40logger{39}){cyan} %clr(:){faint} %m%n%wEx" substituted for "${CONSOLE_LOG_PATTERN:-%clr(%d{${LOG_DATEFORMAT_PATTERN:-yyyy-MM-dd'T'HH:mm:ss.SSSXXX}}){faint} %clr(${LOG_LEVEL_PATTERN:-%5p}){} %clr(${PID:-}){magenta} %clr(--- %esb(){APPLICATION_NAME}%esb{APPLICATION_GROUP}[%15.15t] ${LOG_CORRELATION_PATTERN:-}){faint}%clr(%-40.40logger{39}){cyan} %clr(:){faint} %m%n${LOG_EXCEPTION_CONVERSION_WORD:-%wEx}}"
16:21:51,709 |-INFO in ch.qos.logback.core.model.processor.ModelInterpretationContext@11963225 - value "UTF-8" substituted for "${CONSOLE_LOG_CHARSET:-${file.encoding:-UTF-8}}"
16:21:51,709 |-INFO in ch.qos.logback.core.model.processor.ModelInterpretationContext@11963225 - value "TRACE" substituted for "${CONSOLE_LOG_THRESHOLD:-TRACE}"
16:21:51,709 |-INFO in ch.qos.logback.core.model.processor.ModelInterpretationContext@11963225 - value "" substituted for "${CONSOLE_LOG_STRUCTURED_FORMAT:-}"
16:21:51,709 |-INFO in ch.qos.logback.core.model.processor.ModelInterpretationContext@11963225 - value "%d{yyyy-MM-dd'T'HH:mm:ss.SSSXXX} %5p [,%X{traceId:-},%X{spanId:-}] 614984 --- %esb(){APPLICATION_NAME}%esb{APPLICATION_GROUP}[%t] %-40.40logger{39} : %m%n%wEx" substituted for "${FILE_LOG_PATTERN:-%d{${LOG_DATEFORMAT_PATTERN:-yyyy-MM-dd'T'HH:mm:ss.SSSXXX}} ${LOG_LEVEL_PATTERN:-%5p} ${PID:-} --- %esb(){APPLICATION_NAME}%esb{APPLICATION_GROUP}[%t] ${LOG_CORRELATION_PATTERN:-}%-40.40logger{39} : %m%n${LOG_EXCEPTION_CONVERSION_WORD:-%wEx}}"
16:21:51,709 |-INFO in ch.qos.logback.core.model.processor.ModelInterpretationContext@11963225 - value "UTF-8" substituted for "${FILE_LOG_CHARSET:-${file.encoding:-UTF-8}}"
16:21:51,709 |-INFO in ch.qos.logback.core.model.processor.ModelInterpretationContext@11963225 - value "TRACE" substituted for "${FILE_LOG_THRESHOLD:-TRACE}"
16:21:51,709 |-INFO in ch.qos.logback.core.model.processor.ModelInterpretationContext@11963225 - value "" substituted for "${FILE_LOG_STRUCTURED_FORMAT:-}"
16:21:51,709 |-INFO in ch.qos.logback.core.model.processor.ConversionRuleModelHandler - registering conversion word tenantId with class [org.apache.fineract.infrastructure.core.logging.TenantIdentifierLoggingConverter]
16:21:51,915 |-INFO in ch.qos.logback.core.model.processor.conditional.IfModelHandler - Condition [false == true] evaluated to false on line 44
16:21:51,916 |-INFO in ch.qos.logback.classic.model.processor.LoggerModelHandler - Setting level of logger [org.apache.catalina.startup.DigesterFactory] to ERROR
16:21:51,917 |-INFO in ch.qos.logback.classic.jul.LevelChangePropagator@3f3c966c - Propagating ERROR level on Logger[org.apache.catalina.startup.DigesterFactory] onto the JUL framework
16:21:51,917 |-INFO in ch.qos.logback.classic.model.processor.LoggerModelHandler - Setting level of logger [org.apache.catalina.util.LifecycleBase] to ERROR
16:21:51,917 |-INFO in ch.qos.logback.classic.jul.LevelChangePropagator@3f3c966c - Propagating ERROR level on Logger[org.apache.catalina.util.LifecycleBase] onto the JUL framework
16:21:51,917 |-INFO in ch.qos.logback.classic.model.processor.LoggerModelHandler - Setting level of logger [org.apache.coyote.http11.Http11NioProtocol] to WARN
16:21:51,917 |-INFO in ch.qos.logback.classic.jul.LevelChangePropagator@3f3c966c - Propagating WARN level on Logger[org.apache.coyote.http11.Http11NioProtocol] onto the JUL framework
16:21:51,917 |-INFO in ch.qos.logback.classic.model.processor.LoggerModelHandler - Setting level of logger [org.apache.sshd.common.util.SecurityUtils] to WARN
16:21:51,917 |-INFO in ch.qos.logback.classic.jul.LevelChangePropagator@3f3c966c - Propagating WARN level on Logger[org.apache.sshd.common.util.SecurityUtils] onto the JUL framework
16:21:51,917 |-INFO in ch.qos.logback.classic.model.processor.LoggerModelHandler - Setting level of logger [org.apache.tomcat.util.net.NioSelectorPool] to WARN
16:21:51,917 |-INFO in ch.qos.logback.classic.jul.LevelChangePropagator@3f3c966c - Propagating WARN level on Logger[org.apache.tomcat.util.net.NioSelectorPool] onto the JUL framework
16:21:51,917 |-INFO in ch.qos.logback.classic.model.processor.LoggerModelHandler - Setting level of logger [org.eclipse.jetty.util.component.AbstractLifeCycle] to ERROR
16:21:51,917 |-INFO in ch.qos.logback.classic.jul.LevelChangePropagator@3f3c966c - Propagating ERROR level on Logger[org.eclipse.jetty.util.component.AbstractLifeCycle] onto the JUL framework
16:21:51,917 |-INFO in ch.qos.logback.classic.model.processor.LoggerModelHandler - Setting level of logger [org.hibernate.validator.internal.util.Version] to WARN
16:21:51,917 |-INFO in ch.qos.logback.classic.jul.LevelChangePropagator@3f3c966c - Propagating WARN level on Logger[org.hibernate.validator.internal.util.Version] onto the JUL framework
16:21:51,918 |-INFO in ch.qos.logback.classic.model.processor.LoggerModelHandler - Setting level of logger [org.springframework.boot.actuate.endpoint.jmx] to WARN
16:21:51,918 |-INFO in ch.qos.logback.classic.jul.LevelChangePropagator@3f3c966c - Propagating WARN level on Logger[org.springframework.boot.actuate.endpoint.jmx] onto the JUL framework
16:21:51,918 |-INFO in ch.qos.logback.core.model.processor.AppenderModelHandler - Processing appender named [CONSOLE]
16:21:51,918 |-INFO in ch.qos.logback.core.model.processor.AppenderModelHandler - About to instantiate appender of type [ch.qos.logback.core.ConsoleAppender]
16:21:51,921 |-INFO in ch.qos.logback.core.model.processor.ImplicitModelHandler - Assuming default type [ch.qos.logback.classic.encoder.PatternLayoutEncoder] for [encoder] property
16:21:51,922 |-INFO in ch.qos.logback.core.model.processor.ModelInterpretationContext@11963225 - value "%clr(%d{yyyy-MM-dd HH:mm:ss.SSS}){faint} %clr(-%5p) %clr(614984){magenta} %clr(%replace([%X{correlationId}]){'\[\]', ''}) [%15.15tenantId] %clr(---){faint} %clr([%15.15t]){faint} %clr(%-40.40logger{39}){cyan} %clr(:){faint} %m%n%wEx" substituted for "${CONSOLE_LOG_PATTERN}"
16:21:51,941 |-INFO in ch.qos.logback.core.ConsoleAppender[CONSOLE] - BEWARE: Writing to the console can be very slow. Avoid logging to the 
16:21:51,941 |-INFO in ch.qos.logback.core.ConsoleAppender[CONSOLE] - console in production environments, especially in high volume systems.
16:21:51,941 |-INFO in ch.qos.logback.core.ConsoleAppender[CONSOLE] - See also https://logback.qos.ch/codes.html#slowConsole
16:21:51,941 |-INFO in ch.qos.logback.classic.model.processor.LoggerModelHandler - Setting level of logger [org.springframework.boot.web.embedded.tomcat.TomcatWebServer] to INFO
16:21:51,941 |-INFO in ch.qos.logback.classic.jul.LevelChangePropagator@3f3c966c - Propagating INFO level on Logger[org.springframework.boot.web.embedded.tomcat.TomcatWebServer] onto the JUL framework
16:21:51,941 |-INFO in ch.qos.logback.classic.model.processor.LoggerModelHandler - Setting level of logger [org.apache.fineract.ServerApplication] to INFO
16:21:51,941 |-INFO in ch.qos.logback.classic.jul.LevelChangePropagator@3f3c966c - Propagating INFO level on Logger[org.apache.fineract.ServerApplication] onto the JUL framework
16:21:51,941 |-INFO in ch.qos.logback.core.model.processor.ModelInterpretationContext@11963225 - value "INFO" substituted for "${FINERACT_LOGGING_LEVEL:-INFO}"
16:21:51,941 |-INFO in ch.qos.logback.classic.model.processor.LoggerModelHandler - Setting level of logger [org.apache.fineract] to INFO
16:21:51,942 |-INFO in ch.qos.logback.classic.jul.LevelChangePropagator@3f3c966c - Propagating INFO level on Logger[org.apache.fineract] onto the JUL framework
16:21:51,942 |-INFO in ch.qos.logback.classic.model.processor.LoggerModelHandler - Setting level of logger [liquibase] to WARN
16:21:51,942 |-INFO in ch.qos.logback.classic.jul.LevelChangePropagator@3f3c966c - Propagating WARN level on Logger[liquibase] onto the JUL framework
16:21:51,942 |-INFO in ch.qos.logback.classic.model.processor.RootLoggerModelHandler - Setting level of ROOT logger to INFO
16:21:51,942 |-INFO in ch.qos.logback.classic.jul.LevelChangePropagator@3f3c966c - Propagating INFO level on Logger[ROOT] onto the JUL framework
16:21:51,942 |-INFO in ch.qos.logback.core.model.processor.AppenderRefModelHandler - Attaching appender named [CONSOLE] to Logger[ROOT]
16:21:51,942 |-INFO in ch.qos.logback.core.model.processor.DefaultProcessor@11ee02f8 - End of configuration.
16:21:51,942 |-INFO in org.springframework.boot.logging.logback.SpringBootJoranConfigurator@4102b1b1 - Registering current configuration as safe fallback point


    _                     _            _____ _                           _
   / \   _ __   __ _  ___| |__   ___  |  ___(_)_ __   ___ _ __ __ _  ___| |_
  / _ \ | '_ \ / _` |/ __| '_ \ / _ \ | |_  | | '_ \ / _ \ '__/ _` |/ __| __|
 / ___ \| |_) | (_| | (__| | | |  __/ |  _| | | | | |  __/ | | (_| | (__| |_
/_/   \_\ .__/ \__,_|\___|_| |_|\___| |_|   |_|_| |_|\___|_|  \__,_|\___|\__|
        |_|

[2m[37m(c) 2015-2024 Apache Fineract (https://fineract.apache.org)[30m

[2m[37mPowered by Spring Boot 3.4.4[30m


[2m2025-07-29 16:21:52.079[0;39m [32m- INFO[0;39m [35m614984[0;39m [32m[0;39m [      no-tenant] [2m---[0;39m [2m[           main][0;39m [36morg.apache.fineract.ServerApplication   [0;39m [2m:[0;39m Starting ServerApplication using Java 21.0.8 with PID 614984 (/home/linxford/Projects/edenbank/fineract/fineract-provider/build/classes/java/main started by linxford in /home/linxford/Projects/edenbank/fineract/fineract-provider)
[2m2025-07-29 16:21:52.083[0;39m [32m- INFO[0;39m [35m614984[0;39m [32m[0;39m [      no-tenant] [2m---[0;39m [2m[           main][0;39m [36morg.apache.fineract.ServerApplication   [0;39m [2m:[0;39m No active profile set, falling back to 1 default profile: "default"
[2m2025-07-29 16:21:56.426[0;39m [32m- INFO[0;39m [35m614984[0;39m [32m[0;39m [      no-tenant] [2m---[0;39m [2m[           main][0;39m [36m.s.d.r.c.RepositoryConfigurationDelegate[0;39m [2m:[0;39m Bootstrapping Spring Data JPA repositories in DEFAULT mode.
[2m2025-07-29 16:21:57.568[0;39m [32m- INFO[0;39m [35m614984[0;39m [32m[0;39m [      no-tenant] [2m---[0;39m [2m[           main][0;39m [36mo.s.b.f.s.DefaultListableBeanFactory    [0;39m [2m:[0;39m Overriding bean definition for bean 'commandRepository' with a different definition: replacing [Root bean: class=org.springframework.data.jpa.repository.support.JpaRepositoryFactoryBean; scope=; abstract=false; lazyInit=false; autowireMode=0; dependencyCheck=0; autowireCandidate=true; primary=false; fallback=false; factoryBeanName=null; factoryMethodName=null; initMethodNames=null; destroyMethodNames=null; defined in org.apache.fineract.command.persistence.domain.CommandRepository defined in @EnableJpaRepositories declared on JPAConfig] with [Root bean: class=org.springframework.data.jpa.repository.support.JpaRepositoryFactoryBean; scope=; abstract=false; lazyInit=false; autowireMode=0; dependencyCheck=0; autowireCandidate=true; primary=false; fallback=false; factoryBeanName=null; factoryMethodName=null; initMethodNames=null; destroyMethodNames=null; defined in org.apache.fineract.command.persistence.domain.CommandRepository defined in @EnableJpaRepositories declared on JPAConfig]
[2m2025-07-29 16:21:57.729[0;39m [32m- INFO[0;39m [35m614984[0;39m [32m[0;39m [      no-tenant] [2m---[0;39m [2m[           main][0;39m [36m.s.d.r.c.RepositoryConfigurationDelegate[0;39m [2m:[0;39m Finished Spring Data repository scanning in 1284 ms. Found 176 JPA repository interfaces.
[2m2025-07-29 16:21:57.737[0;39m [32m- INFO[0;39m [35m614984[0;39m [32m[0;39m [      no-tenant] [2m---[0;39m [2m[           main][0;39m [36mo.s.b.f.s.DefaultListableBeanFactory    [0;39m [2m:[0;39m Overriding bean definition for bean 'jpaAuditingHandler' with a different definition: replacing [Root bean: class=org.springframework.data.auditing.AuditingHandler; scope=; abstract=false; lazyInit=null; autowireMode=2; dependencyCheck=0; autowireCandidate=true; primary=false; fallback=false; factoryBeanName=null; factoryMethodName=from; initMethodNames=null; destroyMethodNames=null] with [Root bean: class=org.apache.fineract.infrastructure.core.auditing.CustomAuditingHandler; scope=prototype; abstract=false; lazyInit=null; autowireMode=0; dependencyCheck=0; autowireCandidate=true; primary=false; fallback=false; factoryBeanName=null; factoryMethodName=null; initMethodNames=null; destroyMethodNames=null]
[2m2025-07-29 16:21:57.762[0;39m [32m- INFO[0;39m [35m614984[0;39m [32m[0;39m [      no-tenant] [2m---[0;39m [2m[           main][0;39m [36mo.s.b.f.s.DefaultListableBeanFactory    [0;39m [2m:[0;39m Overriding bean definition for bean 'transactionManager' with a different definition: replacing [Root bean: class=null; scope=; abstract=false; lazyInit=null; autowireMode=3; dependencyCheck=0; autowireCandidate=true; primary=false; fallback=false; factoryBeanName=JPAConfig; factoryMethodName=transactionManager; initMethodNames=null; destroyMethodNames=[(inferred)]; defined in class path resource [org/apache/fineract/infrastructure/core/config/jpa/JPAConfig.class]] with [Root bean: class=null; scope=; abstract=false; lazyInit=null; autowireMode=3; dependencyCheck=0; autowireCandidate=true; primary=false; fallback=false; factoryBeanName=scheduledJobRunnerConfig; factoryMethodName=transactionManager; initMethodNames=null; destroyMethodNames=[(inferred)]; defined in class path resource [org/apache/fineract/infrastructure/jobs/ScheduledJobRunnerConfig.class]]
[2m2025-07-29 16:21:57.764[0;39m [32m- INFO[0;39m [35m614984[0;39m [32m[0;39m [      no-tenant] [2m---[0;39m [2m[           main][0;39m [36mo.s.b.c.c.annotation.BatchRegistrar     [0;39m [2m:[0;39m Bean jobRepository already defined in the application context, skipping the registration of a jobRepository
[2m2025-07-29 16:21:57.765[0;39m [32m- INFO[0;39m [35m614984[0;39m [32m[0;39m [      no-tenant] [2m---[0;39m [2m[           main][0;39m [36mo.s.b.c.c.annotation.BatchRegistrar     [0;39m [2m:[0;39m Bean jobExplorer already defined in the application context, skipping the registration of a jobExplorer
[2m2025-07-29 16:21:57.765[0;39m [32m- INFO[0;39m [35m614984[0;39m [32m[0;39m [      no-tenant] [2m---[0;39m [2m[           main][0;39m [36mo.s.b.c.c.annotation.BatchRegistrar     [0;39m [2m:[0;39m Bean jobLauncher already defined in the application context, skipping the registration of a jobLauncher
[2m2025-07-29 16:21:57.766[0;39m [32m- INFO[0;39m [35m614984[0;39m [32m[0;39m [      no-tenant] [2m---[0;39m [2m[           main][0;39m [36mo.s.b.c.c.annotation.BatchRegistrar     [0;39m [2m:[0;39m Finished Spring Batch infrastructure beans configuration in 3 ms.
[2m2025-07-29 16:22:00.901[0;39m [32m- INFO[0;39m [35m614984[0;39m [32m[0;39m [      no-tenant] [2m---[0;39m [2m[           main][0;39m [36mfaultConfiguringBeanFactoryPostProcessor[0;39m [2m:[0;39m No bean named 'errorChannel' has been explicitly defined. Therefore, a default PublishSubscribeChannel will be created.
[2m2025-07-29 16:22:00.920[0;39m [32m- INFO[0;39m [35m614984[0;39m [32m[0;39m [      no-tenant] [2m---[0;39m [2m[           main][0;39m [36mfaultConfiguringBeanFactoryPostProcessor[0;39m [2m:[0;39m No bean named 'integrationHeaderChannelRegistry' has been explicitly defined. Therefore, a default DefaultHeaderChannelRegistry will be created.
[2m2025-07-29 16:22:02.785[0;39m [33m- WARN[0;39m [35m614984[0;39m [33m[0;39m [      no-tenant] [2m---[0;39m [2m[           main][0;39m [36mtrationDelegate$BeanPostProcessorChecker[0;39m [2m:[0;39m Bean 'fineract-org.apache.fineract.infrastructure.core.config.FineractProperties' of type [org.apache.fineract.infrastructure.core.config.FineractProperties] is not eligible for getting processed by all BeanPostProcessors (for example: not eligible for auto-proxying). Is this bean getting eagerly injected/applied to a currently created BeanPostProcessor [samplingBeanPostProcessor]? Check the corresponding BeanPostProcessor declaration and its dependencies/advisors. If this bean does not have to be post-processed, declare it with ROLE_INFRASTRUCTURE.
[2m2025-07-29 16:22:02.798[0;39m [33m- WARN[0;39m [35m614984[0;39m [33m[0;39m [      no-tenant] [2m---[0;39m [2m[           main][0;39m [36mtrationDelegate$BeanPostProcessorChecker[0;39m [2m:[0;39m Bean 'cacheConfig' of type [org.apache.fineract.infrastructure.core.config.cache.CacheConfig$$SpringCGLIB$$0] is not eligible for getting processed by all BeanPostProcessors (for example: not eligible for auto-proxying). Is this bean getting eagerly injected/applied to a currently created BeanPostProcessor [samplingBeanPostProcessor]? Check the corresponding BeanPostProcessor declaration and its dependencies/advisors. If this bean does not have to be post-processed, declare it with ROLE_INFRASTRUCTURE.
[2m2025-07-29 16:22:06.414[0;39m [32m- INFO[0;39m [35m614984[0;39m [32m[0;39m [      no-tenant] [2m---[0;39m [2m[           main][0;39m [36morg.reflections.Reflections             [0;39m [2m:[0;39m Reflections took 3401 ms to scan 380 urls, producing 852 keys and 89290 values
[2m2025-07-29 16:22:06.504[0;39m [32m- INFO[0;39m [35m614984[0;39m [32m[0;39m [      no-tenant] [2m---[0;39m [2m[           main][0;39m [36morg.ehcache.core.EhcacheManager         [0;39m [2m:[0;39m Cache 'codes' created in EhcacheManager.
[2m2025-07-29 16:22:06.514[0;39m [32m- INFO[0;39m [35m614984[0;39m [32m[0;39m [      no-tenant] [2m---[0;39m [2m[           main][0;39m [36morg.ehcache.jsr107.Eh107CacheManager    [0;39m [2m:[0;39m Registering Ehcache MBean javax.cache:type=CacheStatistics,CacheManager=urn.X-ehcache.jsr107-default-config,Cache=codes
[2m2025-07-29 16:22:06.518[0;39m [32m- INFO[0;39m [35m614984[0;39m [32m[0;39m [      no-tenant] [2m---[0;39m [2m[           main][0;39m [36morg.ehcache.core.EhcacheManager         [0;39m [2m:[0;39m Cache 'calendarInstances' created in EhcacheManager.
[2m2025-07-29 16:22:06.519[0;39m [32m- INFO[0;39m [35m614984[0;39m [32m[0;39m [      no-tenant] [2m---[0;39m [2m[           main][0;39m [36morg.ehcache.jsr107.Eh107CacheManager    [0;39m [2m:[0;39m Registering Ehcache MBean javax.cache:type=CacheStatistics,CacheManager=urn.X-ehcache.jsr107-default-config,Cache=calendarInstances
[2m2025-07-29 16:22:06.521[0;39m [32m- INFO[0;39m [35m614984[0;39m [32m[0;39m [      no-tenant] [2m---[0;39m [2m[           main][0;39m [36morg.ehcache.core.EhcacheManager         [0;39m [2m:[0;39m Cache 'code_values' created in EhcacheManager.
[2m2025-07-29 16:22:06.521[0;39m [32m- INFO[0;39m [35m614984[0;39m [32m[0;39m [      no-tenant] [2m---[0;39m [2m[           main][0;39m [36morg.ehcache.jsr107.Eh107CacheManager    [0;39m [2m:[0;39m Registering Ehcache MBean javax.cache:type=CacheStatistics,CacheManager=urn.X-ehcache.jsr107-default-config,Cache=code_values
[2m2025-07-29 16:22:06.523[0;39m [32m- INFO[0;39m [35m614984[0;39m [32m[0;39m [      no-tenant] [2m---[0;39m [2m[           main][0;39m [36morg.ehcache.core.EhcacheManager         [0;39m [2m:[0;39m Cache 'tellers' created in EhcacheManager.
[2m2025-07-29 16:22:06.523[0;39m [32m- INFO[0;39m [35m614984[0;39m [32m[0;39m [      no-tenant] [2m---[0;39m [2m[           main][0;39m [36morg.ehcache.jsr107.Eh107CacheManager    [0;39m [2m:[0;39m Registering Ehcache MBean javax.cache:type=CacheStatistics,CacheManager=urn.X-ehcache.jsr107-default-config,Cache=tellers
[2m2025-07-29 16:22:06.524[0;39m [32m- INFO[0;39m [35m614984[0;39m [32m[0;39m [      no-tenant] [2m---[0;39m [2m[           main][0;39m [36morg.ehcache.core.EhcacheManager         [0;39m [2m:[0;39m Cache 'officesForDropdown' created in EhcacheManager.
[2m2025-07-29 16:22:06.525[0;39m [32m- INFO[0;39m [35m614984[0;39m [32m[0;39m [      no-tenant] [2m---[0;39m [2m[           main][0;39m [36morg.ehcache.jsr107.Eh107CacheManager    [0;39m [2m:[0;39m Registering Ehcache MBean javax.cache:type=CacheStatistics,CacheManager=urn.X-ehcache.jsr107-default-config,Cache=officesForDropdown
[2m2025-07-29 16:22:06.527[0;39m [32m- INFO[0;39m [35m614984[0;39m [32m[0;39m [      no-tenant] [2m---[0;39m [2m[           main][0;39m [36morg.ehcache.core.EhcacheManager         [0;39m [2m:[0;39m Cache 'offices' created in EhcacheManager.
[2m2025-07-29 16:22:06.527[0;39m [32m- INFO[0;39m [35m614984[0;39m [32m[0;39m [      no-tenant] [2m---[0;39m [2m[           main][0;39m [36morg.ehcache.jsr107.Eh107CacheManager    [0;39m [2m:[0;39m Registering Ehcache MBean javax.cache:type=CacheStatistics,CacheManager=urn.X-ehcache.jsr107-default-config,Cache=offices
[2m2025-07-29 16:22:06.529[0;39m [32m- INFO[0;39m [35m614984[0;39m [32m[0;39m [      no-tenant] [2m---[0;39m [2m[           main][0;39m [36morg.ehcache.core.EhcacheManager         [0;39m [2m:[0;39m Cache 'userTFAccessToken' created in EhcacheManager.
[2m2025-07-29 16:22:06.529[0;39m [32m- INFO[0;39m [35m614984[0;39m [32m[0;39m [      no-tenant] [2m---[0;39m [2m[           main][0;39m [36morg.ehcache.jsr107.Eh107CacheManager    [0;39m [2m:[0;39m Registering Ehcache MBean javax.cache:type=CacheStatistics,CacheManager=urn.X-ehcache.jsr107-default-config,Cache=userTFAccessToken
[2m2025-07-29 16:22:06.531[0;39m [32m- INFO[0;39m [35m614984[0;39m [32m[0;39m [      no-tenant] [2m---[0;39m [2m[           main][0;39m [36morg.ehcache.core.EhcacheManager         [0;39m [2m:[0;39m Cache 'officesById' created in EhcacheManager.
[2m2025-07-29 16:22:06.531[0;39m [32m- INFO[0;39m [35m614984[0;39m [32m[0;39m [      no-tenant] [2m---[0;39m [2m[           main][0;39m [36morg.ehcache.jsr107.Eh107CacheManager    [0;39m [2m:[0;39m Registering Ehcache MBean javax.cache:type=CacheStatistics,CacheManager=urn.X-ehcache.jsr107-default-config,Cache=officesById
[2m2025-07-29 16:22:06.533[0;39m [32m- INFO[0;39m [35m614984[0;39m [32m[0;39m [      no-tenant] [2m---[0;39m [2m[           main][0;39m [36morg.ehcache.core.EhcacheManager         [0;39m [2m:[0;39m Cache 'payment_types' created in EhcacheManager.
[2m2025-07-29 16:22:06.533[0;39m [32m- INFO[0;39m [35m614984[0;39m [32m[0;39m [      no-tenant] [2m---[0;39m [2m[           main][0;39m [36morg.ehcache.jsr107.Eh107CacheManager    [0;39m [2m:[0;39m Registering Ehcache MBean javax.cache:type=CacheStatistics,CacheManager=urn.X-ehcache.jsr107-default-config,Cache=payment_types
[2m2025-07-29 16:22:06.535[0;39m [32m- INFO[0;39m [35m614984[0;39m [32m[0;39m [      no-tenant] [2m---[0;39m [2m[           main][0;39m [36morg.ehcache.core.EhcacheManager         [0;39m [2m:[0;39m Cache 'usersByUsername' created in EhcacheManager.
[2m2025-07-29 16:22:06.535[0;39m [32m- INFO[0;39m [35m614984[0;39m [32m[0;39m [      no-tenant] [2m---[0;39m [2m[           main][0;39m [36morg.ehcache.jsr107.Eh107CacheManager    [0;39m [2m:[0;39m Registering Ehcache MBean javax.cache:type=CacheStatistics,CacheManager=urn.X-ehcache.jsr107-default-config,Cache=usersByUsername
[2m2025-07-29 16:22:06.537[0;39m [32m- INFO[0;39m [35m614984[0;39m [32m[0;39m [      no-tenant] [2m---[0;39m [2m[           main][0;39m [36morg.ehcache.core.EhcacheManager         [0;39m [2m:[0;39m Cache 'externalAssetOwnerLoanProductAttributes' created in EhcacheManager.
[2m2025-07-29 16:22:06.537[0;39m [32m- INFO[0;39m [35m614984[0;39m [32m[0;39m [      no-tenant] [2m---[0;39m [2m[           main][0;39m [36morg.ehcache.jsr107.Eh107CacheManager    [0;39m [2m:[0;39m Registering Ehcache MBean javax.cache:type=CacheStatistics,CacheManager=urn.X-ehcache.jsr107-default-config,Cache=externalAssetOwnerLoanProductAttributes
[2m2025-07-29 16:22:06.539[0;39m [32m- INFO[0;39m [35m614984[0;39m [32m[0;39m [      no-tenant] [2m---[0;39m [2m[           main][0;39m [36morg.ehcache.core.EhcacheManager         [0;39m [2m:[0;39m Cache 'users' created in EhcacheManager.
[2m2025-07-29 16:22:06.539[0;39m [32m- INFO[0;39m [35m614984[0;39m [32m[0;39m [      no-tenant] [2m---[0;39m [2m[           main][0;39m [36morg.ehcache.jsr107.Eh107CacheManager    [0;39m [2m:[0;39m Registering Ehcache MBean javax.cache:type=CacheStatistics,CacheManager=urn.X-ehcache.jsr107-default-config,Cache=users
[2m2025-07-29 16:22:06.540[0;39m [32m- INFO[0;39m [35m614984[0;39m [32m[0;39m [      no-tenant] [2m---[0;39m [2m[           main][0;39m [36morg.ehcache.core.EhcacheManager         [0;39m [2m:[0;39m Cache 'charges' created in EhcacheManager.
[2m2025-07-29 16:22:06.540[0;39m [32m- INFO[0;39m [35m614984[0;39m [32m[0;39m [      no-tenant] [2m---[0;39m [2m[           main][0;39m [36morg.ehcache.jsr107.Eh107CacheManager    [0;39m [2m:[0;39m Registering Ehcache MBean javax.cache:type=CacheStatistics,CacheManager=urn.X-ehcache.jsr107-default-config,Cache=charges
[2m2025-07-29 16:22:06.542[0;39m [32m- INFO[0;39m [35m614984[0;39m [32m[0;39m [      no-tenant] [2m---[0;39m [2m[           main][0;39m [36morg.ehcache.core.EhcacheManager         [0;39m [2m:[0;39m Cache 'tenantsById' created in EhcacheManager.
[2m2025-07-29 16:22:06.542[0;39m [32m- INFO[0;39m [35m614984[0;39m [32m[0;39m [      no-tenant] [2m---[0;39m [2m[           main][0;39m [36morg.ehcache.jsr107.Eh107CacheManager    [0;39m [2m:[0;39m Registering Ehcache MBean javax.cache:type=CacheStatistics,CacheManager=urn.X-ehcache.jsr107-default-config,Cache=tenantsById
[2m2025-07-29 16:22:06.543[0;39m [32m- INFO[0;39m [35m614984[0;39m [32m[0;39m [      no-tenant] [2m---[0;39m [2m[           main][0;39m [36morg.ehcache.core.EhcacheManager         [0;39m [2m:[0;39m Cache 'paymentTypesWithCode' created in EhcacheManager.
[2m2025-07-29 16:22:06.544[0;39m [32m- INFO[0;39m [35m614984[0;39m [32m[0;39m [      no-tenant] [2m---[0;39m [2m[           main][0;39m [36morg.ehcache.jsr107.Eh107CacheManager    [0;39m [2m:[0;39m Registering Ehcache MBean javax.cache:type=CacheStatistics,CacheManager=urn.X-ehcache.jsr107-default-config,Cache=paymentTypesWithCode
[2m2025-07-29 16:22:06.545[0;39m [32m- INFO[0;39m [35m614984[0;39m [32m[0;39m [      no-tenant] [2m---[0;39m [2m[           main][0;39m [36morg.ehcache.core.EhcacheManager         [0;39m [2m:[0;39m Cache 'funds' created in EhcacheManager.
[2m2025-07-29 16:22:06.545[0;39m [32m- INFO[0;39m [35m614984[0;39m [32m[0;39m [      no-tenant] [2m---[0;39m [2m[           main][0;39m [36morg.ehcache.jsr107.Eh107CacheManager    [0;39m [2m:[0;39m Registering Ehcache MBean javax.cache:type=CacheStatistics,CacheManager=urn.X-ehcache.jsr107-default-config,Cache=funds
[2m2025-07-29 16:22:06.547[0;39m [32m- INFO[0;39m [35m614984[0;39m [32m[0;39m [      no-tenant] [2m---[0;39m [2m[           main][0;39m [36morg.ehcache.core.EhcacheManager         [0;39m [2m:[0;39m Cache 'tfConfig' created in EhcacheManager.
[2m2025-07-29 16:22:06.547[0;39m [32m- INFO[0;39m [35m614984[0;39m [32m[0;39m [      no-tenant] [2m---[0;39m [2m[           main][0;39m [36morg.ehcache.jsr107.Eh107CacheManager    [0;39m [2m:[0;39m Registering Ehcache MBean javax.cache:type=CacheStatistics,CacheManager=urn.X-ehcache.jsr107-default-config,Cache=tfConfig
[2m2025-07-29 16:22:06.548[0;39m [32m- INFO[0;39m [35m614984[0;39m [32m[0;39m [      no-tenant] [2m---[0;39m [2m[           main][0;39m [36morg.ehcache.core.EhcacheManager         [0;39m [2m:[0;39m Cache 'hooks' created in EhcacheManager.
[2m2025-07-29 16:22:06.548[0;39m [32m- INFO[0;39m [35m614984[0;39m [32m[0;39m [      no-tenant] [2m---[0;39m [2m[           main][0;39m [36morg.ehcache.jsr107.Eh107CacheManager    [0;39m [2m:[0;39m Registering Ehcache MBean javax.cache:type=CacheStatistics,CacheManager=urn.X-ehcache.jsr107-default-config,Cache=hooks
[2m2025-07-29 16:22:06.550[0;39m [32m- INFO[0;39m [35m614984[0;39m [32m[0;39m [      no-tenant] [2m---[0;39m [2m[           main][0;39m [36morg.ehcache.core.EhcacheManager         [0;39m [2m:[0;39m Cache 'configByName' created in EhcacheManager.
[2m2025-07-29 16:22:06.550[0;39m [32m- INFO[0;39m [35m614984[0;39m [32m[0;39m [      no-tenant] [2m---[0;39m [2m[           main][0;39m [36morg.ehcache.jsr107.Eh107CacheManager    [0;39m [2m:[0;39m Registering Ehcache MBean javax.cache:type=CacheStatistics,CacheManager=urn.X-ehcache.jsr107-default-config,Cache=configByName
[2m2025-07-29 16:22:06.551[0;39m [32m- INFO[0;39m [35m614984[0;39m [32m[0;39m [      no-tenant] [2m---[0;39m [2m[           main][0;39m [36morg.ehcache.core.EhcacheManager         [0;39m [2m:[0;39m Cache 'currencies' created in EhcacheManager.
[2m2025-07-29 16:22:06.551[0;39m [32m- INFO[0;39m [35m614984[0;39m [32m[0;39m [      no-tenant] [2m---[0;39m [2m[           main][0;39m [36morg.ehcache.jsr107.Eh107CacheManager    [0;39m [2m:[0;39m Registering Ehcache MBean javax.cache:type=CacheStatistics,CacheManager=urn.X-ehcache.jsr107-default-config,Cache=currencies
[2m2025-07-29 16:22:06.553[0;39m [33m- WARN[0;39m [35m614984[0;39m [33m[0;39m [      no-tenant] [2m---[0;39m [2m[           main][0;39m [36mtrationDelegate$BeanPostProcessorChecker[0;39m [2m:[0;39m Bean 'ehCacheManager' of type [org.springframework.cache.jcache.JCacheCacheManager] is not eligible for getting processed by all BeanPostProcessors (for example: not eligible for auto-proxying). Is this bean getting eagerly injected/applied to a currently created BeanPostProcessor [samplingBeanPostProcessor]? Check the corresponding BeanPostProcessor declaration and its dependencies/advisors. If this bean does not have to be post-processed, declare it with ROLE_INFRASTRUCTURE.
[2m2025-07-29 16:22:06.563[0;39m [33m- WARN[0;39m [35m614984[0;39m [33m[0;39m [      no-tenant] [2m---[0;39m [2m[           main][0;39m [36mtrationDelegate$BeanPostProcessorChecker[0;39m [2m:[0;39m Bean 'defaultCacheManager' of type [org.apache.fineract.infrastructure.core.config.cache.TransactionBoundCacheManager] is not eligible for getting processed by all BeanPostProcessors (for example: not eligible for auto-proxying). Is this bean getting eagerly injected/applied to a currently created BeanPostProcessor [samplingBeanPostProcessor]? Check the corresponding BeanPostProcessor declaration and its dependencies/advisors. If this bean does not have to be post-processed, declare it with ROLE_INFRASTRUCTURE.
[2m2025-07-29 16:22:06.567[0;39m [33m- WARN[0;39m [35m614984[0;39m [33m[0;39m [      no-tenant] [2m---[0;39m [2m[           main][0;39m [36mtrationDelegate$BeanPostProcessorChecker[0;39m [2m:[0;39m Bean 'runtimeDelegatingCacheManager' of type [org.apache.fineract.infrastructure.cache.service.RuntimeDelegatingCacheManager] is not eligible for getting processed by all BeanPostProcessors (for example: not eligible for auto-proxying). Is this bean getting eagerly injected/applied to a currently created BeanPostProcessor [samplingBeanPostProcessor]? Check the corresponding BeanPostProcessor declaration and its dependencies/advisors. If this bean does not have to be post-processed, declare it with ROLE_INFRASTRUCTURE.
[2m2025-07-29 16:22:06.571[0;39m [33m- WARN[0;39m [35m614984[0;39m [33m[0;39m [      no-tenant] [2m---[0;39m [2m[           main][0;39m [36mtrationDelegate$BeanPostProcessorChecker[0;39m [2m:[0;39m Bean 'platformCacheConfiguration' of type [org.apache.fineract.infrastructure.cache.PlatformCacheConfiguration$$SpringCGLIB$$0] is not eligible for getting processed by all BeanPostProcessors (for example: not eligible for auto-proxying). Is this bean getting eagerly injected/applied to a currently created BeanPostProcessor [samplingBeanPostProcessor]? Check the corresponding BeanPostProcessor declaration and its dependencies/advisors. If this bean does not have to be post-processed, declare it with ROLE_INFRASTRUCTURE.
[2m2025-07-29 16:22:06.607[0;39m [33m- WARN[0;39m [35m614984[0;39m [33m[0;39m [      no-tenant] [2m---[0;39m [2m[           main][0;39m [36mtrationDelegate$BeanPostProcessorChecker[0;39m [2m:[0;39m Bean 'samplingConfiguration' of type [org.apache.fineract.infrastructure.core.diagnostics.performance.sampling.core.SamplingConfiguration] is not eligible for getting processed by all BeanPostProcessors (for example: not eligible for auto-proxying). Is this bean getting eagerly injected/applied to a currently created BeanPostProcessor [samplingBeanPostProcessor]? Check the corresponding BeanPostProcessor declaration and its dependencies/advisors. If this bean does not have to be post-processed, declare it with ROLE_INFRASTRUCTURE.
[2m2025-07-29 16:22:06.612[0;39m [33m- WARN[0;39m [35m614984[0;39m [33m[0;39m [      no-tenant] [2m---[0;39m [2m[           main][0;39m [36mtrationDelegate$BeanPostProcessorChecker[0;39m [2m:[0;39m Bean 'samplingServiceFactory' of type [org.apache.fineract.infrastructure.core.diagnostics.performance.sampling.core.SamplingServiceFactory] is not eligible for getting processed by all BeanPostProcessors (for example: not eligible for auto-proxying). Is this bean getting eagerly injected/applied to a currently created BeanPostProcessor [samplingBeanPostProcessor]? Check the corresponding BeanPostProcessor declaration and its dependencies/advisors. If this bean does not have to be post-processed, declare it with ROLE_INFRASTRUCTURE.
[2m2025-07-29 16:22:07.256[0;39m [32m- INFO[0;39m [35m614984[0;39m [32m[0;39m [      no-tenant] [2m---[0;39m [2m[           main][0;39m [36mo.s.b.w.embedded.tomcat.TomcatWebServer [0;39m [2m:[0;39m Tomcat initialized with port 8443 (https)
[2m2025-07-29 16:22:07.272[0;39m [32m- INFO[0;39m [35m614984[0;39m [32m[0;39m [      no-tenant] [2m---[0;39m [2m[           main][0;39m [36mo.apache.catalina.core.StandardService  [0;39m [2m:[0;39m Starting service [Tomcat]
[2m2025-07-29 16:22:07.272[0;39m [32m- INFO[0;39m [35m614984[0;39m [32m[0;39m [      no-tenant] [2m---[0;39m [2m[           main][0;39m [36mo.apache.catalina.core.StandardEngine   [0;39m [2m:[0;39m Starting Servlet engine: [Apache Tomcat/10.1.39]
[2m2025-07-29 16:22:07.332[0;39m [32m- INFO[0;39m [35m614984[0;39m [32m[0;39m [      no-tenant] [2m---[0;39m [2m[           main][0;39m [36mo.a.c.c.C.[.[.[/fineract-provider]      [0;39m [2m:[0;39m Initializing Spring embedded WebApplicationContext
[2m2025-07-29 16:22:07.333[0;39m [32m- INFO[0;39m [35m614984[0;39m [32m[0;39m [      no-tenant] [2m---[0;39m [2m[           main][0;39m [36mw.s.c.ServletWebServerApplicationContext[0;39m [2m:[0;39m Root WebApplicationContext: initialization completed in 15226 ms
[2m2025-07-29 16:22:07.561[0;39m [32m- INFO[0;39m [35m614984[0;39m [32m[0;39m [      no-tenant] [2m---[0;39m [2m[           main][0;39m [36mcom.zaxxer.hikari.HikariDataSource      [0;39m [2m:[0;39m HikariPool-1 - Starting...
[2m2025-07-29 16:22:07.717[0;39m [32m- INFO[0;39m [35m614984[0;39m [32m[0;39m [      no-tenant] [2m---[0;39m [2m[           main][0;39m [36mcom.zaxxer.hikari.pool.HikariPool       [0;39m [2m:[0;39m HikariPool-1 - Added connection org.mariadb.jdbc.Connection@4a87c283
[2m2025-07-29 16:22:07.719[0;39m [32m- INFO[0;39m [35m614984[0;39m [32m[0;39m [      no-tenant] [2m---[0;39m [2m[           main][0;39m [36mcom.zaxxer.hikari.HikariDataSource      [0;39m [2m:[0;39m HikariPool-1 - Start completed.
[2m2025-07-29 16:22:07.910[0;39m [32m- INFO[0;39m [35m614984[0;39m [32m[0;39m [      no-tenant] [2m---[0;39m [2m[           main][0;39m [36ma.f.i.c.s.m.TenantDatabaseUpgradeService[0;39m [2m:[0;39m Upgrading tenant store DB at localhost:3306
[2m2025-07-29 16:22:07.910[0;39m [32m- INFO[0;39m [35m614984[0;39m [32m[0;39m [      no-tenant] [2m---[0;39m [2m[           main][0;39m [36ma.f.i.c.s.m.TenantDatabaseUpgradeService[0;39m [2m:[0;39m - fineract.tenant.username: root
[2m2025-07-29 16:22:07.910[0;39m [32m- INFO[0;39m [35m614984[0;39m [32m[0;39m [      no-tenant] [2m---[0;39m [2m[           main][0;39m [36ma.f.i.c.s.m.TenantDatabaseUpgradeService[0;39m [2m:[0;39m - fineract.tenant.password: ****
[2m2025-07-29 16:22:07.910[0;39m [32m- INFO[0;39m [35m614984[0;39m [32m[0;39m [      no-tenant] [2m---[0;39m [2m[           main][0;39m [36ma.f.i.c.s.m.TenantDatabaseUpgradeService[0;39m [2m:[0;39m - fineract.tenant.parameters: 
[2m2025-07-29 16:22:07.910[0;39m [32m- INFO[0;39m [35m614984[0;39m [32m[0;39m [      no-tenant] [2m---[0;39m [2m[           main][0;39m [36ma.f.i.c.s.m.TenantDatabaseUpgradeService[0;39m [2m:[0;39m - fineract.tenant.timezone: Asia/Kolkata
[2m2025-07-29 16:22:07.910[0;39m [32m- INFO[0;39m [35m614984[0;39m [32m[0;39m [      no-tenant] [2m---[0;39m [2m[           main][0;39m [36ma.f.i.c.s.m.TenantDatabaseUpgradeService[0;39m [2m:[0;39m - fineract.tenant.description: Default Demo Tenant
[2m2025-07-29 16:22:07.910[0;39m [32m- INFO[0;39m [35m614984[0;39m [32m[0;39m [      no-tenant] [2m---[0;39m [2m[           main][0;39m [36ma.f.i.c.s.m.TenantDatabaseUpgradeService[0;39m [2m:[0;39m - fineract.tenant.identifier: default
[2m2025-07-29 16:22:07.910[0;39m [32m- INFO[0;39m [35m614984[0;39m [32m[0;39m [      no-tenant] [2m---[0;39m [2m[           main][0;39m [36ma.f.i.c.s.m.TenantDatabaseUpgradeService[0;39m [2m:[0;39m - fineract.tenant.name: fineract_default
[2m2025-07-29 16:22:07.910[0;39m [32m- INFO[0;39m [35m614984[0;39m [32m[0;39m [      no-tenant] [2m---[0;39m [2m[           main][0;39m [36ma.f.i.c.s.m.TenantDatabaseUpgradeService[0;39m [2m:[0;39m - liquibase.analytics.enabled: false
[2m2025-07-29 16:22:18.808[0;39m [33m- WARN[0;39m [35m614984[0;39m [33m[0;39m [      no-tenant] [2m---[0;39m [2m[           main][0;39m [36mliquibase.changelog                     [0;39m [2m:[0;39m Due to mariadb SQL limitations, modifyDataType will lose primary key/autoincrement/not null/comment settings explicitly redefined in the change. Use <sql> or <modifySql> to re-specify all configuration if this is the case
[2m2025-07-29 16:22:18.857[0;39m [33m- WARN[0;39m [35m614984[0;39m [33m[0;39m [      no-tenant] [2m---[0;39m [2m[           main][0;39m [36mliquibase.changelog                     [0;39m [2m:[0;39m Due to mariadb SQL limitations, modifyDataType will lose primary key/autoincrement/not null/comment settings explicitly redefined in the change. Use <sql> or <modifySql> to re-specify all configuration if this is the case
[2m2025-07-29 16:22:20.826[0;39m [32m- INFO[0;39m [35m614984[0;39m [32m[0;39m [      no-tenant] [2m---[0;39m [2m[           main][0;39m [36ma.f.i.c.s.m.TenantDatabaseUpgradeService[0;39m [2m:[0;39m Tenant store upgrade finished
[2m2025-07-29 16:22:20.826[0;39m [32m- INFO[0;39m [35m614984[0;39m [32m[0;39m [      no-tenant] [2m---[0;39m [2m[           main][0;39m [36ma.f.i.c.s.m.TenantDatabaseUpgradeService[0;39m [2m:[0;39m Upgrading all tenants
[2m2025-07-29 16:22:20.835[0;39m [32m- INFO[0;39m [35m614984[0;39m [32m[0;39m [        default] [2m---[0;39m [2m[lTaskExecutor-1][0;39m [36ma.f.i.c.s.m.TenantDatabaseUpgradeService[0;39m [2m:[0;39m Upgrade for tenant default has started
[2m2025-07-29 16:22:21.362[0;39m [32m- INFO[0;39m [35m614984[0;39m [32m[0;39m [        default] [2m---[0;39m [2m[lTaskExecutor-1][0;39m [36mcom.zaxxer.hikari.HikariDataSource      [0;39m [2m:[0;39m HikariPool-2 - Starting...
[2m2025-07-29 16:22:21.372[0;39m [32m- INFO[0;39m [35m614984[0;39m [32m[0;39m [        default] [2m---[0;39m [2m[lTaskExecutor-1][0;39m [36mcom.zaxxer.hikari.pool.HikariPool       [0;39m [2m:[0;39m HikariPool-2 - Added connection org.mariadb.jdbc.Connection@169178e5
[2m2025-07-29 16:22:21.372[0;39m [32m- INFO[0;39m [35m614984[0;39m [32m[0;39m [        default] [2m---[0;39m [2m[lTaskExecutor-1][0;39m [36mcom.zaxxer.hikari.HikariDataSource      [0;39m [2m:[0;39m HikariPool-2 - Start completed.
[2m2025-07-29 16:23:41.492[0;39m [33m- WARN[0;39m [35m614984[0;39m [33m[0;39m [        default] [2m---[0;39m [2m[lTaskExecutor-1][0;39m [36mliquibase.changelog                     [0;39m [2m:[0;39m Due to mariadb SQL limitations, modifyDataType will lose primary key/autoincrement/not null/comment settings explicitly redefined in the change. Use <sql> or <modifySql> to re-specify all configuration if this is the case
[2m2025-07-29 16:23:41.492[0;39m [33m- WARN[0;39m [35m614984[0;39m [33m[0;39m [        default] [2m---[0;39m [2m[lTaskExecutor-1][0;39m [36mliquibase.changelog                     [0;39m [2m:[0;39m Due to mariadb SQL limitations, setNullable will lose primary key/autoincrement/not null/comment settings explicitly redefined in the change. Use <sql> or <modifySql> to re-specify all configuration if this is the case
[2m2025-07-29 16:23:41.492[0;39m [33m- WARN[0;39m [35m614984[0;39m [33m[0;39m [        default] [2m---[0;39m [2m[lTaskExecutor-1][0;39m [36mliquibase.changelog                     [0;39m [2m:[0;39m Due to mariadb SQL limitations, setColumnRemarks will lose primary key/autoincrement/not null/comment settings explicitly redefined in the change. Use <sql> or <modifySql> to re-specify all configuration if this is the case
[2m2025-07-29 16:23:41.680[0;39m [33m- WARN[0;39m [35m614984[0;39m [33m[0;39m [        default] [2m---[0;39m [2m[lTaskExecutor-1][0;39m [36mliquibase.changelog                     [0;39m [2m:[0;39m Due to mariadb SQL limitations, modifyDataType will lose primary key/autoincrement/not null/comment settings explicitly redefined in the change. Use <sql> or <modifySql> to re-specify all configuration if this is the case
[2m2025-07-29 16:23:41.680[0;39m [33m- WARN[0;39m [35m614984[0;39m [33m[0;39m [        default] [2m---[0;39m [2m[lTaskExecutor-1][0;39m [36mliquibase.changelog                     [0;39m [2m:[0;39m Due to mariadb SQL limitations, setNullable will lose primary key/autoincrement/not null/comment settings explicitly redefined in the change. Use <sql> or <modifySql> to re-specify all configuration if this is the case
[2m2025-07-29 16:23:41.680[0;39m [33m- WARN[0;39m [35m614984[0;39m [33m[0;39m [        default] [2m---[0;39m [2m[lTaskExecutor-1][0;39m [36mliquibase.changelog                     [0;39m [2m:[0;39m Due to mariadb SQL limitations, setColumnRemarks will lose primary key/autoincrement/not null/comment settings explicitly redefined in the change. Use <sql> or <modifySql> to re-specify all configuration if this is the case
[2m2025-07-29 16:24:38.799[0;39m [32m- INFO[0;39m [35m614984[0;39m [32m[0;39m [        default] [2m---[0;39m [2m[lTaskExecutor-1][0;39m [36ma.f.i.c.s.m.TenantDatabaseUpgradeService[0;39m [2m:[0;39m Upgrade for tenant default has finished
[2m2025-07-29 16:24:38.800[0;39m [32m- INFO[0;39m [35m614984[0;39m [32m[0;39m [        default] [2m---[0;39m [2m[lTaskExecutor-1][0;39m [36mcom.zaxxer.hikari.HikariDataSource      [0;39m [2m:[0;39m HikariPool-2 - Shutdown initiated...
[2m2025-07-29 16:24:38.804[0;39m [32m- INFO[0;39m [35m614984[0;39m [32m[0;39m [        default] [2m---[0;39m [2m[lTaskExecutor-1][0;39m [36mcom.zaxxer.hikari.HikariDataSource      [0;39m [2m:[0;39m HikariPool-2 - Shutdown completed.
[2m2025-07-29 16:24:38.805[0;39m [32m- INFO[0;39m [35m614984[0;39m [32m[0;39m [      no-tenant] [2m---[0;39m [2m[           main][0;39m [36ma.f.i.c.s.m.TenantDatabaseUpgradeService[0;39m [2m:[0;39m Tenant upgrades have successfully finished
[2m2025-07-29 16:24:40.231[0;39m [32m- INFO[0;39m [35m614984[0;39m [32m[0;39m [      no-tenant] [2m---[0;39m [2m[           main][0;39m [36mj.LocalContainerEntityManagerFactoryBean[0;39m [2m:[0;39m Initialized JPA EntityManagerFactory for persistence unit 'jpa-pu'
[EL Info]: 2025-07-29 16:24:40.518--ServerSession(1146197192)--EclipseLink, version: Eclipse Persistence Services - 4.0.2.v202306161219
[2m2025-07-29 16:24:41.193[0;39m [32m- INFO[0;39m [35m614984[0;39m [32m[0;39m [      no-tenant] [2m---[0;39m [2m[           main][0;39m [36mo.s.d.j.r.query.QueryEnhancerFactory    [0;39m [2m:[0;39m EclipseLink is in classpath; If applicable, EQL parser will be used.
[2m2025-07-29 16:24:41.194[0;39m [32m- INFO[0;39m [35m614984[0;39m [32m[0;39m [      no-tenant] [2m---[0;39m [2m[           main][0;39m [36mo.s.d.j.r.query.QueryEnhancerFactory    [0;39m [2m:[0;39m Hibernate is in classpath; If applicable, HQL parser will be used.
[2m2025-07-29 16:24:42.053[0;39m [32m- INFO[0;39m [35m614984[0;39m [32m[0;39m [      no-tenant] [2m---[0;39m [2m[           main][0;39m [36mo.a.f.i.s.utils.DefaultSqlValidator     [0;39m [2m:[0;39m Setup SQL validation pattern: inject-blind
[2m2025-07-29 16:24:42.054[0;39m [32m- INFO[0;39m [35m614984[0;39m [32m[0;39m [      no-tenant] [2m---[0;39m [2m[           main][0;39m [36mo.a.f.i.s.utils.DefaultSqlValidator     [0;39m [2m:[0;39m Setup SQL validation pattern: detect-entry-point
[2m2025-07-29 16:24:42.054[0;39m [32m- INFO[0;39m [35m614984[0;39m [32m[0;39m [      no-tenant] [2m---[0;39m [2m[           main][0;39m [36mo.a.f.i.s.utils.DefaultSqlValidator     [0;39m [2m:[0;39m Setup SQL validation pattern: inject-timing
[2m2025-07-29 16:24:42.054[0;39m [32m- INFO[0;39m [35m614984[0;39m [32m[0;39m [      no-tenant] [2m---[0;39m [2m[           main][0;39m [36mo.a.f.i.s.utils.DefaultSqlValidator     [0;39m [2m:[0;39m Setup SQL validation pattern: detect-backend
[2m2025-07-29 16:24:42.054[0;39m [32m- INFO[0;39m [35m614984[0;39m [32m[0;39m [      no-tenant] [2m---[0;39m [2m[           main][0;39m [36mo.a.f.i.s.utils.DefaultSqlValidator     [0;39m [2m:[0;39m Setup SQL validation pattern: detect-column
[2m2025-07-29 16:24:42.054[0;39m [32m- INFO[0;39m [35m614984[0;39m [32m[0;39m [      no-tenant] [2m---[0;39m [2m[           main][0;39m [36mo.a.f.i.s.utils.DefaultSqlValidator     [0;39m [2m:[0;39m Setup SQL validation pattern: detect-out-of-bands
[2m2025-07-29 16:24:42.054[0;39m [32m- INFO[0;39m [35m614984[0;39m [32m[0;39m [      no-tenant] [2m---[0;39m [2m[           main][0;39m [36mo.a.f.i.s.utils.DefaultSqlValidator     [0;39m [2m:[0;39m Setup SQL validation pattern: inject-stacked-query
[2m2025-07-29 16:24:42.054[0;39m [32m- INFO[0;39m [35m614984[0;39m [32m[0;39m [      no-tenant] [2m---[0;39m [2m[           main][0;39m [36mo.a.f.i.s.utils.DefaultSqlValidator     [0;39m [2m:[0;39m Setup SQL validation pattern: inject-comment
[2m2025-07-29 16:24:42.054[0;39m [32m- INFO[0;39m [35m614984[0;39m [32m[0;39m [      no-tenant] [2m---[0;39m [2m[           main][0;39m [36mo.a.f.i.s.utils.DefaultSqlValidator     [0;39m [2m:[0;39m Setup SQL validation profile: main
[2m2025-07-29 16:24:42.055[0;39m [32m- INFO[0;39m [35m614984[0;39m [32m[0;39m [      no-tenant] [2m---[0;39m [2m[           main][0;39m [36mo.a.f.i.s.utils.DefaultSqlValidator     [0;39m [2m:[0;39m Setup SQL validation profile: adhoc
[2m2025-07-29 16:24:42.055[0;39m [32m- INFO[0;39m [35m614984[0;39m [32m[0;39m [      no-tenant] [2m---[0;39m [2m[           main][0;39m [36mo.a.f.i.s.utils.DefaultSqlValidator     [0;39m [2m:[0;39m Setup SQL validation profile: column
[2m2025-07-29 16:24:43.051[0;39m [32m- INFO[0;39m [35m614984[0;39m [32m[0;39m [      no-tenant] [2m---[0;39m [2m[           main][0;39m [36mlipseLinkProjectionQueryCreationListener[0;39m [2m:[0;39m Usage of Spring Data projections detected on persistence provider EclipseLink; Make sure the following query methods declare result columns in exactly the order the accessors are declared in the projecting interface or the order of parameters for DTOs:
[2m2025-07-29 16:24:43.051[0;39m [32m- INFO[0;39m [35m614984[0;39m [32m[0;39m [      no-tenant] [2m---[0;39m [2m[           main][0;39m [36mlipseLinkProjectionQueryCreationListener[0;39m [2m:[0;39m  - public abstract java.util.List org.apache.fineract.infrastructure.jobs.domain.ScheduledJobDetailRepository.getAllData()
[2m2025-07-29 16:24:43.063[0;39m [32m- INFO[0;39m [35m614984[0;39m [32m[0;39m [      no-tenant] [2m---[0;39m [2m[           main][0;39m [36mlipseLinkProjectionQueryCreationListener[0;39m [2m:[0;39m  - public abstract org.apache.fineract.infrastructure.jobs.data.JobDetailData org.apache.fineract.infrastructure.jobs.domain.ScheduledJobDetailRepository.getDataById(java.lang.Long)
[2m2025-07-29 16:24:43.067[0;39m [32m- INFO[0;39m [35m614984[0;39m [32m[0;39m [      no-tenant] [2m---[0;39m [2m[           main][0;39m [36mlipseLinkProjectionQueryCreationListener[0;39m [2m:[0;39m  - public abstract org.apache.fineract.infrastructure.jobs.data.JobDetailData org.apache.fineract.infrastructure.jobs.domain.ScheduledJobDetailRepository.getDataByShortName(java.lang.String)
[2m2025-07-29 16:24:43.347[0;39m [32m- INFO[0;39m [35m614984[0;39m [32m[0;39m [      no-tenant] [2m---[0;39m [2m[           main][0;39m [36mlipseLinkProjectionQueryCreationListener[0;39m [2m:[0;39m Usage of Spring Data projections detected on persistence provider EclipseLink; Make sure the following query methods declare result columns in exactly the order the accessors are declared in the projecting interface or the order of parameters for DTOs:
[2m2025-07-29 16:24:43.347[0;39m [32m- INFO[0;39m [35m614984[0;39m [32m[0;39m [      no-tenant] [2m---[0;39m [2m[           main][0;39m [36mlipseLinkProjectionQueryCreationListener[0;39m [2m:[0;39m  - public abstract java.util.List org.apache.fineract.infrastructure.event.external.repository.ExternalEventRepository.findByStatusOrderByBusinessDateAscIdAsc(org.apache.fineract.infrastructure.event.external.repository.domain.ExternalEventStatus,org.springframework.data.domain.Pageable)
[2m2025-07-29 16:24:48.001[0;39m [32m- INFO[0;39m [35m614984[0;39m [32m[0;39m [      no-tenant] [2m---[0;39m [2m[           main][0;39m [36mlipseLinkProjectionQueryCreationListener[0;39m [2m:[0;39m Usage of Spring Data projections detected on persistence provider EclipseLink; Make sure the following query methods declare result columns in exactly the order the accessors are declared in the projecting interface or the order of parameters for DTOs:
[2m2025-07-29 16:24:48.001[0;39m [32m- INFO[0;39m [35m614984[0;39m [32m[0;39m [      no-tenant] [2m---[0;39m [2m[           main][0;39m [36mlipseLinkProjectionQueryCreationListener[0;39m [2m:[0;39m  - public abstract java.util.Optional org.apache.fineract.portfolio.loanaccount.domain.LoanRepository.findLoanDataForExternalTransferByLoanId(java.lang.Long)
[2m2025-07-29 16:24:48.105[0;39m [32m- INFO[0;39m [35m614984[0;39m [32m[0;39m [      no-tenant] [2m---[0;39m [2m[           main][0;39m [36mlipseLinkProjectionQueryCreationListener[0;39m [2m:[0;39m  - public abstract java.util.List org.apache.fineract.portfolio.loanaccount.domain.LoanRepository.findAllStayedLockedByCobBusinessDate(java.time.LocalDate)
[2m2025-07-29 16:24:48.111[0;39m [32m- INFO[0;39m [35m614984[0;39m [32m[0;39m [      no-tenant] [2m---[0;39m [2m[           main][0;39m [36mlipseLinkProjectionQueryCreationListener[0;39m [2m:[0;39m  - public abstract java.util.List org.apache.fineract.portfolio.loanaccount.domain.LoanRepository.findAllLoansBehindOrNullByLoanIdsAndStatuses(java.time.LocalDate,java.util.List,java.util.Collection)
[2m2025-07-29 16:24:48.115[0;39m [32m- INFO[0;39m [35m614984[0;39m [32m[0;39m [      no-tenant] [2m---[0;39m [2m[           main][0;39m [36mlipseLinkProjectionQueryCreationListener[0;39m [2m:[0;39m  - public abstract java.util.List org.apache.fineract.portfolio.loanaccount.domain.LoanRepository.findAllLoansBehindByLoanIdsAndStatuses(java.time.LocalDate,java.util.List,java.util.Collection)
[2m2025-07-29 16:24:48.153[0;39m [32m- INFO[0;39m [35m614984[0;39m [32m[0;39m [      no-tenant] [2m---[0;39m [2m[           main][0;39m [36mlipseLinkProjectionQueryCreationListener[0;39m [2m:[0;39m  - public abstract java.util.List org.apache.fineract.portfolio.loanaccount.domain.LoanRepository.findOldestCOBProcessedLoan(java.time.LocalDate,java.util.Collection)
[2m2025-07-29 16:24:48.287[0;39m [32m- INFO[0;39m [35m614984[0;39m [32m[0;39m [      no-tenant] [2m---[0;39m [2m[           main][0;39m [36mlipseLinkProjectionQueryCreationListener[0;39m [2m:[0;39m Usage of Spring Data projections detected on persistence provider EclipseLink; Make sure the following query methods declare result columns in exactly the order the accessors are declared in the projecting interface or the order of parameters for DTOs:
[2m2025-07-29 16:24:48.287[0;39m [32m- INFO[0;39m [35m614984[0;39m [32m[0;39m [      no-tenant] [2m---[0;39m [2m[           main][0;39m [36mlipseLinkProjectionQueryCreationListener[0;39m [2m:[0;39m  - public abstract org.apache.fineract.organisation.monetary.data.CurrencyData org.apache.fineract.organisation.monetary.domain.ApplicationCurrencyRepository.findCurrencyDataByCode(java.lang.String)
[2m2025-07-29 16:24:48.289[0;39m [32m- INFO[0;39m [35m614984[0;39m [32m[0;39m [      no-tenant] [2m---[0;39m [2m[           main][0;39m [36mlipseLinkProjectionQueryCreationListener[0;39m [2m:[0;39m  - public abstract java.util.List org.apache.fineract.organisation.monetary.domain.ApplicationCurrencyRepository.findAllSorted(org.springframework.data.domain.Sort)
[2m2025-07-29 16:24:48.602[0;39m [32m- INFO[0;39m [35m614984[0;39m [32m[0;39m [      no-tenant] [2m---[0;39m [2m[           main][0;39m [36mlipseLinkProjectionQueryCreationListener[0;39m [2m:[0;39m Usage of Spring Data projections detected on persistence provider EclipseLink; Make sure the following query methods declare result columns in exactly the order the accessors are declared in the projecting interface or the order of parameters for DTOs:
[2m2025-07-29 16:24:48.602[0;39m [32m- INFO[0;39m [35m614984[0;39m [32m[0;39m [      no-tenant] [2m---[0;39m [2m[           main][0;39m [36mlipseLinkProjectionQueryCreationListener[0;39m [2m:[0;39m  - public abstract java.util.List org.apache.fineract.portfolio.delinquency.domain.LoanInstallmentDelinquencyTagRepository.findInstallmentDelinquencyTags(java.lang.Long)
[2m2025-07-29 16:24:48.839[0;39m [32m- INFO[0;39m [35m614984[0;39m [32m[0;39m [      no-tenant] [2m---[0;39m [2m[           main][0;39m [36mlipseLinkProjectionQueryCreationListener[0;39m [2m:[0;39m Usage of Spring Data projections detected on persistence provider EclipseLink; Make sure the following query methods declare result columns in exactly the order the accessors are declared in the projecting interface or the order of parameters for DTOs:
[2m2025-07-29 16:24:48.839[0;39m [32m- INFO[0;39m [35m614984[0;39m [32m[0;39m [      no-tenant] [2m---[0;39m [2m[           main][0;39m [36mlipseLinkProjectionQueryCreationListener[0;39m [2m:[0;39m  - public abstract java.util.List org.apache.fineract.portfolio.loanaccount.domain.LoanTransactionRepository.fetchTotalUnpaidChargesForLoan(org.apache.fineract.portfolio.loanaccount.domain.Loan)
[2m2025-07-29 16:24:49.116[0;39m [32m- INFO[0;39m [35m614984[0;39m [32m[0;39m [      no-tenant] [2m---[0;39m [2m[           main][0;39m [36mlipseLinkProjectionQueryCreationListener[0;39m [2m:[0;39m  - public abstract org.apache.fineract.portfolio.loanaccount.data.CumulativeIncomeFromIncomePosting org.apache.fineract.portfolio.loanaccount.domain.LoanTransactionRepository.findCumulativeIncomeByLoanAndType(org.apache.fineract.portfolio.loanaccount.domain.Loan)
[2m2025-07-29 16:24:49.122[0;39m [32m- INFO[0;39m [35m614984[0;39m [32m[0;39m [      no-tenant] [2m---[0;39m [2m[           main][0;39m [36mlipseLinkProjectionQueryCreationListener[0;39m [2m:[0;39m  - public abstract java.util.List org.apache.fineract.portfolio.loanaccount.domain.LoanTransactionRepository.findTransactionDataForForeclosureIncome(org.apache.fineract.portfolio.loanaccount.domain.Loan,java.time.LocalDate)
[2m2025-07-29 16:24:49.167[0;39m [32m- INFO[0;39m [35m614984[0;39m [32m[0;39m [      no-tenant] [2m---[0;39m [2m[           main][0;39m [36mlipseLinkProjectionQueryCreationListener[0;39m [2m:[0;39m  - public abstract java.util.Collection org.apache.fineract.portfolio.loanaccount.domain.LoanTransactionRepository.fetchLoanTransactionsByTypeAndLessOrEqualDate(org.apache.fineract.portfolio.loanaccount.domain.LoanTransactionType,java.time.LocalDate)
[2m2025-07-29 16:24:49.297[0;39m [32m- INFO[0;39m [35m614984[0;39m [32m[0;39m [      no-tenant] [2m---[0;39m [2m[           main][0;39m [36mlipseLinkProjectionQueryCreationListener[0;39m [2m:[0;39m Usage of Spring Data projections detected on persistence provider EclipseLink; Make sure the following query methods declare result columns in exactly the order the accessors are declared in the projecting interface or the order of parameters for DTOs:
[2m2025-07-29 16:24:49.297[0;39m [32m- INFO[0;39m [35m614984[0;39m [32m[0;39m [      no-tenant] [2m---[0;39m [2m[           main][0;39m [36mlipseLinkProjectionQueryCreationListener[0;39m [2m:[0;39m  - public abstract java.util.List org.apache.fineract.portfolio.loanaccount.repository.LoanCapitalizedIncomeBalanceRepository.findRepaymentPeriodDataByLoanId(java.lang.Long)
[2m2025-07-29 16:24:51.174[0;39m [32m- INFO[0;39m [35m614984[0;39m [32m[0;39m [      no-tenant] [2m---[0;39m [2m[           main][0;39m [36mi.e.b.s.BusinessEventNotifierServiceImpl[0;39m [2m:[0;39m External event posting is disabled
[2m2025-07-29 16:24:51.888[0;39m [32m- INFO[0;39m [35m614984[0;39m [32m[0;39m [      no-tenant] [2m---[0;39m [2m[           main][0;39m [36mlipseLinkProjectionQueryCreationListener[0;39m [2m:[0;39m Usage of Spring Data projections detected on persistence provider EclipseLink; Make sure the following query methods declare result columns in exactly the order the accessors are declared in the projecting interface or the order of parameters for DTOs:
[2m2025-07-29 16:24:51.888[0;39m [32m- INFO[0;39m [35m614984[0;39m [32m[0;39m [      no-tenant] [2m---[0;39m [2m[           main][0;39m [36mlipseLinkProjectionQueryCreationListener[0;39m [2m:[0;39m  - public abstract java.util.List org.apache.fineract.organisation.monetary.domain.OrganisationCurrencyRepository.findAllSorted(org.springframework.data.domain.Sort)
[2m2025-07-29 16:24:54.708[0;39m [32m- INFO[0;39m [35m614984[0;39m [32m[0;39m [      no-tenant] [2m---[0;39m [2m[           main][0;39m [36mlipseLinkProjectionQueryCreationListener[0;39m [2m:[0;39m Usage of Spring Data projections detected on persistence provider EclipseLink; Make sure the following query methods declare result columns in exactly the order the accessors are declared in the projecting interface or the order of parameters for DTOs:
[2m2025-07-29 16:24:54.708[0;39m [32m- INFO[0;39m [35m614984[0;39m [32m[0;39m [      no-tenant] [2m---[0;39m [2m[           main][0;39m [36mlipseLinkProjectionQueryCreationListener[0;39m [2m:[0;39m  - public abstract java.util.Collection org.apache.fineract.portfolio.loanaccount.domain.LoanRepaymentScheduleInstallmentRepository.fetchLoanScheduleDataByDueDateAndObligationsMet(org.apache.fineract.portfolio.loanaccount.domain.LoanStatus,java.time.LocalDate,boolean)
[2m2025-07-29 16:24:54.711[0;39m [32m- INFO[0;39m [35m614984[0;39m [32m[0;39m [      no-tenant] [2m---[0;39m [2m[           main][0;39m [36mlipseLinkProjectionQueryCreationListener[0;39m [2m:[0;39m  - public abstract java.util.Collection org.apache.fineract.portfolio.loanaccount.domain.LoanRepaymentScheduleInstallmentRepository.fetchLoanScheduleDataByDueDateAndObligationsMet(org.apache.fineract.portfolio.loanaccount.domain.LoanStatus,java.time.LocalDate,boolean,java.util.List)
[2m2025-07-29 16:24:55.410[0;39m [32m- INFO[0;39m [35m614984[0;39m [32m[0;39m [      no-tenant] [2m---[0;39m [2m[           main][0;39m [36mo.s.b.c.r.s.JobRepositoryFactoryBean    [0;39m [2m:[0;39m No database type set, using meta data indicating: MARIADB
[2m2025-07-29 16:24:55.433[0;39m [32m- INFO[0;39m [35m614984[0;39m [32m[0;39m [      no-tenant] [2m---[0;39m [2m[           main][0;39m [36mo.s.b.c.l.s.TaskExecutorJobLauncher     [0;39m [2m:[0;39m No TaskExecutor has been set, defaulting to synchronous executor.
[2m2025-07-29 16:24:57.079[0;39m [32m- INFO[0;39m [35m614984[0;39m [32m[0;39m [      no-tenant] [2m---[0;39m [2m[           main][0;39m [36m.f.i.r.p.ReportingProcessServiceProvider[0;39m [2m:[0;39m Registered report service 'org.apache.fineract.infrastructure.dataqueries.service.DatatableReportingProcessService@71a3ba56' for type/s '[Table, Chart, SMS]'
[2m2025-07-29 16:24:59.419[0;39m [32m- INFO[0;39m [35m614984[0;39m [32m[0;39m [      no-tenant] [2m---[0;39m [2m[           main][0;39m [36mlipseLinkProjectionQueryCreationListener[0;39m [2m:[0;39m Usage of Spring Data projections detected on persistence provider EclipseLink; Make sure the following query methods declare result columns in exactly the order the accessors are declared in the projecting interface or the order of parameters for DTOs:
[2m2025-07-29 16:24:59.419[0;39m [32m- INFO[0;39m [35m614984[0;39m [32m[0;39m [      no-tenant] [2m---[0;39m [2m[           main][0;39m [36mlipseLinkProjectionQueryCreationListener[0;39m [2m:[0;39m  - public abstract java.util.List org.apache.fineract.portfolio.loanaccount.rescheduleloan.domain.LoanTermVariationsRepository.findLoanTermVariationsByLoanIdAndTermType(long,int)
[2m2025-07-29 16:24:59.421[0;39m [32m- INFO[0;39m [35m614984[0;39m [32m[0;39m [      no-tenant] [2m---[0;39m [2m[           main][0;39m [36mlipseLinkProjectionQueryCreationListener[0;39m [2m:[0;39m  - public abstract java.util.List org.apache.fineract.portfolio.loanaccount.rescheduleloan.domain.LoanTermVariationsRepository.findLoanTermVariationsByLoanId(long)
[2m2025-07-29 16:24:59.423[0;39m [32m- INFO[0;39m [35m614984[0;39m [32m[0;39m [      no-tenant] [2m---[0;39m [2m[           main][0;39m [36mlipseLinkProjectionQueryCreationListener[0;39m [2m:[0;39m  - public abstract java.util.List org.apache.fineract.portfolio.loanaccount.rescheduleloan.domain.LoanTermVariationsRepository.findLoanTermVariationsByExternalLoanIdAndTermType(org.apache.fineract.infrastructure.core.domain.ExternalId,int)
[2m2025-07-29 16:24:59.487[0;39m [32m- INFO[0;39m [35m614984[0;39m [32m[0;39m [      no-tenant] [2m---[0;39m [2m[           main][0;39m [36mlipseLinkProjectionQueryCreationListener[0;39m [2m:[0;39m Usage of Spring Data projections detected on persistence provider EclipseLink; Make sure the following query methods declare result columns in exactly the order the accessors are declared in the projecting interface or the order of parameters for DTOs:
[2m2025-07-29 16:24:59.487[0;39m [32m- INFO[0;39m [35m614984[0;39m [32m[0;39m [      no-tenant] [2m---[0;39m [2m[           main][0;39m [36mlipseLinkProjectionQueryCreationListener[0;39m [2m:[0;39m  - public abstract java.util.List org.apache.fineract.portfolio.loanaccount.domain.LoanApprovedAmountHistoryRepository.findAllByLoanId(java.lang.Long,org.springframework.data.domain.Pageable)
[2m2025-07-29 16:25:03.987[0;39m [32m- INFO[0;39m [35m614984[0;39m [32m[0;39m [      no-tenant] [2m---[0;39m [2m[           main][0;39m [36m.MoneyHelperStartupInitializationService[0;39m [2m:[0;39m Starting MoneyHelper initialization for all tenants...
[2m2025-07-29 16:25:04.551[0;39m [32m- INFO[0;39m [35m614984[0;39m [32m[0;39m [        default] [2m---[0;39m [2m[           main][0;39m [36mcom.zaxxer.hikari.HikariDataSource      [0;39m [2m:[0;39m fineract_default_pool - Starting...
[2m2025-07-29 16:25:04.559[0;39m [32m- INFO[0;39m [35m614984[0;39m [32m[0;39m [        default] [2m---[0;39m [2m[           main][0;39m [36mcom.zaxxer.hikari.pool.HikariPool       [0;39m [2m:[0;39m fineract_default_pool - Added connection org.mariadb.jdbc.Connection@641f044e
[2m2025-07-29 16:25:04.574[0;39m [32m- INFO[0;39m [35m614984[0;39m [32m[0;39m [        default] [2m---[0;39m [2m[           main][0;39m [36mcom.zaxxer.hikari.HikariDataSource      [0;39m [2m:[0;39m fineract_default_pool - Start completed.
[2m2025-07-29 16:25:04.590[0;39m [32m- INFO[0;39m [35m614984[0;39m [32m[0;39m [        default] [2m---[0;39m [2m[           main][0;39m [36mo.a.f.o.monetary.domain.MoneyHelper     [0;39m [2m:[0;39m Initialized rounding mode for tenant `default`: HALF_EVEN
[2m2025-07-29 16:25:04.590[0;39m [32m- INFO[0;39m [35m614984[0;39m [32m[0;39m [      no-tenant] [2m---[0;39m [2m[           main][0;39m [36m.MoneyHelperStartupInitializationService[0;39m [2m:[0;39m MoneyHelper initialization completed
[2m2025-07-29 16:25:09.543[0;39m [32m- INFO[0;39m [35m614984[0;39m [32m[0;39m [      no-tenant] [2m---[0;39m [2m[           main][0;39m [36morg.reflections.Reflections             [0;39m [2m:[0;39m Reflections took 20 ms to scan 1 urls, producing 55 keys and 176 values
[2m2025-07-29 16:25:10.858[0;39m [32m- INFO[0;39m [35m614984[0;39m [32m[0;39m [        default] [2m---[0;39m [2m[           main][0;39m [36mo.a.f.i.e.e.s.message.MessageFactory    [0;39m [2m:[0;39m Message source set to 78a3210d-8b6b-4214-8e42-5890e2731a9a
[2m2025-07-29 16:25:11.693[0;39m [32m- INFO[0;39m [35m614984[0;39m [32m[0;39m [        default] [2m---[0;39m [2m[           main][0;39m [36mernalEventConfigurationValidationService[0;39m [2m:[0;39m Validating external event configuration for default
[2m2025-07-29 16:25:12.894[0;39m [33m- WARN[0;39m [35m614984[0;39m [33m[0;39m [        default] [2m---[0;39m [2m[           main][0;39m [36m.c.b.FineractWebApplicationConfiguration[0;39m [2m:[0;39m Fineract is running in web application mode
[2m2025-07-29 16:25:12.904[0;39m [32m- INFO[0;39m [35m614984[0;39m [32m[0;39m [        default] [2m---[0;39m [2m[           main][0;39m [36meAuthenticationProviderManagerConfigurer[0;39m [2m:[0;39m Global AuthenticationManager configured with AuthenticationProvider bean with name customAuthenticationProvider
[2m2025-07-29 16:25:12.907[0;39m [33m- WARN[0;39m [35m614984[0;39m [33m[0;39m [        default] [2m---[0;39m [2m[           main][0;39m [36mr$InitializeUserDetailsManagerConfigurer[0;39m [2m:[0;39m Global AuthenticationManager configured with an AuthenticationProvider bean. UserDetailsService beans will not be used by Spring Security for automatically configuring username/password login. Consider removing the AuthenticationProvider bean. Alternatively, consider using the UserDetailsService in a manually instantiated DaoAuthenticationProvider. If the current configuration is intentional, to turn off this warning, increase the logging level of 'org.springframework.security.config.annotation.authentication.configuration.InitializeUserDetailsBeanManagerConfigurer' to ERROR
[2m2025-07-29 16:25:13.210[0;39m [32m- INFO[0;39m [35m614984[0;39m [32m[0;39m [        default] [2m---[0;39m [2m[           main][0;39m [36mo.s.s.w.a.c.ChannelProcessingFilter     [0;39m [2m:[0;39m Validated configuration attributes
[2m2025-07-29 16:25:15.019[0;39m [32m- INFO[0;39m [35m614984[0;39m [32m[0;39m [        default] [2m---[0;39m [2m[           main][0;39m [36morg.quartz.impl.StdSchedulerFactory     [0;39m [2m:[0;39m Using default implementation for ThreadExecutor
[2m2025-07-29 16:25:15.032[0;39m [32m- INFO[0;39m [35m614984[0;39m [32m[0;39m [        default] [2m---[0;39m [2m[           main][0;39m [36morg.quartz.core.SchedulerSignalerImpl   [0;39m [2m:[0;39m Initialized Scheduler Signaller of type: class org.quartz.core.SchedulerSignalerImpl
[2m2025-07-29 16:25:15.032[0;39m [32m- INFO[0;39m [35m614984[0;39m [32m[0;39m [        default] [2m---[0;39m [2m[           main][0;39m [36morg.quartz.core.QuartzScheduler         [0;39m [2m:[0;39m Quartz Scheduler v2.5.0 created.
[2m2025-07-29 16:25:15.033[0;39m [32m- INFO[0;39m [35m614984[0;39m [32m[0;39m [        default] [2m---[0;39m [2m[           main][0;39m [36morg.quartz.simpl.RAMJobStore            [0;39m [2m:[0;39m RAMJobStore initialized.
[2m2025-07-29 16:25:15.034[0;39m [32m- INFO[0;39m [35m614984[0;39m [32m[0;39m [        default] [2m---[0;39m [2m[           main][0;39m [36morg.quartz.core.QuartzScheduler         [0;39m [2m:[0;39m Scheduler meta-data: Quartz Scheduler (v2.5.0) 'quartzScheduler' with instanceId 'NON_CLUSTERED'
  Scheduler class: 'org.quartz.core.QuartzScheduler' - running locally.
  NOT STARTED.
  Currently in standby mode.
  Number of jobs executed: 0
  Using thread pool 'org.quartz.simpl.SimpleThreadPool' - with 10 threads.
  Using job-store 'org.quartz.simpl.RAMJobStore' - which does not support persistence. and is not clustered.

[2m2025-07-29 16:25:15.034[0;39m [32m- INFO[0;39m [35m614984[0;39m [32m[0;39m [        default] [2m---[0;39m [2m[           main][0;39m [36morg.quartz.impl.StdSchedulerFactory     [0;39m [2m:[0;39m Quartz scheduler 'quartzScheduler' initialized from an externally provided properties instance.
[2m2025-07-29 16:25:15.034[0;39m [32m- INFO[0;39m [35m614984[0;39m [32m[0;39m [        default] [2m---[0;39m [2m[           main][0;39m [36morg.quartz.impl.StdSchedulerFactory     [0;39m [2m:[0;39m Quartz scheduler version: 2.5.0
[2m2025-07-29 16:25:15.034[0;39m [32m- INFO[0;39m [35m614984[0;39m [32m[0;39m [        default] [2m---[0;39m [2m[           main][0;39m [36morg.quartz.core.QuartzScheduler         [0;39m [2m:[0;39m JobFactory set to: org.springframework.scheduling.quartz.SpringBeanJobFactory@32ae8c54
[2m2025-07-29 16:25:15.364[0;39m [32m- INFO[0;39m [35m614984[0;39m [32m[0;39m [        default] [2m---[0;39m [2m[           main][0;39m [36mo.s.b.a.e.web.EndpointLinksResolver     [0;39m [2m:[0;39m Exposing 2 endpoints beneath base path '/actuator'
[2m2025-07-29 16:25:18.131[0;39m [32m- INFO[0;39m [35m614984[0;39m [32m[0;39m [        default] [2m---[0;39m [2m[           main][0;39m [36mo.s.i.endpoint.EventDrivenConsumer      [0;39m [2m:[0;39m Adding {logging-channel-adapter:_org.springframework.integration.errorLogger} as a subscriber to the 'errorChannel' channel
[2m2025-07-29 16:25:18.132[0;39m [32m- INFO[0;39m [35m614984[0;39m [32m[0;39m [        default] [2m---[0;39m [2m[           main][0;39m [36mo.s.i.channel.PublishSubscribeChannel   [0;39m [2m:[0;39m Channel 'application.errorChannel' has 1 subscriber(s).
[2m2025-07-29 16:25:18.132[0;39m [32m- INFO[0;39m [35m614984[0;39m [32m[0;39m [        default] [2m---[0;39m [2m[           main][0;39m [36mo.s.i.endpoint.EventDrivenConsumer      [0;39m [2m:[0;39m started bean '_org.springframework.integration.errorLogger'
[2m2025-07-29 16:25:18.132[0;39m [32m- INFO[0;39m [35m614984[0;39m [32m[0;39m [        default] [2m---[0;39m [2m[           main][0;39m [36mo.s.i.endpoint.EventDrivenConsumer      [0;39m [2m:[0;39m Adding {message-handler} as a subscriber to the 'outboundRequests' channel
[2m2025-07-29 16:25:18.132[0;39m [32m- INFO[0;39m [35m614984[0;39m [32m[0;39m [        default] [2m---[0;39m [2m[           main][0;39m [36mo.s.integration.channel.DirectChannel   [0;39m [2m:[0;39m Channel 'application.outboundRequests' has 1 subscriber(s).
[2m2025-07-29 16:25:18.133[0;39m [32m- INFO[0;39m [35m614984[0;39m [32m[0;39m [        default] [2m---[0;39m [2m[           main][0;39m [36mo.s.i.endpoint.EventDrivenConsumer      [0;39m [2m:[0;39m started bean 'outboundFlow.org.springframework.integration.config.ConsumerEndpointFactoryBean#0'; from source: 'org.apache.fineract.infrastructure.springbatch.messagehandler.spring.SpringEventManagerConfig.outboundFlow()'
[2m2025-07-29 16:25:18.133[0;39m [32m- INFO[0;39m [35m614984[0;39m [32m[0;39m [        default] [2m---[0;39m [2m[           main][0;39m [36mApplicationEventListeningMessageProducer[0;39m [2m:[0;39m started bean 'eventListener'; defined in: 'class path resource [org/apache/fineract/infrastructure/springbatch/messagehandler/spring/SpringEventWorkerConfig.class]'; from source: 'org.apache.fineract.infrastructure.springbatch.messagehandler.spring.SpringEventWorkerConfig.eventListener()'
[2m2025-07-29 16:25:18.133[0;39m [32m- INFO[0;39m [35m614984[0;39m [32m[0;39m [        default] [2m---[0;39m [2m[           main][0;39m [36mo.s.i.endpoint.EventDrivenConsumer      [0;39m [2m:[0;39m Adding {bridge} as a subscriber to the 'inboundFlow.channel#0' channel
[2m2025-07-29 16:25:18.133[0;39m [32m- INFO[0;39m [35m614984[0;39m [32m[0;39m [        default] [2m---[0;39m [2m[           main][0;39m [36mo.s.integration.channel.DirectChannel   [0;39m [2m:[0;39m Channel 'application.inboundFlow.channel#0' has 1 subscriber(s).
[2m2025-07-29 16:25:18.133[0;39m [32m- INFO[0;39m [35m614984[0;39m [32m[0;39m [        default] [2m---[0;39m [2m[           main][0;39m [36mo.s.i.endpoint.EventDrivenConsumer      [0;39m [2m:[0;39m started bean 'inboundFlow.org.springframework.integration.config.ConsumerEndpointFactoryBean#0'; from source: 'org.apache.fineract.infrastructure.springbatch.messagehandler.spring.SpringEventWorkerConfig.inboundFlow()'
[2m2025-07-29 16:25:18.136[0;39m [32m- INFO[0;39m [35m614984[0;39m [32m[0;39m [        default] [2m---[0;39m [2m[           main][0;39m [36mo.s.i.endpoint.PollingConsumer          [0;39m [2m:[0;39m started bean 'org.springframework.integration.dsl.StandardIntegrationFlow#0.org.springframework.integration.config.ConsumerEndpointFactoryBean#0'
[2m2025-07-29 16:25:18.317[0;39m [32m- INFO[0;39m [35m614984[0;39m [32m[0;39m [        default] [2m---[0;39m [2m[           main][0;39m [36mo.a.t.util.net.NioEndpoint.certificate  [0;39m [2m:[0;39m Connector [https-jsse-nio-8443], TLS virtual host [_default_], certificate type [UNDEFINED] configured from keystore [/home/linxford/.keystore] using alias [tomcat] with trust store [null]
[2m2025-07-29 16:25:18.332[0;39m [32m- INFO[0;39m [35m614984[0;39m [32m[0;39m [        default] [2m---[0;39m [2m[           main][0;39m [36mo.s.b.w.embedded.tomcat.TomcatWebServer [0;39m [2m:[0;39m Tomcat started on port 8443 (https) with context path '/fineract-provider'
[2m2025-07-29 16:25:18.335[0;39m [32m- INFO[0;39m [35m614984[0;39m [32m[0;39m [        default] [2m---[0;39m [2m[           main][0;39m [36mo.s.s.quartz.SchedulerFactoryBean       [0;39m [2m:[0;39m Starting Quartz Scheduler now
[2m2025-07-29 16:25:18.335[0;39m [32m- INFO[0;39m [35m614984[0;39m [32m[0;39m [        default] [2m---[0;39m [2m[           main][0;39m [36morg.quartz.core.QuartzScheduler         [0;39m [2m:[0;39m Scheduler quartzScheduler_$_NON_CLUSTERED started.
[2m2025-07-29 16:25:18.338[0;39m [32m- INFO[0;39m [35m614984[0;39m [32m[0;39m [        default] [2m---[0;39m [2m[           main][0;39m [36morg.apache.fineract.ServerApplication   [0;39m [2m:[0;39m Started ServerApplication in 207.441 seconds (process running for 208.431)
[2m2025-07-29 16:25:18.397[0;39m [32m- INFO[0;39m [35m614984[0;39m [32m[0;39m [        default] [2m---[0;39m [2m[cTaskExecutor-8][0;39m [36morg.quartz.impl.StdSchedulerFactory     [0;39m [2m:[0;39m Using default implementation for ThreadExecutor
[2m2025-07-29 16:25:18.399[0;39m [32m- INFO[0;39m [35m614984[0;39m [32m[0;39m [        default] [2m---[0;39m [2m[cTaskExecutor-8][0;39m [36morg.quartz.core.SchedulerSignalerImpl   [0;39m [2m:[0;39m Initialized Scheduler Signaller of type: class org.quartz.core.SchedulerSignalerImpl
[2m2025-07-29 16:25:18.399[0;39m [32m- INFO[0;39m [35m614984[0;39m [32m[0;39m [        default] [2m---[0;39m [2m[cTaskExecutor-8][0;39m [36morg.quartz.core.QuartzScheduler         [0;39m [2m:[0;39m Quartz Scheduler v2.5.0 created.
[2m2025-07-29 16:25:18.399[0;39m [32m- INFO[0;39m [35m614984[0;39m [32m[0;39m [        default] [2m---[0;39m [2m[cTaskExecutor-8][0;39m [36morg.quartz.simpl.RAMJobStore            [0;39m [2m:[0;39m RAMJobStore initialized.
[2m2025-07-29 16:25:18.399[0;39m [32m- INFO[0;39m [35m614984[0;39m [32m[0;39m [        default] [2m---[0;39m [2m[cTaskExecutor-8][0;39m [36morg.quartz.core.QuartzScheduler         [0;39m [2m:[0;39m Scheduler meta-data: Quartz Scheduler (v2.5.0) 'Scheduler1' with instanceId 'NON_CLUSTERED'
  Scheduler class: 'org.quartz.core.QuartzScheduler' - running locally.
  NOT STARTED.
  Currently in standby mode.
  Number of jobs executed: 0
  Using thread pool 'org.quartz.simpl.SimpleThreadPool' - with 7 threads.
  Using job-store 'org.quartz.simpl.RAMJobStore' - which does not support persistence. and is not clustered.

[2m2025-07-29 16:25:18.399[0;39m [32m- INFO[0;39m [35m614984[0;39m [32m[0;39m [        default] [2m---[0;39m [2m[cTaskExecutor-8][0;39m [36morg.quartz.impl.StdSchedulerFactory     [0;39m [2m:[0;39m Quartz scheduler 'Scheduler1' initialized from an externally provided properties instance.
[2m2025-07-29 16:25:18.399[0;39m [32m- INFO[0;39m [35m614984[0;39m [32m[0;39m [        default] [2m---[0;39m [2m[cTaskExecutor-8][0;39m [36morg.quartz.impl.StdSchedulerFactory     [0;39m [2m:[0;39m Quartz scheduler version: 2.5.0
[2m2025-07-29 16:25:18.400[0;39m [32m- INFO[0;39m [35m614984[0;39m [32m[0;39m [        default] [2m---[0;39m [2m[cTaskExecutor-8][0;39m [36morg.quartz.core.QuartzScheduler         [0;39m [2m:[0;39m JobFactory set to: org.springframework.scheduling.quartz.AdaptableJobFactory@507e90d1
[2m2025-07-29 16:25:18.400[0;39m [32m- INFO[0;39m [35m614984[0;39m [32m[0;39m [        default] [2m---[0;39m [2m[cTaskExecutor-8][0;39m [36mo.s.s.quartz.SchedulerFactoryBean       [0;39m [2m:[0;39m Starting Quartz Scheduler now
[2m2025-07-29 16:25:18.400[0;39m [32m- INFO[0;39m [35m614984[0;39m [32m[0;39m [        default] [2m---[0;39m [2m[cTaskExecutor-8][0;39m [36morg.quartz.core.QuartzScheduler         [0;39m [2m:[0;39m Scheduler Scheduler1_$_NON_CLUSTERED started.
[2m2025-07-29 16:25:18.608[0;39m [32m- INFO[0;39m [35m614984[0;39m [32m[0;39m [        default] [2m---[0;39m [2m[cTaskExecutor-8][0;39m [36morg.quartz.impl.StdSchedulerFactory     [0;39m [2m:[0;39m Using default implementation for ThreadExecutor
[2m2025-07-29 16:25:18.609[0;39m [32m- INFO[0;39m [35m614984[0;39m [32m[0;39m [        default] [2m---[0;39m [2m[cTaskExecutor-8][0;39m [36morg.quartz.core.SchedulerSignalerImpl   [0;39m [2m:[0;39m Initialized Scheduler Signaller of type: class org.quartz.core.SchedulerSignalerImpl
[2m2025-07-29 16:25:18.610[0;39m [32m- INFO[0;39m [35m614984[0;39m [32m[0;39m [        default] [2m---[0;39m [2m[cTaskExecutor-8][0;39m [36morg.quartz.core.QuartzScheduler         [0;39m [2m:[0;39m Quartz Scheduler v2.5.0 created.
[2m2025-07-29 16:25:18.610[0;39m [32m- INFO[0;39m [35m614984[0;39m [32m[0;39m [        default] [2m---[0;39m [2m[cTaskExecutor-8][0;39m [36morg.quartz.simpl.RAMJobStore            [0;39m [2m:[0;39m RAMJobStore initialized.
[2m2025-07-29 16:25:18.610[0;39m [32m- INFO[0;39m [35m614984[0;39m [32m[0;39m [        default] [2m---[0;39m [2m[cTaskExecutor-8][0;39m [36morg.quartz.core.QuartzScheduler         [0;39m [2m:[0;39m Scheduler meta-data: Quartz Scheduler (v2.5.0) 'Scheduler1group1' with instanceId 'NON_CLUSTERED'
  Scheduler class: 'org.quartz.core.QuartzScheduler' - running locally.
  NOT STARTED.
  Currently in standby mode.
  Number of jobs executed: 0
  Using thread pool 'org.quartz.simpl.SimpleThreadPool' - with 1 threads.
  Using job-store 'org.quartz.simpl.RAMJobStore' - which does not support persistence. and is not clustered.

[2m2025-07-29 16:25:18.610[0;39m [32m- INFO[0;39m [35m614984[0;39m [32m[0;39m [        default] [2m---[0;39m [2m[cTaskExecutor-8][0;39m [36morg.quartz.impl.StdSchedulerFactory     [0;39m [2m:[0;39m Quartz scheduler 'Scheduler1group1' initialized from an externally provided properties instance.
[2m2025-07-29 16:25:18.610[0;39m [32m- INFO[0;39m [35m614984[0;39m [32m[0;39m [        default] [2m---[0;39m [2m[cTaskExecutor-8][0;39m [36morg.quartz.impl.StdSchedulerFactory     [0;39m [2m:[0;39m Quartz scheduler version: 2.5.0
[2m2025-07-29 16:25:18.610[0;39m [32m- INFO[0;39m [35m614984[0;39m [32m[0;39m [        default] [2m---[0;39m [2m[cTaskExecutor-8][0;39m [36morg.quartz.core.QuartzScheduler         [0;39m [2m:[0;39m JobFactory set to: org.springframework.scheduling.quartz.AdaptableJobFactory@29b965c9
[2m2025-07-29 16:25:18.610[0;39m [32m- INFO[0;39m [35m614984[0;39m [32m[0;39m [        default] [2m---[0;39m [2m[cTaskExecutor-8][0;39m [36mo.s.s.quartz.SchedulerFactoryBean       [0;39m [2m:[0;39m Starting Quartz Scheduler now
[2m2025-07-29 16:25:18.610[0;39m [32m- INFO[0;39m [35m614984[0;39m [32m[0;39m [        default] [2m---[0;39m [2m[cTaskExecutor-8][0;39m [36morg.quartz.core.QuartzScheduler         [0;39m [2m:[0;39m Scheduler Scheduler1group1_$_NON_CLUSTERED started.
[2m2025-07-29 16:25:18.672[0;39m [32m- INFO[0;39m [35m614984[0;39m [32m[0;39m [        default] [2m---[0;39m [2m[cTaskExecutor-8][0;39m [36morg.quartz.impl.StdSchedulerFactory     [0;39m [2m:[0;39m Using default implementation for ThreadExecutor
[2m2025-07-29 16:25:18.673[0;39m [32m- INFO[0;39m [35m614984[0;39m [32m[0;39m [        default] [2m---[0;39m [2m[cTaskExecutor-8][0;39m [36morg.quartz.core.SchedulerSignalerImpl   [0;39m [2m:[0;39m Initialized Scheduler Signaller of type: class org.quartz.core.SchedulerSignalerImpl
[2m2025-07-29 16:25:18.674[0;39m [32m- INFO[0;39m [35m614984[0;39m [32m[0;39m [        default] [2m---[0;39m [2m[cTaskExecutor-8][0;39m [36morg.quartz.core.QuartzScheduler         [0;39m [2m:[0;39m Quartz Scheduler v2.5.0 created.
[2m2025-07-29 16:25:18.674[0;39m [32m- INFO[0;39m [35m614984[0;39m [32m[0;39m [        default] [2m---[0;39m [2m[cTaskExecutor-8][0;39m [36morg.quartz.simpl.RAMJobStore            [0;39m [2m:[0;39m RAMJobStore initialized.
[2m2025-07-29 16:25:18.674[0;39m [32m- INFO[0;39m [35m614984[0;39m [32m[0;39m [        default] [2m---[0;39m [2m[cTaskExecutor-8][0;39m [36morg.quartz.core.QuartzScheduler         [0;39m [2m:[0;39m Scheduler meta-data: Quartz Scheduler (v2.5.0) 'Scheduler1group3' with instanceId 'NON_CLUSTERED'
  Scheduler class: 'org.quartz.core.QuartzScheduler' - running locally.
  NOT STARTED.
  Currently in standby mode.
  Number of jobs executed: 0
  Using thread pool 'org.quartz.simpl.SimpleThreadPool' - with 1 threads.
  Using job-store 'org.quartz.simpl.RAMJobStore' - which does not support persistence. and is not clustered.

[2m2025-07-29 16:25:18.674[0;39m [32m- INFO[0;39m [35m614984[0;39m [32m[0;39m [        default] [2m---[0;39m [2m[cTaskExecutor-8][0;39m [36morg.quartz.impl.StdSchedulerFactory     [0;39m [2m:[0;39m Quartz scheduler 'Scheduler1group3' initialized from an externally provided properties instance.
[2m2025-07-29 16:25:18.674[0;39m [32m- INFO[0;39m [35m614984[0;39m [32m[0;39m [        default] [2m---[0;39m [2m[cTaskExecutor-8][0;39m [36morg.quartz.impl.StdSchedulerFactory     [0;39m [2m:[0;39m Quartz scheduler version: 2.5.0
[2m2025-07-29 16:25:18.674[0;39m [32m- INFO[0;39m [35m614984[0;39m [32m[0;39m [        default] [2m---[0;39m [2m[cTaskExecutor-8][0;39m [36morg.quartz.core.QuartzScheduler         [0;39m [2m:[0;39m JobFactory set to: org.springframework.scheduling.quartz.AdaptableJobFactory@3b94a703
[2m2025-07-29 16:25:18.674[0;39m [32m- INFO[0;39m [35m614984[0;39m [32m[0;39m [        default] [2m---[0;39m [2m[cTaskExecutor-8][0;39m [36mo.s.s.quartz.SchedulerFactoryBean       [0;39m [2m:[0;39m Starting Quartz Scheduler now
[2m2025-07-29 16:25:18.674[0;39m [32m- INFO[0;39m [35m614984[0;39m [32m[0;39m [        default] [2m---[0;39m [2m[cTaskExecutor-8][0;39m [36morg.quartz.core.QuartzScheduler         [0;39m [2m:[0;39m Scheduler Scheduler1group3_$_NON_CLUSTERED started.
[2m2025-07-29 16:25:18.831[0;39m [32m- INFO[0;39m [35m614984[0;39m [32m[0;39m [        default] [2m---[0;39m [2m[cTaskExecutor-8][0;39m [36morg.quartz.impl.StdSchedulerFactory     [0;39m [2m:[0;39m Using default implementation for ThreadExecutor
[2m2025-07-29 16:25:18.833[0;39m [32m- INFO[0;39m [35m614984[0;39m [32m[0;39m [        default] [2m---[0;39m [2m[cTaskExecutor-8][0;39m [36morg.quartz.core.SchedulerSignalerImpl   [0;39m [2m:[0;39m Initialized Scheduler Signaller of type: class org.quartz.core.SchedulerSignalerImpl
[2m2025-07-29 16:25:18.833[0;39m [32m- INFO[0;39m [35m614984[0;39m [32m[0;39m [        default] [2m---[0;39m [2m[cTaskExecutor-8][0;39m [36morg.quartz.core.QuartzScheduler         [0;39m [2m:[0;39m Quartz Scheduler v2.5.0 created.
[2m2025-07-29 16:25:18.833[0;39m [32m- INFO[0;39m [35m614984[0;39m [32m[0;39m [        default] [2m---[0;39m [2m[cTaskExecutor-8][0;39m [36morg.quartz.simpl.RAMJobStore            [0;39m [2m:[0;39m RAMJobStore initialized.
[2m2025-07-29 16:25:18.833[0;39m [32m- INFO[0;39m [35m614984[0;39m [32m[0;39m [        default] [2m---[0;39m [2m[cTaskExecutor-8][0;39m [36morg.quartz.core.QuartzScheduler         [0;39m [2m:[0;39m Scheduler meta-data: Quartz Scheduler (v2.5.0) 'Scheduler1group4' with instanceId 'NON_CLUSTERED'
  Scheduler class: 'org.quartz.core.QuartzScheduler' - running locally.
  NOT STARTED.
  Currently in standby mode.
  Number of jobs executed: 0
  Using thread pool 'org.quartz.simpl.SimpleThreadPool' - with 1 threads.
  Using job-store 'org.quartz.simpl.RAMJobStore' - which does not support persistence. and is not clustered.

[2m2025-07-29 16:25:18.833[0;39m [32m- INFO[0;39m [35m614984[0;39m [32m[0;39m [        default] [2m---[0;39m [2m[cTaskExecutor-8][0;39m [36morg.quartz.impl.StdSchedulerFactory     [0;39m [2m:[0;39m Quartz scheduler 'Scheduler1group4' initialized from an externally provided properties instance.
[2m2025-07-29 16:25:18.833[0;39m [32m- INFO[0;39m [35m614984[0;39m [32m[0;39m [        default] [2m---[0;39m [2m[cTaskExecutor-8][0;39m [36morg.quartz.impl.StdSchedulerFactory     [0;39m [2m:[0;39m Quartz scheduler version: 2.5.0
[2m2025-07-29 16:25:18.834[0;39m [32m- INFO[0;39m [35m614984[0;39m [32m[0;39m [        default] [2m---[0;39m [2m[cTaskExecutor-8][0;39m [36morg.quartz.core.QuartzScheduler         [0;39m [2m:[0;39m JobFactory set to: org.springframework.scheduling.quartz.AdaptableJobFactory@5f64225b
[2m2025-07-29 16:25:18.834[0;39m [32m- INFO[0;39m [35m614984[0;39m [32m[0;39m [        default] [2m---[0;39m [2m[cTaskExecutor-8][0;39m [36mo.s.s.quartz.SchedulerFactoryBean       [0;39m [2m:[0;39m Starting Quartz Scheduler now
[2m2025-07-29 16:25:18.834[0;39m [32m- INFO[0;39m [35m614984[0;39m [32m[0;39m [        default] [2m---[0;39m [2m[cTaskExecutor-8][0;39m [36morg.quartz.core.QuartzScheduler         [0;39m [2m:[0;39m Scheduler Scheduler1group4_$_NON_CLUSTERED started.
[2m2025-07-29 16:25:19.001[0;39m [32m- INFO[0;39m [35m614984[0;39m [32m[0;39m [      no-tenant] [2m---[0;39m [2m[cTaskExecutor-8][0;39m [36mo.a.f.i.j.s.JobSchedulerServiceImpl     [0;39m [2m:[0;39m Scheduling batch jobs has finished
[2m2025-07-29 16:26:00.150[0;39m [32m- INFO[0;39m [35m614984[0;39m [32m[0;39m [        default] [2m---[0;39m [2m[duler1_Worker-1][0;39m [36mo.s.b.c.l.s.TaskExecutorJobLauncher     [0;39m [2m:[0;39m Job: [SimpleJob: [name=SEND_ASYNCHRONOUS_EVENTS]] launched with the following parameters: [{'run.id':'{value=1, type=class java.lang.Long, identifying=true}'}]
[2m2025-07-29 16:26:00.210[0;39m [32m- INFO[0;39m [35m614984[0;39m [32m[0;39m [        default] [2m---[0;39m [2m[duler1_Worker-1][0;39m [36mo.s.batch.core.job.SimpleStepHandler    [0;39m [2m:[0;39m Executing step: [SEND_ASYNCHRONOUS_EVENTS_STEP]
[2m2025-07-29 16:26:00.267[0;39m [32m- INFO[0;39m [35m614984[0;39m [32m[0;39m [        default] [2m---[0;39m [2m[duler1_Worker-1][0;39m [36mo.s.batch.core.step.AbstractStep        [0;39m [2m:[0;39m Step: [SEND_ASYNCHRONOUS_EVENTS_STEP] executed in 56ms
[2m2025-07-29 16:26:00.293[0;39m [32m- INFO[0;39m [35m614984[0;39m [32m[0;39m [        default] [2m---[0;39m [2m[duler1_Worker-1][0;39m [36mo.s.b.c.l.s.TaskExecutorJobLauncher     [0;39m [2m:[0;39m Job: [SimpleJob: [name=SEND_ASYNCHRONOUS_EVENTS]] completed with the following parameters: [{'run.id':'{value=1, type=class java.lang.Long, identifying=true}'}] and the following status: [COMPLETED] in 111ms
[2m2025-07-29 16:27:00.114[0;39m [32m- INFO[0;39m [35m614984[0;39m [32m[0;39m [        default] [2m---[0;39m [2m[duler1_Worker-2][0;39m [36mo.s.b.c.l.s.TaskExecutorJobLauncher     [0;39m [2m:[0;39m Job: [SimpleJob: [name=SEND_ASYNCHRONOUS_EVENTS]] launched with the following parameters: [{'run.id':'{value=2, type=class java.lang.Long, identifying=true}'}]
[2m2025-07-29 16:27:00.141[0;39m [32m- INFO[0;39m [35m614984[0;39m [32m[0;39m [        default] [2m---[0;39m [2m[duler1_Worker-2][0;39m [36mo.s.batch.core.job.SimpleStepHandler    [0;39m [2m:[0;39m Executing step: [SEND_ASYNCHRONOUS_EVENTS_STEP]
[2m2025-07-29 16:27:00.162[0;39m [32m- INFO[0;39m [35m614984[0;39m [32m[0;39m [        default] [2m---[0;39m [2m[duler1_Worker-2][0;39m [36mo.s.batch.core.step.AbstractStep        [0;39m [2m:[0;39m Step: [SEND_ASYNCHRONOUS_EVENTS_STEP] executed in 20ms
[2m2025-07-29 16:27:00.184[0;39m [32m- INFO[0;39m [35m614984[0;39m [32m[0;39m [        default] [2m---[0;39m [2m[duler1_Worker-2][0;39m [36mo.s.b.c.l.s.TaskExecutorJobLauncher     [0;39m [2m:[0;39m Job: [SimpleJob: [name=SEND_ASYNCHRONOUS_EVENTS]] completed with the following parameters: [{'run.id':'{value=2, type=class java.lang.Long, identifying=true}'}] and the following status: [COMPLETED] in 62ms
[2m2025-07-29 16:28:00.076[0;39m [32m- INFO[0;39m [35m614984[0;39m [32m[0;39m [        default] [2m---[0;39m [2m[duler1_Worker-3][0;39m [36mo.s.b.c.l.s.TaskExecutorJobLauncher     [0;39m [2m:[0;39m Job: [SimpleJob: [name=SEND_ASYNCHRONOUS_EVENTS]] launched with the following parameters: [{'run.id':'{value=3, type=class java.lang.Long, identifying=true}'}]
[2m2025-07-29 16:28:00.096[0;39m [32m- INFO[0;39m [35m614984[0;39m [32m[0;39m [        default] [2m---[0;39m [2m[duler1_Worker-3][0;39m [36mo.s.batch.core.job.SimpleStepHandler    [0;39m [2m:[0;39m Executing step: [SEND_ASYNCHRONOUS_EVENTS_STEP]
[2m2025-07-29 16:28:00.111[0;39m [32m- INFO[0;39m [35m614984[0;39m [32m[0;39m [        default] [2m---[0;39m [2m[duler1_Worker-3][0;39m [36mo.s.batch.core.step.AbstractStep        [0;39m [2m:[0;39m Step: [SEND_ASYNCHRONOUS_EVENTS_STEP] executed in 14ms
[2m2025-07-29 16:28:00.127[0;39m [32m- INFO[0;39m [35m614984[0;39m [32m[0;39m [        default] [2m---[0;39m [2m[duler1_Worker-3][0;39m [36mo.s.b.c.l.s.TaskExecutorJobLauncher     [0;39m [2m:[0;39m Job: [SimpleJob: [name=SEND_ASYNCHRONOUS_EVENTS]] completed with the following parameters: [{'run.id':'{value=3, type=class java.lang.Long, identifying=true}'}] and the following status: [COMPLETED] in 45ms
[2m2025-07-29 16:29:00.078[0;39m [32m- INFO[0;39m [35m614984[0;39m [32m[0;39m [        default] [2m---[0;39m [2m[duler1_Worker-4][0;39m [36mo.s.b.c.l.s.TaskExecutorJobLauncher     [0;39m [2m:[0;39m Job: [SimpleJob: [name=SEND_ASYNCHRONOUS_EVENTS]] launched with the following parameters: [{'run.id':'{value=4, type=class java.lang.Long, identifying=true}'}]
[2m2025-07-29 16:29:00.097[0;39m [32m- INFO[0;39m [35m614984[0;39m [32m[0;39m [        default] [2m---[0;39m [2m[duler1_Worker-4][0;39m [36mo.s.batch.core.job.SimpleStepHandler    [0;39m [2m:[0;39m Executing step: [SEND_ASYNCHRONOUS_EVENTS_STEP]
[2m2025-07-29 16:29:00.114[0;39m [32m- INFO[0;39m [35m614984[0;39m [32m[0;39m [        default] [2m---[0;39m [2m[duler1_Worker-4][0;39m [36mo.s.batch.core.step.AbstractStep        [0;39m [2m:[0;39m Step: [SEND_ASYNCHRONOUS_EVENTS_STEP] executed in 16ms
[2m2025-07-29 16:29:00.131[0;39m [32m- INFO[0;39m [35m614984[0;39m [32m[0;39m [        default] [2m---[0;39m [2m[duler1_Worker-4][0;39m [36mo.s.b.c.l.s.TaskExecutorJobLauncher     [0;39m [2m:[0;39m Job: [SimpleJob: [name=SEND_ASYNCHRONOUS_EVENTS]] completed with the following parameters: [{'run.id':'{value=4, type=class java.lang.Long, identifying=true}'}] and the following status: [COMPLETED] in 46ms
[2m2025-07-29 16:30:00.102[0;39m [32m- INFO[0;39m [35m614984[0;39m [32m[0;39m [        default] [2m---[0;39m [2m[duler1_Worker-5][0;39m [36mo.s.b.c.l.s.TaskExecutorJobLauncher     [0;39m [2m:[0;39m Job: [SimpleJob: [name=EXECUTE_EMAIL]] launched with the following parameters: [{'run.id':'{value=1, type=class java.lang.Long, identifying=true}'}]
[2m2025-07-29 16:30:00.114[0;39m [32m- INFO[0;39m [35m614984[0;39m [32m[0;39m [        default] [2m---[0;39m [2m[duler1_Worker-6][0;39m [36mo.s.b.c.l.s.TaskExecutorJobLauncher     [0;39m [2m:[0;39m Job: [SimpleJob: [name=EXECUTE_REPORT_MAILING_JOBS]] launched with the following parameters: [{'run.id':'{value=1, type=class java.lang.Long, identifying=true}'}]
[2m2025-07-29 16:30:00.121[0;39m [32m- INFO[0;39m [35m614984[0;39m [32m[0;39m [        default] [2m---[0;39m [2m[duler1_Worker-2][0;39m [36mo.s.b.c.l.s.TaskExecutorJobLauncher     [0;39m [2m:[0;39m Job: [SimpleJob: [name=UPDATE_EMAIL_OUTBOUND_WITH_CAMPAIGN_MESSAGE]] launched with the following parameters: [{'run.id':'{value=1, type=class java.lang.Long, identifying=true}'}]
[2m2025-07-29 16:30:00.125[0;39m [32m- INFO[0;39m [35m614984[0;39m [32m[0;39m [        default] [2m---[0;39m [2m[duler1_Worker-7][0;39m [36mo.s.b.c.l.s.TaskExecutorJobLauncher     [0;39m [2m:[0;39m Job: [SimpleJob: [name=LOAN_DELINQUENCY_CLASSIFICATION]] launched with the following parameters: [{'run.id':'{value=1, type=class java.lang.Long, identifying=true}'}]
[2m2025-07-29 16:30:00.128[0;39m [32m- INFO[0;39m [35m614984[0;39m [32m[0;39m [        default] [2m---[0;39m [2m[duler1_Worker-1][0;39m [36mo.s.b.c.l.s.TaskExecutorJobLauncher     [0;39m [2m:[0;39m Job: [SimpleJob: [name=SEND_ASYNCHRONOUS_EVENTS]] launched with the following parameters: [{'run.id':'{value=5, type=class java.lang.Long, identifying=true}'}]
[2m2025-07-29 16:30:00.130[0;39m [32m- INFO[0;39m [35m614984[0;39m [32m[0;39m [        default] [2m---[0;39m [2m[duler1_Worker-5][0;39m [36mo.s.batch.core.job.SimpleStepHandler    [0;39m [2m:[0;39m Executing step: [EXECUTE_EMAIL]
[2m2025-07-29 16:30:00.140[0;39m [32m- INFO[0;39m [35m614984[0;39m [32m[0;39m [        default] [2m---[0;39m [2m[duler1_Worker-6][0;39m [36mo.s.batch.core.job.SimpleStepHandler    [0;39m [2m:[0;39m Executing step: [EXECUTE_REPORT_MAILING_JOBS]
[2m2025-07-29 16:30:00.148[0;39m [32m- INFO[0;39m [35m614984[0;39m [32m[0;39m [        default] [2m---[0;39m [2m[duler1_Worker-2][0;39m [36mo.s.batch.core.job.SimpleStepHandler    [0;39m [2m:[0;39m Executing step: [UPDATE_EMAIL_OUTBOUND_WITH_CAMPAIGN_MESSAGE]
[2m2025-07-29 16:30:00.152[0;39m [32m- INFO[0;39m [35m614984[0;39m [32m[0;39m [        default] [2m---[0;39m [2m[duler1_Worker-7][0;39m [36mo.s.batch.core.job.SimpleStepHandler    [0;39m [2m:[0;39m Executing step: [LOAN_DELINQUENCY_CLASSIFICATION]
[2m2025-07-29 16:30:00.156[0;39m [32m- INFO[0;39m [35m614984[0;39m [32m[0;39m [        default] [2m---[0;39m [2m[duler1_Worker-1][0;39m [36mo.s.batch.core.job.SimpleStepHandler    [0;39m [2m:[0;39m Executing step: [SEND_ASYNCHRONOUS_EVENTS_STEP]
[2m2025-07-29 16:30:00.165[0;39m [32m- INFO[0;39m [35m614984[0;39m [32m[0;39m [        default] [2m---[0;39m [2m[duler1_Worker-6][0;39m [36mo.s.batch.core.step.AbstractStep        [0;39m [2m:[0;39m Step: [EXECUTE_REPORT_MAILING_JOBS] executed in 24ms
[2m2025-07-29 16:30:00.172[0;39m [32m- INFO[0;39m [35m614984[0;39m [32m[0;39m [        default] [2m---[0;39m [2m[duler1_Worker-5][0;39m [36mo.s.batch.core.step.AbstractStep        [0;39m [2m:[0;39m Step: [EXECUTE_EMAIL] executed in 41ms
[2m2025-07-29 16:30:00.173[0;39m [32m- INFO[0;39m [35m614984[0;39m [32m[0;39m [        default] [2m---[0;39m [2m[duler1_Worker-2][0;39m [36mo.s.batch.core.step.AbstractStep        [0;39m [2m:[0;39m Step: [UPDATE_EMAIL_OUTBOUND_WITH_CAMPAIGN_MESSAGE] executed in 24ms
[2m2025-07-29 16:30:00.178[0;39m [32m- INFO[0;39m [35m614984[0;39m [32m[0;39m [        default] [2m---[0;39m [2m[duler1_Worker-1][0;39m [36mo.s.batch.core.step.AbstractStep        [0;39m [2m:[0;39m Step: [SEND_ASYNCHRONOUS_EVENTS_STEP] executed in 21ms
[2m2025-07-29 16:30:00.190[0;39m [32m- INFO[0;39m [35m614984[0;39m [32m[0;39m [        default] [2m---[0;39m [2m[duler1_Worker-6][0;39m [36mo.s.b.c.l.s.TaskExecutorJobLauncher     [0;39m [2m:[0;39m Job: [SimpleJob: [name=EXECUTE_REPORT_MAILING_JOBS]] completed with the following parameters: [{'run.id':'{value=1, type=class java.lang.Long, identifying=true}'}] and the following status: [COMPLETED] in 66ms
[2m2025-07-29 16:30:00.195[0;39m [32m- INFO[0;39m [35m614984[0;39m [32m[0;39m [        default] [2m---[0;39m [2m[duler1_Worker-5][0;39m [36mo.s.b.c.l.s.TaskExecutorJobLauncher     [0;39m [2m:[0;39m Job: [SimpleJob: [name=EXECUTE_EMAIL]] completed with the following parameters: [{'run.id':'{value=1, type=class java.lang.Long, identifying=true}'}] and the following status: [COMPLETED] in 87ms
[2m2025-07-29 16:30:00.198[0;39m [32m- INFO[0;39m [35m614984[0;39m [32m[0;39m [        default] [2m---[0;39m [2m[duler1_Worker-2][0;39m [36mo.s.b.c.l.s.TaskExecutorJobLauncher     [0;39m [2m:[0;39m Job: [SimpleJob: [name=UPDATE_EMAIL_OUTBOUND_WITH_CAMPAIGN_MESSAGE]] completed with the following parameters: [{'run.id':'{value=1, type=class java.lang.Long, identifying=true}'}] and the following status: [COMPLETED] in 69ms
[2m2025-07-29 16:30:00.200[0;39m [32m- INFO[0;39m [35m614984[0;39m [32m[0;39m [        default] [2m---[0;39m [2m[duler1_Worker-7][0;39m [36mo.s.batch.core.step.AbstractStep        [0;39m [2m:[0;39m Step: [LOAN_DELINQUENCY_CLASSIFICATION] executed in 47ms
[2m2025-07-29 16:30:00.200[0;39m [32m- INFO[0;39m [35m614984[0;39m [32m[0;39m [        default] [2m---[0;39m [2m[duler1_Worker-1][0;39m [36mo.s.b.c.l.s.TaskExecutorJobLauncher     [0;39m [2m:[0;39m Job: [SimpleJob: [name=SEND_ASYNCHRONOUS_EVENTS]] completed with the following parameters: [{'run.id':'{value=5, type=class java.lang.Long, identifying=true}'}] and the following status: [COMPLETED] in 64ms
[2m2025-07-29 16:30:00.226[0;39m [32m- INFO[0;39m [35m614984[0;39m [32m[0;39m [        default] [2m---[0;39m [2m[duler1_Worker-7][0;39m [36mo.s.b.c.l.s.TaskExecutorJobLauncher     [0;39m [2m:[0;39m Job: [SimpleJob: [name=LOAN_DELINQUENCY_CLASSIFICATION]] completed with the following parameters: [{'run.id':'{value=1, type=class java.lang.Long, identifying=true}'}] and the following status: [COMPLETED] in 91ms
[2m2025-07-29 16:30:54.786[0;39m [32m- INFO[0;39m [35m614984[0;39m [32m[0;39m [      no-tenant] [2m---[0;39m [2m[nio-8443-exec-3][0;39m [36mo.a.c.c.C.[.[.[/fineract-provider]      [0;39m [2m:[0;39m Initializing Spring DispatcherServlet 'dispatcherServlet'
[2m2025-07-29 16:30:54.786[0;39m [32m- INFO[0;39m [35m614984[0;39m [32m[0;39m [      no-tenant] [2m---[0;39m [2m[nio-8443-exec-3][0;39m [36mo.s.web.servlet.DispatcherServlet       [0;39m [2m:[0;39m Initializing Servlet 'dispatcherServlet'
[2m2025-07-29 16:30:54.799[0;39m [32m- INFO[0;39m [35m614984[0;39m [32m[0;39m [      no-tenant] [2m---[0;39m [2m[nio-8443-exec-3][0;39m [36mo.s.web.servlet.DispatcherServlet       [0;39m [2m:[0;39m Completed initialization in 13 ms
[2m2025-07-29 16:31:00.080[0;39m [32m- INFO[0;39m [35m614984[0;39m [32m[0;39m [        default] [2m---[0;39m [2m[duler1_Worker-3][0;39m [36mo.s.b.c.l.s.TaskExecutorJobLauncher     [0;39m [2m:[0;39m Job: [SimpleJob: [name=SEND_ASYNCHRONOUS_EVENTS]] launched with the following parameters: [{'run.id':'{value=6, type=class java.lang.Long, identifying=true}'}]
[2m2025-07-29 16:31:00.108[0;39m [32m- INFO[0;39m [35m614984[0;39m [32m[0;39m [        default] [2m---[0;39m [2m[duler1_Worker-3][0;39m [36mo.s.batch.core.job.SimpleStepHandler    [0;39m [2m:[0;39m Executing step: [SEND_ASYNCHRONOUS_EVENTS_STEP]
[2m2025-07-29 16:31:00.135[0;39m [32m- INFO[0;39m [35m614984[0;39m [32m[0;39m [        default] [2m---[0;39m [2m[duler1_Worker-3][0;39m [36mo.s.batch.core.step.AbstractStep        [0;39m [2m:[0;39m Step: [SEND_ASYNCHRONOUS_EVENTS_STEP] executed in 26ms
[2m2025-07-29 16:31:00.162[0;39m [32m- INFO[0;39m [35m614984[0;39m [32m[0;39m [        default] [2m---[0;39m [2m[duler1_Worker-3][0;39m [36mo.s.b.c.l.s.TaskExecutorJobLauncher     [0;39m [2m:[0;39m Job: [SimpleJob: [name=SEND_ASYNCHRONOUS_EVENTS]] completed with the following parameters: [{'run.id':'{value=6, type=class java.lang.Long, identifying=true}'}] and the following status: [COMPLETED] in 73ms
[2m2025-07-29 16:32:00.078[0;39m [32m- INFO[0;39m [35m614984[0;39m [32m[0;39m [        default] [2m---[0;39m [2m[duler1_Worker-4][0;39m [36mo.s.b.c.l.s.TaskExecutorJobLauncher     [0;39m [2m:[0;39m Job: [SimpleJob: [name=SEND_ASYNCHRONOUS_EVENTS]] launched with the following parameters: [{'run.id':'{value=7, type=class java.lang.Long, identifying=true}'}]
[2m2025-07-29 16:32:00.106[0;39m [32m- INFO[0;39m [35m614984[0;39m [32m[0;39m [        default] [2m---[0;39m [2m[duler1_Worker-4][0;39m [36mo.s.batch.core.job.SimpleStepHandler    [0;39m [2m:[0;39m Executing step: [SEND_ASYNCHRONOUS_EVENTS_STEP]
[2m2025-07-29 16:32:00.124[0;39m [32m- INFO[0;39m [35m614984[0;39m [32m[0;39m [        default] [2m---[0;39m [2m[duler1_Worker-4][0;39m [36mo.s.batch.core.step.AbstractStep        [0;39m [2m:[0;39m Step: [SEND_ASYNCHRONOUS_EVENTS_STEP] executed in 17ms
[2m2025-07-29 16:32:00.141[0;39m [32m- INFO[0;39m [35m614984[0;39m [32m[0;39m [        default] [2m---[0;39m [2m[duler1_Worker-4][0;39m [36mo.s.b.c.l.s.TaskExecutorJobLauncher     [0;39m [2m:[0;39m Job: [SimpleJob: [name=SEND_ASYNCHRONOUS_EVENTS]] completed with the following parameters: [{'run.id':'{value=7, type=class java.lang.Long, identifying=true}'}] and the following status: [COMPLETED] in 55ms
[2m2025-07-29 16:33:00.118[0;39m [32m- INFO[0;39m [35m614984[0;39m [32m[0;39m [        default] [2m---[0;39m [2m[duler1_Worker-6][0;39m [36mo.s.b.c.l.s.TaskExecutorJobLauncher     [0;39m [2m:[0;39m Job: [SimpleJob: [name=SEND_ASYNCHRONOUS_EVENTS]] launched with the following parameters: [{'run.id':'{value=8, type=class java.lang.Long, identifying=true}'}]
[2m2025-07-29 16:33:00.138[0;39m [32m- INFO[0;39m [35m614984[0;39m [32m[0;39m [        default] [2m---[0;39m [2m[duler1_Worker-6][0;39m [36mo.s.batch.core.job.SimpleStepHandler    [0;39m [2m:[0;39m Executing step: [SEND_ASYNCHRONOUS_EVENTS_STEP]
[2m2025-07-29 16:33:00.152[0;39m [32m- INFO[0;39m [35m614984[0;39m [32m[0;39m [        default] [2m---[0;39m [2m[duler1_Worker-6][0;39m [36mo.s.batch.core.step.AbstractStep        [0;39m [2m:[0;39m Step: [SEND_ASYNCHRONOUS_EVENTS_STEP] executed in 14ms
[2m2025-07-29 16:33:00.164[0;39m [32m- INFO[0;39m [35m614984[0;39m [32m[0;39m [        default] [2m---[0;39m [2m[duler1_Worker-6][0;39m [36mo.s.b.c.l.s.TaskExecutorJobLauncher     [0;39m [2m:[0;39m Job: [SimpleJob: [name=SEND_ASYNCHRONOUS_EVENTS]] completed with the following parameters: [{'run.id':'{value=8, type=class java.lang.Long, identifying=true}'}] and the following status: [COMPLETED] in 40ms
[2m2025-07-29 16:34:00.076[0;39m [32m- INFO[0;39m [35m614984[0;39m [32m[0;39m [        default] [2m---[0;39m [2m[duler1_Worker-5][0;39m [36mo.s.b.c.l.s.TaskExecutorJobLauncher     [0;39m [2m:[0;39m Job: [SimpleJob: [name=SEND_ASYNCHRONOUS_EVENTS]] launched with the following parameters: [{'run.id':'{value=9, type=class java.lang.Long, identifying=true}'}]
[2m2025-07-29 16:34:00.101[0;39m [32m- INFO[0;39m [35m614984[0;39m [32m[0;39m [        default] [2m---[0;39m [2m[duler1_Worker-5][0;39m [36mo.s.batch.core.job.SimpleStepHandler    [0;39m [2m:[0;39m Executing step: [SEND_ASYNCHRONOUS_EVENTS_STEP]
[2m2025-07-29 16:34:00.116[0;39m [32m- INFO[0;39m [35m614984[0;39m [32m[0;39m [        default] [2m---[0;39m [2m[duler1_Worker-5][0;39m [36mo.s.batch.core.step.AbstractStep        [0;39m [2m:[0;39m Step: [SEND_ASYNCHRONOUS_EVENTS_STEP] executed in 14ms
[2m2025-07-29 16:34:00.129[0;39m [32m- INFO[0;39m [35m614984[0;39m [32m[0;39m [        default] [2m---[0;39m [2m[duler1_Worker-5][0;39m [36mo.s.b.c.l.s.TaskExecutorJobLauncher     [0;39m [2m:[0;39m Job: [SimpleJob: [name=SEND_ASYNCHRONOUS_EVENTS]] completed with the following parameters: [{'run.id':'{value=9, type=class java.lang.Long, identifying=true}'}] and the following status: [COMPLETED] in 47ms
[2m2025-07-29 16:35:00.111[0;39m [32m- INFO[0;39m [35m614984[0;39m [32m[0;39m [        default] [2m---[0;39m [2m[duler1_Worker-2][0;39m [36mo.s.b.c.l.s.TaskExecutorJobLauncher     [0;39m [2m:[0;39m Job: [SimpleJob: [name=SEND_ASYNCHRONOUS_EVENTS]] launched with the following parameters: [{'run.id':'{value=10, type=class java.lang.Long, identifying=true}'}]
[2m2025-07-29 16:35:00.129[0;39m [32m- INFO[0;39m [35m614984[0;39m [32m[0;39m [        default] [2m---[0;39m [2m[duler1_Worker-2][0;39m [36mo.s.batch.core.job.SimpleStepHandler    [0;39m [2m:[0;39m Executing step: [SEND_ASYNCHRONOUS_EVENTS_STEP]
[2m2025-07-29 16:35:00.142[0;39m [32m- INFO[0;39m [35m614984[0;39m [32m[0;39m [        default] [2m---[0;39m [2m[duler1_Worker-2][0;39m [36mo.s.batch.core.step.AbstractStep        [0;39m [2m:[0;39m Step: [SEND_ASYNCHRONOUS_EVENTS_STEP] executed in 13ms
[2m2025-07-29 16:35:00.154[0;39m [32m- INFO[0;39m [35m614984[0;39m [32m[0;39m [        default] [2m---[0;39m [2m[duler1_Worker-2][0;39m [36mo.s.b.c.l.s.TaskExecutorJobLauncher     [0;39m [2m:[0;39m Job: [SimpleJob: [name=SEND_ASYNCHRONOUS_EVENTS]] completed with the following parameters: [{'run.id':'{value=10, type=class java.lang.Long, identifying=true}'}] and the following status: [COMPLETED] in 37ms
[2m2025-07-29 16:36:00.072[0;39m [32m- INFO[0;39m [35m614984[0;39m [32m[0;39m [        default] [2m---[0;39m [2m[duler1_Worker-1][0;39m [36mo.s.b.c.l.s.TaskExecutorJobLauncher     [0;39m [2m:[0;39m Job: [SimpleJob: [name=SEND_ASYNCHRONOUS_EVENTS]] launched with the following parameters: [{'run.id':'{value=11, type=class java.lang.Long, identifying=true}'}]
[2m2025-07-29 16:36:00.097[0;39m [32m- INFO[0;39m [35m614984[0;39m [32m[0;39m [        default] [2m---[0;39m [2m[duler1_Worker-1][0;39m [36mo.s.batch.core.job.SimpleStepHandler    [0;39m [2m:[0;39m Executing step: [SEND_ASYNCHRONOUS_EVENTS_STEP]
[2m2025-07-29 16:36:00.114[0;39m [32m- INFO[0;39m [35m614984[0;39m [32m[0;39m [        default] [2m---[0;39m [2m[duler1_Worker-1][0;39m [36mo.s.batch.core.step.AbstractStep        [0;39m [2m:[0;39m Step: [SEND_ASYNCHRONOUS_EVENTS_STEP] executed in 16ms
[2m2025-07-29 16:36:00.127[0;39m [32m- INFO[0;39m [35m614984[0;39m [32m[0;39m [        default] [2m---[0;39m [2m[duler1_Worker-1][0;39m [36mo.s.b.c.l.s.TaskExecutorJobLauncher     [0;39m [2m:[0;39m Job: [SimpleJob: [name=SEND_ASYNCHRONOUS_EVENTS]] completed with the following parameters: [{'run.id':'{value=11, type=class java.lang.Long, identifying=true}'}] and the following status: [COMPLETED] in 48ms
[2m2025-07-29 16:37:00.112[0;39m [32m- INFO[0;39m [35m614984[0;39m [32m[0;39m [        default] [2m---[0;39m [2m[duler1_Worker-7][0;39m [36mo.s.b.c.l.s.TaskExecutorJobLauncher     [0;39m [2m:[0;39m Job: [SimpleJob: [name=SEND_ASYNCHRONOUS_EVENTS]] launched with the following parameters: [{'run.id':'{value=12, type=class java.lang.Long, identifying=true}'}]
[2m2025-07-29 16:37:00.130[0;39m [32m- INFO[0;39m [35m614984[0;39m [32m[0;39m [        default] [2m---[0;39m [2m[duler1_Worker-7][0;39m [36mo.s.batch.core.job.SimpleStepHandler    [0;39m [2m:[0;39m Executing step: [SEND_ASYNCHRONOUS_EVENTS_STEP]
[2m2025-07-29 16:37:00.143[0;39m [32m- INFO[0;39m [35m614984[0;39m [32m[0;39m [        default] [2m---[0;39m [2m[duler1_Worker-7][0;39m [36mo.s.batch.core.step.AbstractStep        [0;39m [2m:[0;39m Step: [SEND_ASYNCHRONOUS_EVENTS_STEP] executed in 12ms
[2m2025-07-29 16:37:00.155[0;39m [32m- INFO[0;39m [35m614984[0;39m [32m[0;39m [        default] [2m---[0;39m [2m[duler1_Worker-7][0;39m [36mo.s.b.c.l.s.TaskExecutorJobLauncher     [0;39m [2m:[0;39m Job: [SimpleJob: [name=SEND_ASYNCHRONOUS_EVENTS]] completed with the following parameters: [{'run.id':'{value=12, type=class java.lang.Long, identifying=true}'}] and the following status: [COMPLETED] in 38ms
[2m2025-07-29 16:38:00.079[0;39m [32m- INFO[0;39m [35m614984[0;39m [32m[0;39m [        default] [2m---[0;39m [2m[duler1_Worker-3][0;39m [36mo.s.b.c.l.s.TaskExecutorJobLauncher     [0;39m [2m:[0;39m Job: [SimpleJob: [name=SEND_ASYNCHRONOUS_EVENTS]] launched with the following parameters: [{'run.id':'{value=13, type=class java.lang.Long, identifying=true}'}]
[2m2025-07-29 16:38:00.109[0;39m [32m- INFO[0;39m [35m614984[0;39m [32m[0;39m [        default] [2m---[0;39m [2m[duler1_Worker-3][0;39m [36mo.s.batch.core.job.SimpleStepHandler    [0;39m [2m:[0;39m Executing step: [SEND_ASYNCHRONOUS_EVENTS_STEP]
[2m2025-07-29 16:38:00.133[0;39m [32m- INFO[0;39m [35m614984[0;39m [32m[0;39m [        default] [2m---[0;39m [2m[duler1_Worker-3][0;39m [36mo.s.batch.core.step.AbstractStep        [0;39m [2m:[0;39m Step: [SEND_ASYNCHRONOUS_EVENTS_STEP] executed in 23ms
[2m2025-07-29 16:38:00.158[0;39m [32m- INFO[0;39m [35m614984[0;39m [32m[0;39m [        default] [2m---[0;39m [2m[duler1_Worker-3][0;39m [36mo.s.b.c.l.s.TaskExecutorJobLauncher     [0;39m [2m:[0;39m Job: [SimpleJob: [name=SEND_ASYNCHRONOUS_EVENTS]] completed with the following parameters: [{'run.id':'{value=13, type=class java.lang.Long, identifying=true}'}] and the following status: [COMPLETED] in 70ms
[2m2025-07-29 16:39:00.061[0;39m [32m- INFO[0;39m [35m614984[0;39m [32m[0;39m [        default] [2m---[0;39m [2m[duler1_Worker-4][0;39m [36mo.s.b.c.l.s.TaskExecutorJobLauncher     [0;39m [2m:[0;39m Job: [SimpleJob: [name=SEND_ASYNCHRONOUS_EVENTS]] launched with the following parameters: [{'run.id':'{value=14, type=class java.lang.Long, identifying=true}'}]
[2m2025-07-29 16:39:00.083[0;39m [32m- INFO[0;39m [35m614984[0;39m [32m[0;39m [        default] [2m---[0;39m [2m[duler1_Worker-4][0;39m [36mo.s.batch.core.job.SimpleStepHandler    [0;39m [2m:[0;39m Executing step: [SEND_ASYNCHRONOUS_EVENTS_STEP]
[2m2025-07-29 16:39:00.097[0;39m [32m- INFO[0;39m [35m614984[0;39m [32m[0;39m [        default] [2m---[0;39m [2m[duler1_Worker-4][0;39m [36mo.s.batch.core.step.AbstractStep        [0;39m [2m:[0;39m Step: [SEND_ASYNCHRONOUS_EVENTS_STEP] executed in 13ms
[2m2025-07-29 16:39:00.111[0;39m [32m- INFO[0;39m [35m614984[0;39m [32m[0;39m [        default] [2m---[0;39m [2m[duler1_Worker-4][0;39m [36mo.s.b.c.l.s.TaskExecutorJobLauncher     [0;39m [2m:[0;39m Job: [SimpleJob: [name=SEND_ASYNCHRONOUS_EVENTS]] completed with the following parameters: [{'run.id':'{value=14, type=class java.lang.Long, identifying=true}'}] and the following status: [COMPLETED] in 44ms
[2m2025-07-29 16:40:00.124[0;39m [32m- INFO[0;39m [35m614984[0;39m [32m[0;39m [        default] [2m---[0;39m [2m[duler1_Worker-5][0;39m [36mo.s.b.c.l.s.TaskExecutorJobLauncher     [0;39m [2m:[0;39m Job: [SimpleJob: [name=SEND_ASYNCHRONOUS_EVENTS]] launched with the following parameters: [{'run.id':'{value=15, type=class java.lang.Long, identifying=true}'}]
[2m2025-07-29 16:40:00.126[0;39m [32m- INFO[0;39m [35m614984[0;39m [32m[0;39m [        default] [2m---[0;39m [2m[duler1_Worker-6][0;39m [36mo.s.b.c.l.s.TaskExecutorJobLauncher     [0;39m [2m:[0;39m Job: [SimpleJob: [name=EXECUTE_EMAIL]] launched with the following parameters: [{'run.id':'{value=2, type=class java.lang.Long, identifying=true}'}]
[2m2025-07-29 16:40:00.151[0;39m [32m- INFO[0;39m [35m614984[0;39m [32m[0;39m [        default] [2m---[0;39m [2m[duler1_Worker-5][0;39m [36mo.s.batch.core.job.SimpleStepHandler    [0;39m [2m:[0;39m Executing step: [SEND_ASYNCHRONOUS_EVENTS_STEP]
[2m2025-07-29 16:40:00.153[0;39m [32m- INFO[0;39m [35m614984[0;39m [32m[0;39m [        default] [2m---[0;39m [2m[duler1_Worker-6][0;39m [36mo.s.batch.core.job.SimpleStepHandler    [0;39m [2m:[0;39m Executing step: [EXECUTE_EMAIL]
[2m2025-07-29 16:40:00.170[0;39m [32m- INFO[0;39m [35m614984[0;39m [32m[0;39m [        default] [2m---[0;39m [2m[duler1_Worker-5][0;39m [36mo.s.batch.core.step.AbstractStep        [0;39m [2m:[0;39m Step: [SEND_ASYNCHRONOUS_EVENTS_STEP] executed in 18ms
[2m2025-07-29 16:40:00.175[0;39m [32m- INFO[0;39m [35m614984[0;39m [32m[0;39m [        default] [2m---[0;39m [2m[duler1_Worker-6][0;39m [36mo.s.batch.core.step.AbstractStep        [0;39m [2m:[0;39m Step: [EXECUTE_EMAIL] executed in 22ms
[2m2025-07-29 16:40:00.190[0;39m [32m- INFO[0;39m [35m614984[0;39m [32m[0;39m [        default] [2m---[0;39m [2m[duler1_Worker-5][0;39m [36mo.s.b.c.l.s.TaskExecutorJobLauncher     [0;39m [2m:[0;39m Job: [SimpleJob: [name=SEND_ASYNCHRONOUS_EVENTS]] completed with the following parameters: [{'run.id':'{value=15, type=class java.lang.Long, identifying=true}'}] and the following status: [COMPLETED] in 58ms
[2m2025-07-29 16:40:00.199[0;39m [32m- INFO[0;39m [35m614984[0;39m [32m[0;39m [        default] [2m---[0;39m [2m[duler1_Worker-6][0;39m [36mo.s.b.c.l.s.TaskExecutorJobLauncher     [0;39m [2m:[0;39m Job: [SimpleJob: [name=EXECUTE_EMAIL]] completed with the following parameters: [{'run.id':'{value=2, type=class java.lang.Long, identifying=true}'}] and the following status: [COMPLETED] in 65ms
[2m2025-07-29 16:41:00.079[0;39m [32m- INFO[0;39m [35m614984[0;39m [32m[0;39m [        default] [2m---[0;39m [2m[duler1_Worker-2][0;39m [36mo.s.b.c.l.s.TaskExecutorJobLauncher     [0;39m [2m:[0;39m Job: [SimpleJob: [name=SEND_ASYNCHRONOUS_EVENTS]] launched with the following parameters: [{'run.id':'{value=16, type=class java.lang.Long, identifying=true}'}]
[2m2025-07-29 16:41:00.105[0;39m [32m- INFO[0;39m [35m614984[0;39m [32m[0;39m [        default] [2m---[0;39m [2m[duler1_Worker-2][0;39m [36mo.s.batch.core.job.SimpleStepHandler    [0;39m [2m:[0;39m Executing step: [SEND_ASYNCHRONOUS_EVENTS_STEP]
[2m2025-07-29 16:41:00.126[0;39m [32m- INFO[0;39m [35m614984[0;39m [32m[0;39m [        default] [2m---[0;39m [2m[duler1_Worker-2][0;39m [36mo.s.batch.core.step.AbstractStep        [0;39m [2m:[0;39m Step: [SEND_ASYNCHRONOUS_EVENTS_STEP] executed in 20ms
[2m2025-07-29 16:41:00.149[0;39m [32m- INFO[0;39m [35m614984[0;39m [32m[0;39m [        default] [2m---[0;39m [2m[duler1_Worker-2][0;39m [36mo.s.b.c.l.s.TaskExecutorJobLauncher     [0;39m [2m:[0;39m Job: [SimpleJob: [name=SEND_ASYNCHRONOUS_EVENTS]] completed with the following parameters: [{'run.id':'{value=16, type=class java.lang.Long, identifying=true}'}] and the following status: [COMPLETED] in 60ms
[2m2025-07-29 16:42:00.060[0;39m [32m- INFO[0;39m [35m614984[0;39m [32m[0;39m [        default] [2m---[0;39m [2m[duler1_Worker-1][0;39m [36mo.s.b.c.l.s.TaskExecutorJobLauncher     [0;39m [2m:[0;39m Job: [SimpleJob: [name=SEND_ASYNCHRONOUS_EVENTS]] launched with the following parameters: [{'run.id':'{value=17, type=class java.lang.Long, identifying=true}'}]
[2m2025-07-29 16:42:00.079[0;39m [32m- INFO[0;39m [35m614984[0;39m [32m[0;39m [        default] [2m---[0;39m [2m[duler1_Worker-1][0;39m [36mo.s.batch.core.job.SimpleStepHandler    [0;39m [2m:[0;39m Executing step: [SEND_ASYNCHRONOUS_EVENTS_STEP]
[2m2025-07-29 16:42:00.091[0;39m [32m- INFO[0;39m [35m614984[0;39m [32m[0;39m [        default] [2m---[0;39m [2m[duler1_Worker-1][0;39m [36mo.s.batch.core.step.AbstractStep        [0;39m [2m:[0;39m Step: [SEND_ASYNCHRONOUS_EVENTS_STEP] executed in 11ms
[2m2025-07-29 16:42:00.106[0;39m [32m- INFO[0;39m [35m614984[0;39m [32m[0;39m [        default] [2m---[0;39m [2m[duler1_Worker-1][0;39m [36mo.s.b.c.l.s.TaskExecutorJobLauncher     [0;39m [2m:[0;39m Job: [SimpleJob: [name=SEND_ASYNCHRONOUS_EVENTS]] completed with the following parameters: [{'run.id':'{value=17, type=class java.lang.Long, identifying=true}'}] and the following status: [COMPLETED] in 41ms
[2m2025-07-29 16:43:00.048[0;39m [32m- INFO[0;39m [35m614984[0;39m [32m[0;39m [        default] [2m---[0;39m [2m[duler1_Worker-7][0;39m [36mo.s.b.c.l.s.TaskExecutorJobLauncher     [0;39m [2m:[0;39m Job: [SimpleJob: [name=SEND_ASYNCHRONOUS_EVENTS]] launched with the following parameters: [{'run.id':'{value=18, type=class java.lang.Long, identifying=true}'}]
[2m2025-07-29 16:43:00.066[0;39m [32m- INFO[0;39m [35m614984[0;39m [32m[0;39m [        default] [2m---[0;39m [2m[duler1_Worker-7][0;39m [36mo.s.batch.core.job.SimpleStepHandler    [0;39m [2m:[0;39m Executing step: [SEND_ASYNCHRONOUS_EVENTS_STEP]
[2m2025-07-29 16:43:00.078[0;39m [32m- INFO[0;39m [35m614984[0;39m [32m[0;39m [        default] [2m---[0;39m [2m[duler1_Worker-7][0;39m [36mo.s.batch.core.step.AbstractStep        [0;39m [2m:[0;39m Step: [SEND_ASYNCHRONOUS_EVENTS_STEP] executed in 11ms
[2m2025-07-29 16:43:00.092[0;39m [32m- INFO[0;39m [35m614984[0;39m [32m[0;39m [        default] [2m---[0;39m [2m[duler1_Worker-7][0;39m [36mo.s.b.c.l.s.TaskExecutorJobLauncher     [0;39m [2m:[0;39m Job: [SimpleJob: [name=SEND_ASYNCHRONOUS_EVENTS]] completed with the following parameters: [{'run.id':'{value=18, type=class java.lang.Long, identifying=true}'}] and the following status: [COMPLETED] in 39ms
[2m2025-07-29 16:44:00.063[0;39m [32m- INFO[0;39m [35m614984[0;39m [32m[0;39m [        default] [2m---[0;39m [2m[duler1_Worker-3][0;39m [36mo.s.b.c.l.s.TaskExecutorJobLauncher     [0;39m [2m:[0;39m Job: [SimpleJob: [name=SEND_ASYNCHRONOUS_EVENTS]] launched with the following parameters: [{'run.id':'{value=19, type=class java.lang.Long, identifying=true}'}]
[2m2025-07-29 16:44:00.085[0;39m [32m- INFO[0;39m [35m614984[0;39m [32m[0;39m [        default] [2m---[0;39m [2m[duler1_Worker-3][0;39m [36mo.s.batch.core.job.SimpleStepHandler    [0;39m [2m:[0;39m Executing step: [SEND_ASYNCHRONOUS_EVENTS_STEP]
[2m2025-07-29 16:44:00.103[0;39m [32m- INFO[0;39m [35m614984[0;39m [32m[0;39m [        default] [2m---[0;39m [2m[duler1_Worker-3][0;39m [36mo.s.batch.core.step.AbstractStep        [0;39m [2m:[0;39m Step: [SEND_ASYNCHRONOUS_EVENTS_STEP] executed in 18ms
[2m2025-07-29 16:44:00.125[0;39m [32m- INFO[0;39m [35m614984[0;39m [32m[0;39m [        default] [2m---[0;39m [2m[duler1_Worker-3][0;39m [36mo.s.b.c.l.s.TaskExecutorJobLauncher     [0;39m [2m:[0;39m Job: [SimpleJob: [name=SEND_ASYNCHRONOUS_EVENTS]] completed with the following parameters: [{'run.id':'{value=19, type=class java.lang.Long, identifying=true}'}] and the following status: [COMPLETED] in 54ms
[2m2025-07-29 16:45:00.133[0;39m [32m- INFO[0;39m [35m614984[0;39m [32m[0;39m [        default] [2m---[0;39m [2m[duler1_Worker-5][0;39m [36mo.s.b.c.l.s.TaskExecutorJobLauncher     [0;39m [2m:[0;39m Job: [SimpleJob: [name=SEND_ASYNCHRONOUS_EVENTS]] launched with the following parameters: [{'run.id':'{value=20, type=class java.lang.Long, identifying=true}'}]
[2m2025-07-29 16:45:00.137[0;39m [32m- INFO[0;39m [35m614984[0;39m [32m[0;39m [        default] [2m---[0;39m [2m[duler1_Worker-4][0;39m [36mo.s.b.c.l.s.TaskExecutorJobLauncher     [0;39m [2m:[0;39m Job: [SimpleJob: [name=EXECUTE_REPORT_MAILING_JOBS]] launched with the following parameters: [{'run.id':'{value=2, type=class java.lang.Long, identifying=true}'}]
[2m2025-07-29 16:45:00.139[0;39m [32m- INFO[0;39m [35m614984[0;39m [32m[0;39m [        default] [2m---[0;39m [2m[duler1_Worker-6][0;39m [36mo.s.b.c.l.s.TaskExecutorJobLauncher     [0;39m [2m:[0;39m Job: [SimpleJob: [name=UPDATE_EMAIL_OUTBOUND_WITH_CAMPAIGN_MESSAGE]] launched with the following parameters: [{'run.id':'{value=2, type=class java.lang.Long, identifying=true}'}]
[2m2025-07-29 16:45:00.156[0;39m [32m- INFO[0;39m [35m614984[0;39m [32m[0;39m [        default] [2m---[0;39m [2m[duler1_Worker-5][0;39m [36mo.s.batch.core.job.SimpleStepHandler    [0;39m [2m:[0;39m Executing step: [SEND_ASYNCHRONOUS_EVENTS_STEP]
[2m2025-07-29 16:45:00.161[0;39m [32m- INFO[0;39m [35m614984[0;39m [32m[0;39m [        default] [2m---[0;39m [2m[duler1_Worker-4][0;39m [36mo.s.batch.core.job.SimpleStepHandler    [0;39m [2m:[0;39m Executing step: [EXECUTE_REPORT_MAILING_JOBS]
[2m2025-07-29 16:45:00.163[0;39m [32m- INFO[0;39m [35m614984[0;39m [32m[0;39m [        default] [2m---[0;39m [2m[duler1_Worker-6][0;39m [36mo.s.batch.core.job.SimpleStepHandler    [0;39m [2m:[0;39m Executing step: [UPDATE_EMAIL_OUTBOUND_WITH_CAMPAIGN_MESSAGE]
[2m2025-07-29 16:45:00.177[0;39m [32m- INFO[0;39m [35m614984[0;39m [32m[0;39m [        default] [2m---[0;39m [2m[duler1_Worker-5][0;39m [36mo.s.batch.core.step.AbstractStep        [0;39m [2m:[0;39m Step: [SEND_ASYNCHRONOUS_EVENTS_STEP] executed in 20ms
[2m2025-07-29 16:45:00.182[0;39m [32m- INFO[0;39m [35m614984[0;39m [32m[0;39m [        default] [2m---[0;39m [2m[duler1_Worker-4][0;39m [36mo.s.batch.core.step.AbstractStep        [0;39m [2m:[0;39m Step: [EXECUTE_REPORT_MAILING_JOBS] executed in 20ms
[2m2025-07-29 16:45:00.188[0;39m [32m- INFO[0;39m [35m614984[0;39m [32m[0;39m [        default] [2m---[0;39m [2m[duler1_Worker-6][0;39m [36mo.s.batch.core.step.AbstractStep        [0;39m [2m:[0;39m Step: [UPDATE_EMAIL_OUTBOUND_WITH_CAMPAIGN_MESSAGE] executed in 24ms
[2m2025-07-29 16:45:00.202[0;39m [32m- INFO[0;39m [35m614984[0;39m [32m[0;39m [        default] [2m---[0;39m [2m[duler1_Worker-5][0;39m [36mo.s.b.c.l.s.TaskExecutorJobLauncher     [0;39m [2m:[0;39m Job: [SimpleJob: [name=SEND_ASYNCHRONOUS_EVENTS]] completed with the following parameters: [{'run.id':'{value=20, type=class java.lang.Long, identifying=true}'}] and the following status: [COMPLETED] in 63ms
[2m2025-07-29 16:45:00.204[0;39m [32m- INFO[0;39m [35m614984[0;39m [32m[0;39m [        default] [2m---[0;39m [2m[duler1_Worker-4][0;39m [36mo.s.b.c.l.s.TaskExecutorJobLauncher     [0;39m [2m:[0;39m Job: [SimpleJob: [name=EXECUTE_REPORT_MAILING_JOBS]] completed with the following parameters: [{'run.id':'{value=2, type=class java.lang.Long, identifying=true}'}] and the following status: [COMPLETED] in 59ms
[2m2025-07-29 16:45:00.206[0;39m [32m- INFO[0;39m [35m614984[0;39m [32m[0;39m [        default] [2m---[0;39m [2m[duler1_Worker-6][0;39m [36mo.s.b.c.l.s.TaskExecutorJobLauncher     [0;39m [2m:[0;39m Job: [SimpleJob: [name=UPDATE_EMAIL_OUTBOUND_WITH_CAMPAIGN_MESSAGE]] completed with the following parameters: [{'run.id':'{value=2, type=class java.lang.Long, identifying=true}'}] and the following status: [COMPLETED] in 59ms
[2m2025-07-29 16:46:00.120[0;39m [32m- INFO[0;39m [35m614984[0;39m [32m[0;39m [        default] [2m---[0;39m [2m[duler1_Worker-2][0;39m [36mo.s.b.c.l.s.TaskExecutorJobLauncher     [0;39m [2m:[0;39m Job: [SimpleJob: [name=SEND_ASYNCHRONOUS_EVENTS]] launched with the following parameters: [{'run.id':'{value=21, type=class java.lang.Long, identifying=true}'}]
[2m2025-07-29 16:46:00.144[0;39m [32m- INFO[0;39m [35m614984[0;39m [32m[0;39m [        default] [2m---[0;39m [2m[duler1_Worker-2][0;39m [36mo.s.batch.core.job.SimpleStepHandler    [0;39m [2m:[0;39m Executing step: [SEND_ASYNCHRONOUS_EVENTS_STEP]
[2m2025-07-29 16:46:00.162[0;39m [32m- INFO[0;39m [35m614984[0;39m [32m[0;39m [        default] [2m---[0;39m [2m[duler1_Worker-2][0;39m [36mo.s.batch.core.step.AbstractStep        [0;39m [2m:[0;39m Step: [SEND_ASYNCHRONOUS_EVENTS_STEP] executed in 18ms
[2m2025-07-29 16:46:00.181[0;39m [32m- INFO[0;39m [35m614984[0;39m [32m[0;39m [        default] [2m---[0;39m [2m[duler1_Worker-2][0;39m [36mo.s.b.c.l.s.TaskExecutorJobLauncher     [0;39m [2m:[0;39m Job: [SimpleJob: [name=SEND_ASYNCHRONOUS_EVENTS]] completed with the following parameters: [{'run.id':'{value=21, type=class java.lang.Long, identifying=true}'}] and the following status: [COMPLETED] in 53ms
[2m2025-07-29 16:47:00.066[0;39m [32m- INFO[0;39m [35m614984[0;39m [32m[0;39m [        default] [2m---[0;39m [2m[duler1_Worker-1][0;39m [36mo.s.b.c.l.s.TaskExecutorJobLauncher     [0;39m [2m:[0;39m Job: [SimpleJob: [name=SEND_ASYNCHRONOUS_EVENTS]] launched with the following parameters: [{'run.id':'{value=22, type=class java.lang.Long, identifying=true}'}]
[2m2025-07-29 16:47:00.086[0;39m [32m- INFO[0;39m [35m614984[0;39m [32m[0;39m [        default] [2m---[0;39m [2m[duler1_Worker-1][0;39m [36mo.s.batch.core.job.SimpleStepHandler    [0;39m [2m:[0;39m Executing step: [SEND_ASYNCHRONOUS_EVENTS_STEP]
[2m2025-07-29 16:47:00.105[0;39m [32m- INFO[0;39m [35m614984[0;39m [32m[0;39m [        default] [2m---[0;39m [2m[duler1_Worker-1][0;39m [36mo.s.batch.core.step.AbstractStep        [0;39m [2m:[0;39m Step: [SEND_ASYNCHRONOUS_EVENTS_STEP] executed in 18ms
[2m2025-07-29 16:47:00.122[0;39m [32m- INFO[0;39m [35m614984[0;39m [32m[0;39m [        default] [2m---[0;39m [2m[duler1_Worker-1][0;39m [36mo.s.b.c.l.s.TaskExecutorJobLauncher     [0;39m [2m:[0;39m Job: [SimpleJob: [name=SEND_ASYNCHRONOUS_EVENTS]] completed with the following parameters: [{'run.id':'{value=22, type=class java.lang.Long, identifying=true}'}] and the following status: [COMPLETED] in 49ms
[2m2025-07-29 16:48:00.072[0;39m [32m- INFO[0;39m [35m614984[0;39m [32m[0;39m [        default] [2m---[0;39m [2m[duler1_Worker-7][0;39m [36mo.s.b.c.l.s.TaskExecutorJobLauncher     [0;39m [2m:[0;39m Job: [SimpleJob: [name=SEND_ASYNCHRONOUS_EVENTS]] launched with the following parameters: [{'run.id':'{value=23, type=class java.lang.Long, identifying=true}'}]
[2m2025-07-29 16:48:00.095[0;39m [32m- INFO[0;39m [35m614984[0;39m [32m[0;39m [        default] [2m---[0;39m [2m[duler1_Worker-7][0;39m [36mo.s.batch.core.job.SimpleStepHandler    [0;39m [2m:[0;39m Executing step: [SEND_ASYNCHRONOUS_EVENTS_STEP]
[2m2025-07-29 16:48:00.113[0;39m [32m- INFO[0;39m [35m614984[0;39m [32m[0;39m [        default] [2m---[0;39m [2m[duler1_Worker-7][0;39m [36mo.s.batch.core.step.AbstractStep        [0;39m [2m:[0;39m Step: [SEND_ASYNCHRONOUS_EVENTS_STEP] executed in 18ms
[2m2025-07-29 16:48:00.132[0;39m [32m- INFO[0;39m [35m614984[0;39m [32m[0;39m [        default] [2m---[0;39m [2m[duler1_Worker-7][0;39m [36mo.s.b.c.l.s.TaskExecutorJobLauncher     [0;39m [2m:[0;39m Job: [SimpleJob: [name=SEND_ASYNCHRONOUS_EVENTS]] completed with the following parameters: [{'run.id':'{value=23, type=class java.lang.Long, identifying=true}'}] and the following status: [COMPLETED] in 53ms
[2m2025-07-29 16:49:00.069[0;39m [32m- INFO[0;39m [35m614984[0;39m [32m[0;39m [        default] [2m---[0;39m [2m[duler1_Worker-3][0;39m [36mo.s.b.c.l.s.TaskExecutorJobLauncher     [0;39m [2m:[0;39m Job: [SimpleJob: [name=SEND_ASYNCHRONOUS_EVENTS]] launched with the following parameters: [{'run.id':'{value=24, type=class java.lang.Long, identifying=true}'}]
[2m2025-07-29 16:49:00.091[0;39m [32m- INFO[0;39m [35m614984[0;39m [32m[0;39m [        default] [2m---[0;39m [2m[duler1_Worker-3][0;39m [36mo.s.batch.core.job.SimpleStepHandler    [0;39m [2m:[0;39m Executing step: [SEND_ASYNCHRONOUS_EVENTS_STEP]
[2m2025-07-29 16:49:00.107[0;39m [32m- INFO[0;39m [35m614984[0;39m [32m[0;39m [        default] [2m---[0;39m [2m[duler1_Worker-3][0;39m [36mo.s.batch.core.step.AbstractStep        [0;39m [2m:[0;39m Step: [SEND_ASYNCHRONOUS_EVENTS_STEP] executed in 15ms
[2m2025-07-29 16:49:00.125[0;39m [32m- INFO[0;39m [35m614984[0;39m [32m[0;39m [        default] [2m---[0;39m [2m[duler1_Worker-3][0;39m [36mo.s.b.c.l.s.TaskExecutorJobLauncher     [0;39m [2m:[0;39m Job: [SimpleJob: [name=SEND_ASYNCHRONOUS_EVENTS]] completed with the following parameters: [{'run.id':'{value=24, type=class java.lang.Long, identifying=true}'}] and the following status: [COMPLETED] in 48ms
[2m2025-07-29 16:50:00.061[0;39m [32m- INFO[0;39m [35m614984[0;39m [32m[0;39m [        default] [2m---[0;39m [2m[duler1_Worker-5][0;39m [36mo.s.b.c.l.s.TaskExecutorJobLauncher     [0;39m [2m:[0;39m Job: [SimpleJob: [name=APPLY_ANNUAL_FEE_FOR_SAVINGS]] launched with the following parameters: [{'run.id':'{value=1, type=class java.lang.Long, identifying=true}'}]
[2m2025-07-29 16:50:00.064[0;39m [32m- INFO[0;39m [35m614984[0;39m [32m[0;39m [        default] [2m---[0;39m [2m[duler1_Worker-4][0;39m [36mo.s.b.c.l.s.TaskExecutorJobLauncher     [0;39m [2m:[0;39m Job: [SimpleJob: [name=SEND_ASYNCHRONOUS_EVENTS]] launched with the following parameters: [{'run.id':'{value=25, type=class java.lang.Long, identifying=true}'}]
[2m2025-07-29 16:50:00.071[0;39m [32m- INFO[0;39m [35m614984[0;39m [32m[0;39m [        default] [2m---[0;39m [2m[duler1_Worker-6][0;39m [36mo.s.b.c.l.s.TaskExecutorJobLauncher     [0;39m [2m:[0;39m Job: [SimpleJob: [name=EXECUTE_EMAIL]] launched with the following parameters: [{'run.id':'{value=3, type=class java.lang.Long, identifying=true}'}]
[2m2025-07-29 16:50:00.083[0;39m [32m- INFO[0;39m [35m614984[0;39m [32m[0;39m [        default] [2m---[0;39m [2m[duler1_Worker-5][0;39m [36mo.s.batch.core.job.SimpleStepHandler    [0;39m [2m:[0;39m Executing step: [APPLY_ANNUAL_FEE_FOR_SAVINGS]
[2m2025-07-29 16:50:00.085[0;39m [32m- INFO[0;39m [35m614984[0;39m [32m[0;39m [        default] [2m---[0;39m [2m[duler1_Worker-4][0;39m [36mo.s.batch.core.job.SimpleStepHandler    [0;39m [2m:[0;39m Executing step: [SEND_ASYNCHRONOUS_EVENTS_STEP]
[2m2025-07-29 16:50:00.092[0;39m [32m- INFO[0;39m [35m614984[0;39m [32m[0;39m [        default] [2m---[0;39m [2m[duler1_Worker-6][0;39m [36mo.s.batch.core.job.SimpleStepHandler    [0;39m [2m:[0;39m Executing step: [EXECUTE_EMAIL]
[2m2025-07-29 16:50:00.105[0;39m [32m- INFO[0;39m [35m614984[0;39m [32m[0;39m [        default] [2m---[0;39m [2m[duler1_Worker-5][0;39m [36mo.s.batch.core.step.AbstractStep        [0;39m [2m:[0;39m Step: [APPLY_ANNUAL_FEE_FOR_SAVINGS] executed in 20ms
[2m2025-07-29 16:50:00.105[0;39m [32m- INFO[0;39m [35m614984[0;39m [32m[0;39m [        default] [2m---[0;39m [2m[duler1_Worker-4][0;39m [36mo.s.batch.core.step.AbstractStep        [0;39m [2m:[0;39m Step: [SEND_ASYNCHRONOUS_EVENTS_STEP] executed in 19ms
[2m2025-07-29 16:50:00.143[0;39m [32m- INFO[0;39m [35m614984[0;39m [32m[0;39m [        default] [2m---[0;39m [2m[duler1_Worker-6][0;39m [36mo.s.batch.core.step.AbstractStep        [0;39m [2m:[0;39m Step: [EXECUTE_EMAIL] executed in 50ms
[2m2025-07-29 16:50:00.154[0;39m [32m- INFO[0;39m [35m614984[0;39m [32m[0;39m [        default] [2m---[0;39m [2m[duler1_Worker-5][0;39m [36mo.s.b.c.l.s.TaskExecutorJobLauncher     [0;39m [2m:[0;39m Job: [SimpleJob: [name=APPLY_ANNUAL_FEE_FOR_SAVINGS]] completed with the following parameters: [{'run.id':'{value=1, type=class java.lang.Long, identifying=true}'}] and the following status: [COMPLETED] in 85ms
[2m2025-07-29 16:50:00.155[0;39m [32m- INFO[0;39m [35m614984[0;39m [32m[0;39m [        default] [2m---[0;39m [2m[duler1_Worker-4][0;39m [36mo.s.b.c.l.s.TaskExecutorJobLauncher     [0;39m [2m:[0;39m Job: [SimpleJob: [name=SEND_ASYNCHRONOUS_EVENTS]] completed with the following parameters: [{'run.id':'{value=25, type=class java.lang.Long, identifying=true}'}] and the following status: [COMPLETED] in 83ms
[2m2025-07-29 16:50:00.163[0;39m [32m- INFO[0;39m [35m614984[0;39m [32m[0;39m [        default] [2m---[0;39m [2m[duler1_Worker-6][0;39m [36mo.s.b.c.l.s.TaskExecutorJobLauncher     [0;39m [2m:[0;39m Job: [SimpleJob: [name=EXECUTE_EMAIL]] completed with the following parameters: [{'run.id':'{value=3, type=class java.lang.Long, identifying=true}'}] and the following status: [COMPLETED] in 85ms
[2m2025-07-29 16:51:00.116[0;39m [32m- INFO[0;39m [35m614984[0;39m [32m[0;39m [        default] [2m---[0;39m [2m[duler1_Worker-2][0;39m [36mo.s.b.c.l.s.TaskExecutorJobLauncher     [0;39m [2m:[0;39m Job: [SimpleJob: [name=SEND_ASYNCHRONOUS_EVENTS]] launched with the following parameters: [{'run.id':'{value=26, type=class java.lang.Long, identifying=true}'}]
[2m2025-07-29 16:51:00.130[0;39m [32m- INFO[0;39m [35m614984[0;39m [32m[0;39m [        default] [2m---[0;39m [2m[duler1_Worker-2][0;39m [36mo.s.batch.core.job.SimpleStepHandler    [0;39m [2m:[0;39m Executing step: [SEND_ASYNCHRONOUS_EVENTS_STEP]
[2m2025-07-29 16:51:00.143[0;39m [32m- INFO[0;39m [35m614984[0;39m [32m[0;39m [        default] [2m---[0;39m [2m[duler1_Worker-2][0;39m [36mo.s.batch.core.step.AbstractStep        [0;39m [2m:[0;39m Step: [SEND_ASYNCHRONOUS_EVENTS_STEP] executed in 13ms
[2m2025-07-29 16:51:00.154[0;39m [32m- INFO[0;39m [35m614984[0;39m [32m[0;39m [        default] [2m---[0;39m [2m[duler1_Worker-2][0;39m [36mo.s.b.c.l.s.TaskExecutorJobLauncher     [0;39m [2m:[0;39m Job: [SimpleJob: [name=SEND_ASYNCHRONOUS_EVENTS]] completed with the following parameters: [{'run.id':'{value=26, type=class java.lang.Long, identifying=true}'}] and the following status: [COMPLETED] in 34ms
[2m2025-07-29 16:52:00.119[0;39m [32m- INFO[0;39m [35m614984[0;39m [32m[0;39m [        default] [2m---[0;39m [2m[duler1_Worker-1][0;39m [36mo.s.b.c.l.s.TaskExecutorJobLauncher     [0;39m [2m:[0;39m Job: [SimpleJob: [name=SEND_ASYNCHRONOUS_EVENTS]] launched with the following parameters: [{'run.id':'{value=27, type=class java.lang.Long, identifying=true}'}]
[2m2025-07-29 16:52:00.141[0;39m [32m- INFO[0;39m [35m614984[0;39m [32m[0;39m [        default] [2m---[0;39m [2m[duler1_Worker-1][0;39m [36mo.s.batch.core.job.SimpleStepHandler    [0;39m [2m:[0;39m Executing step: [SEND_ASYNCHRONOUS_EVENTS_STEP]
[2m2025-07-29 16:52:00.154[0;39m [32m- INFO[0;39m [35m614984[0;39m [32m[0;39m [        default] [2m---[0;39m [2m[duler1_Worker-1][0;39m [36mo.s.batch.core.step.AbstractStep        [0;39m [2m:[0;39m Step: [SEND_ASYNCHRONOUS_EVENTS_STEP] executed in 12ms
[2m2025-07-29 16:52:00.169[0;39m [32m- INFO[0;39m [35m614984[0;39m [32m[0;39m [        default] [2m---[0;39m [2m[duler1_Worker-1][0;39m [36mo.s.b.c.l.s.TaskExecutorJobLauncher     [0;39m [2m:[0;39m Job: [SimpleJob: [name=SEND_ASYNCHRONOUS_EVENTS]] completed with the following parameters: [{'run.id':'{value=27, type=class java.lang.Long, identifying=true}'}] and the following status: [COMPLETED] in 44ms
[2m2025-07-29 16:53:00.105[0;39m [32m- INFO[0;39m [35m614984[0;39m [32m[0;39m [        default] [2m---[0;39m [2m[duler1_Worker-7][0;39m [36mo.s.b.c.l.s.TaskExecutorJobLauncher     [0;39m [2m:[0;39m Job: [SimpleJob: [name=SEND_ASYNCHRONOUS_EVENTS]] launched with the following parameters: [{'run.id':'{value=28, type=class java.lang.Long, identifying=true}'}]
[2m2025-07-29 16:53:00.121[0;39m [32m- INFO[0;39m [35m614984[0;39m [32m[0;39m [        default] [2m---[0;39m [2m[duler1_Worker-7][0;39m [36mo.s.batch.core.job.SimpleStepHandler    [0;39m [2m:[0;39m Executing step: [SEND_ASYNCHRONOUS_EVENTS_STEP]
[2m2025-07-29 16:53:00.137[0;39m [32m- INFO[0;39m [35m614984[0;39m [32m[0;39m [        default] [2m---[0;39m [2m[duler1_Worker-7][0;39m [36mo.s.batch.core.step.AbstractStep        [0;39m [2m:[0;39m Step: [SEND_ASYNCHRONOUS_EVENTS_STEP] executed in 16ms
[2m2025-07-29 16:53:00.154[0;39m [32m- INFO[0;39m [35m614984[0;39m [32m[0;39m [        default] [2m---[0;39m [2m[duler1_Worker-7][0;39m [36mo.s.b.c.l.s.TaskExecutorJobLauncher     [0;39m [2m:[0;39m Job: [SimpleJob: [name=SEND_ASYNCHRONOUS_EVENTS]] completed with the following parameters: [{'run.id':'{value=28, type=class java.lang.Long, identifying=true}'}] and the following status: [COMPLETED] in 43ms
[2m2025-07-29 16:54:00.049[0;39m [32m- INFO[0;39m [35m614984[0;39m [32m[0;39m [        default] [2m---[0;39m [2m[duler1_Worker-3][0;39m [36mo.s.b.c.l.s.TaskExecutorJobLauncher     [0;39m [2m:[0;39m Job: [SimpleJob: [name=SEND_ASYNCHRONOUS_EVENTS]] launched with the following parameters: [{'run.id':'{value=29, type=class java.lang.Long, identifying=true}'}]
[2m2025-07-29 16:54:00.062[0;39m [32m- INFO[0;39m [35m614984[0;39m [32m[0;39m [        default] [2m---[0;39m [2m[duler1_Worker-3][0;39m [36mo.s.batch.core.job.SimpleStepHandler    [0;39m [2m:[0;39m Executing step: [SEND_ASYNCHRONOUS_EVENTS_STEP]
[2m2025-07-29 16:54:00.074[0;39m [32m- INFO[0;39m [35m614984[0;39m [32m[0;39m [        default] [2m---[0;39m [2m[duler1_Worker-3][0;39m [36mo.s.batch.core.step.AbstractStep        [0;39m [2m:[0;39m Step: [SEND_ASYNCHRONOUS_EVENTS_STEP] executed in 11ms
[2m2025-07-29 16:54:00.088[0;39m [32m- INFO[0;39m [35m614984[0;39m [32m[0;39m [        default] [2m---[0;39m [2m[duler1_Worker-3][0;39m [36mo.s.b.c.l.s.TaskExecutorJobLauncher     [0;39m [2m:[0;39m Job: [SimpleJob: [name=SEND_ASYNCHRONOUS_EVENTS]] completed with the following parameters: [{'run.id':'{value=29, type=class java.lang.Long, identifying=true}'}] and the following status: [COMPLETED] in 32ms
[2m2025-07-29 16:55:00.054[0;39m [32m- INFO[0;39m [35m614984[0;39m [32m[0;39m [        default] [2m---[0;39m [2m[duler1_Worker-5][0;39m [36mo.s.b.c.l.s.TaskExecutorJobLauncher     [0;39m [2m:[0;39m Job: [SimpleJob: [name=SEND_ASYNCHRONOUS_EVENTS]] launched with the following parameters: [{'run.id':'{value=30, type=class java.lang.Long, identifying=true}'}]
[2m2025-07-29 16:55:00.072[0;39m [32m- INFO[0;39m [35m614984[0;39m [32m[0;39m [        default] [2m---[0;39m [2m[duler1_Worker-5][0;39m [36mo.s.batch.core.job.SimpleStepHandler    [0;39m [2m:[0;39m Executing step: [SEND_ASYNCHRONOUS_EVENTS_STEP]
[2m2025-07-29 16:55:00.086[0;39m [32m- INFO[0;39m [35m614984[0;39m [32m[0;39m [        default] [2m---[0;39m [2m[duler1_Worker-5][0;39m [36mo.s.batch.core.step.AbstractStep        [0;39m [2m:[0;39m Step: [SEND_ASYNCHRONOUS_EVENTS_STEP] executed in 13ms
[2m2025-07-29 16:55:00.102[0;39m [32m- INFO[0;39m [35m614984[0;39m [32m[0;39m [        default] [2m---[0;39m [2m[duler1_Worker-5][0;39m [36mo.s.b.c.l.s.TaskExecutorJobLauncher     [0;39m [2m:[0;39m Job: [SimpleJob: [name=SEND_ASYNCHRONOUS_EVENTS]] completed with the following parameters: [{'run.id':'{value=30, type=class java.lang.Long, identifying=true}'}] and the following status: [COMPLETED] in 41ms
[2m2025-07-29 16:56:00.063[0;39m [32m- INFO[0;39m [35m614984[0;39m [32m[0;39m [        default] [2m---[0;39m [2m[duler1_Worker-4][0;39m [36mo.s.b.c.l.s.TaskExecutorJobLauncher     [0;39m [2m:[0;39m Job: [SimpleJob: [name=SEND_ASYNCHRONOUS_EVENTS]] launched with the following parameters: [{'run.id':'{value=31, type=class java.lang.Long, identifying=true}'}]
[2m2025-07-29 16:56:00.082[0;39m [32m- INFO[0;39m [35m614984[0;39m [32m[0;39m [        default] [2m---[0;39m [2m[duler1_Worker-4][0;39m [36mo.s.batch.core.job.SimpleStepHandler    [0;39m [2m:[0;39m Executing step: [SEND_ASYNCHRONOUS_EVENTS_STEP]
[2m2025-07-29 16:56:00.096[0;39m [32m- INFO[0;39m [35m614984[0;39m [32m[0;39m [        default] [2m---[0;39m [2m[duler1_Worker-4][0;39m [36mo.s.batch.core.step.AbstractStep        [0;39m [2m:[0;39m Step: [SEND_ASYNCHRONOUS_EVENTS_STEP] executed in 13ms
[2m2025-07-29 16:56:00.110[0;39m [32m- INFO[0;39m [35m614984[0;39m [32m[0;39m [        default] [2m---[0;39m [2m[duler1_Worker-4][0;39m [36mo.s.b.c.l.s.TaskExecutorJobLauncher     [0;39m [2m:[0;39m Job: [SimpleJob: [name=SEND_ASYNCHRONOUS_EVENTS]] completed with the following parameters: [{'run.id':'{value=31, type=class java.lang.Long, identifying=true}'}] and the following status: [COMPLETED] in 40ms
[2m2025-07-29 16:57:00.063[0;39m [32m- INFO[0;39m [35m614984[0;39m [32m[0;39m [        default] [2m---[0;39m [2m[duler1_Worker-6][0;39m [36mo.s.b.c.l.s.TaskExecutorJobLauncher     [0;39m [2m:[0;39m Job: [SimpleJob: [name=SEND_ASYNCHRONOUS_EVENTS]] launched with the following parameters: [{'run.id':'{value=32, type=class java.lang.Long, identifying=true}'}]
[2m2025-07-29 16:57:00.082[0;39m [32m- INFO[0;39m [35m614984[0;39m [32m[0;39m [        default] [2m---[0;39m [2m[duler1_Worker-6][0;39m [36mo.s.batch.core.job.SimpleStepHandler    [0;39m [2m:[0;39m Executing step: [SEND_ASYNCHRONOUS_EVENTS_STEP]
[2m2025-07-29 16:57:00.098[0;39m [32m- INFO[0;39m [35m614984[0;39m [32m[0;39m [        default] [2m---[0;39m [2m[duler1_Worker-6][0;39m [36mo.s.batch.core.step.AbstractStep        [0;39m [2m:[0;39m Step: [SEND_ASYNCHRONOUS_EVENTS_STEP] executed in 15ms
[2m2025-07-29 16:57:00.110[0;39m [32m- INFO[0;39m [35m614984[0;39m [32m[0;39m [        default] [2m---[0;39m [2m[duler1_Worker-6][0;39m [36mo.s.b.c.l.s.TaskExecutorJobLauncher     [0;39m [2m:[0;39m Job: [SimpleJob: [name=SEND_ASYNCHRONOUS_EVENTS]] completed with the following parameters: [{'run.id':'{value=32, type=class java.lang.Long, identifying=true}'}] and the following status: [COMPLETED] in 42ms
[2m2025-07-29 16:58:00.122[0;39m [32m- INFO[0;39m [35m614984[0;39m [32m[0;39m [        default] [2m---[0;39m [2m[duler1_Worker-2][0;39m [36mo.s.b.c.l.s.TaskExecutorJobLauncher     [0;39m [2m:[0;39m Job: [SimpleJob: [name=SEND_ASYNCHRONOUS_EVENTS]] launched with the following parameters: [{'run.id':'{value=33, type=class java.lang.Long, identifying=true}'}]
[2m2025-07-29 16:58:00.144[0;39m [32m- INFO[0;39m [35m614984[0;39m [32m[0;39m [        default] [2m---[0;39m [2m[duler1_Worker-2][0;39m [36mo.s.batch.core.job.SimpleStepHandler    [0;39m [2m:[0;39m Executing step: [SEND_ASYNCHRONOUS_EVENTS_STEP]
[2m2025-07-29 16:58:00.162[0;39m [32m- INFO[0;39m [35m614984[0;39m [32m[0;39m [        default] [2m---[0;39m [2m[duler1_Worker-2][0;39m [36mo.s.batch.core.step.AbstractStep        [0;39m [2m:[0;39m Step: [SEND_ASYNCHRONOUS_EVENTS_STEP] executed in 17ms
[2m2025-07-29 16:58:00.181[0;39m [32m- INFO[0;39m [35m614984[0;39m [32m[0;39m [        default] [2m---[0;39m [2m[duler1_Worker-2][0;39m [36mo.s.b.c.l.s.TaskExecutorJobLauncher     [0;39m [2m:[0;39m Job: [SimpleJob: [name=SEND_ASYNCHRONOUS_EVENTS]] completed with the following parameters: [{'run.id':'{value=33, type=class java.lang.Long, identifying=true}'}] and the following status: [COMPLETED] in 51ms
[2m2025-07-29 16:59:00.120[0;39m [32m- INFO[0;39m [35m614984[0;39m [32m[0;39m [        default] [2m---[0;39m [2m[duler1_Worker-1][0;39m [36mo.s.b.c.l.s.TaskExecutorJobLauncher     [0;39m [2m:[0;39m Job: [SimpleJob: [name=SEND_ASYNCHRONOUS_EVENTS]] launched with the following parameters: [{'run.id':'{value=34, type=class java.lang.Long, identifying=true}'}]
[2m2025-07-29 16:59:00.145[0;39m [32m- INFO[0;39m [35m614984[0;39m [32m[0;39m [        default] [2m---[0;39m [2m[duler1_Worker-1][0;39m [36mo.s.batch.core.job.SimpleStepHandler    [0;39m [2m:[0;39m Executing step: [SEND_ASYNCHRONOUS_EVENTS_STEP]
[2m2025-07-29 16:59:00.164[0;39m [32m- INFO[0;39m [35m614984[0;39m [32m[0;39m [        default] [2m---[0;39m [2m[duler1_Worker-1][0;39m [36mo.s.batch.core.step.AbstractStep        [0;39m [2m:[0;39m Step: [SEND_ASYNCHRONOUS_EVENTS_STEP] executed in 18ms
[2m2025-07-29 16:59:00.184[0;39m [32m- INFO[0;39m [35m614984[0;39m [32m[0;39m [        default] [2m---[0;39m [2m[duler1_Worker-1][0;39m [36mo.s.b.c.l.s.TaskExecutorJobLauncher     [0;39m [2m:[0;39m Job: [SimpleJob: [name=SEND_ASYNCHRONOUS_EVENTS]] completed with the following parameters: [{'run.id':'{value=34, type=class java.lang.Long, identifying=true}'}] and the following status: [COMPLETED] in 55ms
[2m2025-07-29 17:00:00.075[0;39m [32m- INFO[0;39m [35m614984[0;39m [32m[0;39m [        default] [2m---[0;39m [2m[duler1_Worker-5][0;39m [36mo.s.b.c.l.s.TaskExecutorJobLauncher     [0;39m [2m:[0;39m Job: [SimpleJob: [name=SEND_ASYNCHRONOUS_EVENTS]] launched with the following parameters: [{'run.id':'{value=35, type=class java.lang.Long, identifying=true}'}]
[2m2025-07-29 17:00:00.081[0;39m [32m- INFO[0;39m [35m614984[0;39m [32m[0;39m [        default] [2m---[0;39m [2m[duler1_Worker-4][0;39m [36mo.s.b.c.l.s.TaskExecutorJobLauncher     [0;39m [2m:[0;39m Job: [SimpleJob: [name=UPDATE_EMAIL_OUTBOUND_WITH_CAMPAIGN_MESSAGE]] launched with the following parameters: [{'run.id':'{value=3, type=class java.lang.Long, identifying=true}'}]
[2m2025-07-29 17:00:00.086[0;39m [32m- INFO[0;39m [35m614984[0;39m [32m[0;39m [        default] [2m---[0;39m [2m[duler1_Worker-7][0;39m [36mo.s.b.c.l.s.TaskExecutorJobLauncher     [0;39m [2m:[0;39m Job: [SimpleJob: [name=EXECUTE_EMAIL]] launched with the following parameters: [{'run.id':'{value=4, type=class java.lang.Long, identifying=true}'}]
[2m2025-07-29 17:00:00.088[0;39m [32m- INFO[0;39m [35m614984[0;39m [32m[0;39m [        default] [2m---[0;39m [2m[duler1_Worker-3][0;39m [36mo.s.b.c.l.s.TaskExecutorJobLauncher     [0;39m [2m:[0;39m Job: [SimpleJob: [name=EXECUTE_REPORT_MAILING_JOBS]] launched with the following parameters: [{'run.id':'{value=3, type=class java.lang.Long, identifying=true}'}]
[2m2025-07-29 17:00:00.093[0;39m [32m- INFO[0;39m [35m614984[0;39m [32m[0;39m [        default] [2m---[0;39m [2m[duler1_Worker-5][0;39m [36mo.s.batch.core.job.SimpleStepHandler    [0;39m [2m:[0;39m Executing step: [SEND_ASYNCHRONOUS_EVENTS_STEP]
[2m2025-07-29 17:00:00.103[0;39m [32m- INFO[0;39m [35m614984[0;39m [32m[0;39m [        default] [2m---[0;39m [2m[duler1_Worker-4][0;39m [36mo.s.batch.core.job.SimpleStepHandler    [0;39m [2m:[0;39m Executing step: [UPDATE_EMAIL_OUTBOUND_WITH_CAMPAIGN_MESSAGE]
[2m2025-07-29 17:00:00.104[0;39m [32m- INFO[0;39m [35m614984[0;39m [32m[0;39m [        default] [2m---[0;39m [2m[duler1_Worker-7][0;39m [36mo.s.batch.core.job.SimpleStepHandler    [0;39m [2m:[0;39m Executing step: [EXECUTE_EMAIL]
[2m2025-07-29 17:00:00.110[0;39m [32m- INFO[0;39m [35m614984[0;39m [32m[0;39m [        default] [2m---[0;39m [2m[duler1_Worker-3][0;39m [36mo.s.batch.core.job.SimpleStepHandler    [0;39m [2m:[0;39m Executing step: [EXECUTE_REPORT_MAILING_JOBS]
[2m2025-07-29 17:00:00.112[0;39m [32m- INFO[0;39m [35m614984[0;39m [32m[0;39m [        default] [2m---[0;39m [2m[duler1_Worker-5][0;39m [36mo.s.batch.core.step.AbstractStep        [0;39m [2m:[0;39m Step: [SEND_ASYNCHRONOUS_EVENTS_STEP] executed in 18ms
[2m2025-07-29 17:00:00.121[0;39m [32m- INFO[0;39m [35m614984[0;39m [32m[0;39m [        default] [2m---[0;39m [2m[duler1_Worker-4][0;39m [36mo.s.batch.core.step.AbstractStep        [0;39m [2m:[0;39m Step: [UPDATE_EMAIL_OUTBOUND_WITH_CAMPAIGN_MESSAGE] executed in 18ms
[2m2025-07-29 17:00:00.125[0;39m [32m- INFO[0;39m [35m614984[0;39m [32m[0;39m [        default] [2m---[0;39m [2m[duler1_Worker-7][0;39m [36mo.s.batch.core.step.AbstractStep        [0;39m [2m:[0;39m Step: [EXECUTE_EMAIL] executed in 20ms
[2m2025-07-29 17:00:00.130[0;39m [32m- INFO[0;39m [35m614984[0;39m [32m[0;39m [        default] [2m---[0;39m [2m[duler1_Worker-3][0;39m [36mo.s.batch.core.step.AbstractStep        [0;39m [2m:[0;39m Step: [EXECUTE_REPORT_MAILING_JOBS] executed in 19ms
[2m2025-07-29 17:00:00.132[0;39m [32m- INFO[0;39m [35m614984[0;39m [32m[0;39m [        default] [2m---[0;39m [2m[duler1_Worker-5][0;39m [36mo.s.b.c.l.s.TaskExecutorJobLauncher     [0;39m [2m:[0;39m Job: [SimpleJob: [name=SEND_ASYNCHRONOUS_EVENTS]] completed with the following parameters: [{'run.id':'{value=35, type=class java.lang.Long, identifying=true}'}] and the following status: [COMPLETED] in 49ms
[2m2025-07-29 17:00:00.138[0;39m [32m- INFO[0;39m [35m614984[0;39m [32m[0;39m [        default] [2m---[0;39m [2m[duler1_Worker-4][0;39m [36mo.s.b.c.l.s.TaskExecutorJobLauncher     [0;39m [2m:[0;39m Job: [SimpleJob: [name=UPDATE_EMAIL_OUTBOUND_WITH_CAMPAIGN_MESSAGE]] completed with the following parameters: [{'run.id':'{value=3, type=class java.lang.Long, identifying=true}'}] and the following status: [COMPLETED] in 50ms
[2m2025-07-29 17:00:00.142[0;39m [32m- INFO[0;39m [35m614984[0;39m [32m[0;39m [        default] [2m---[0;39m [2m[duler1_Worker-7][0;39m [36mo.s.b.c.l.s.TaskExecutorJobLauncher     [0;39m [2m:[0;39m Job: [SimpleJob: [name=EXECUTE_EMAIL]] completed with the following parameters: [{'run.id':'{value=4, type=class java.lang.Long, identifying=true}'}] and the following status: [COMPLETED] in 49ms
[2m2025-07-29 17:00:00.149[0;39m [32m- INFO[0;39m [35m614984[0;39m [32m[0;39m [        default] [2m---[0;39m [2m[duler1_Worker-3][0;39m [36mo.s.b.c.l.s.TaskExecutorJobLauncher     [0;39m [2m:[0;39m Job: [SimpleJob: [name=EXECUTE_REPORT_MAILING_JOBS]] completed with the following parameters: [{'run.id':'{value=3, type=class java.lang.Long, identifying=true}'}] and the following status: [COMPLETED] in 55ms
[2m2025-07-29 17:01:00.118[0;39m [32m- INFO[0;39m [35m614984[0;39m [32m[0;39m [        default] [2m---[0;39m [2m[duler1_Worker-6][0;39m [36mo.s.b.c.l.s.TaskExecutorJobLauncher     [0;39m [2m:[0;39m Job: [SimpleJob: [name=SEND_ASYNCHRONOUS_EVENTS]] launched with the following parameters: [{'run.id':'{value=36, type=class java.lang.Long, identifying=true}'}]
[2m2025-07-29 17:01:00.137[0;39m [32m- INFO[0;39m [35m614984[0;39m [32m[0;39m [        default] [2m---[0;39m [2m[duler1_Worker-6][0;39m [36mo.s.batch.core.job.SimpleStepHandler    [0;39m [2m:[0;39m Executing step: [SEND_ASYNCHRONOUS_EVENTS_STEP]
[2m2025-07-29 17:01:00.151[0;39m [32m- INFO[0;39m [35m614984[0;39m [32m[0;39m [        default] [2m---[0;39m [2m[duler1_Worker-6][0;39m [36mo.s.batch.core.step.AbstractStep        [0;39m [2m:[0;39m Step: [SEND_ASYNCHRONOUS_EVENTS_STEP] executed in 13ms
[2m2025-07-29 17:01:00.168[0;39m [32m- INFO[0;39m [35m614984[0;39m [32m[0;39m [        default] [2m---[0;39m [2m[duler1_Worker-6][0;39m [36mo.s.b.c.l.s.TaskExecutorJobLauncher     [0;39m [2m:[0;39m Job: [SimpleJob: [name=SEND_ASYNCHRONOUS_EVENTS]] completed with the following parameters: [{'run.id':'{value=36, type=class java.lang.Long, identifying=true}'}] and the following status: [COMPLETED] in 44ms
[2m2025-07-29 17:02:00.054[0;39m [32m- INFO[0;39m [35m614984[0;39m [32m[0;39m [        default] [2m---[0;39m [2m[duler1_Worker-2][0;39m [36mo.s.b.c.l.s.TaskExecutorJobLauncher     [0;39m [2m:[0;39m Job: [SimpleJob: [name=SEND_ASYNCHRONOUS_EVENTS]] launched with the following parameters: [{'run.id':'{value=37, type=class java.lang.Long, identifying=true}'}]
[2m2025-07-29 17:02:00.066[0;39m [32m- INFO[0;39m [35m614984[0;39m [32m[0;39m [        default] [2m---[0;39m [2m[duler1_Worker-2][0;39m [36mo.s.batch.core.job.SimpleStepHandler    [0;39m [2m:[0;39m Executing step: [SEND_ASYNCHRONOUS_EVENTS_STEP]
[2m2025-07-29 17:02:00.083[0;39m [32m- INFO[0;39m [35m614984[0;39m [32m[0;39m [        default] [2m---[0;39m [2m[duler1_Worker-2][0;39m [36mo.s.batch.core.step.AbstractStep        [0;39m [2m:[0;39m Step: [SEND_ASYNCHRONOUS_EVENTS_STEP] executed in 16ms
[2m2025-07-29 17:02:00.099[0;39m [32m- INFO[0;39m [35m614984[0;39m [32m[0;39m [        default] [2m---[0;39m [2m[duler1_Worker-2][0;39m [36mo.s.b.c.l.s.TaskExecutorJobLauncher     [0;39m [2m:[0;39m Job: [SimpleJob: [name=SEND_ASYNCHRONOUS_EVENTS]] completed with the following parameters: [{'run.id':'{value=37, type=class java.lang.Long, identifying=true}'}] and the following status: [COMPLETED] in 38ms
[2m2025-07-29 17:03:00.063[0;39m [32m- INFO[0;39m [35m614984[0;39m [32m[0;39m [        default] [2m---[0;39m [2m[duler1_Worker-1][0;39m [36mo.s.b.c.l.s.TaskExecutorJobLauncher     [0;39m [2m:[0;39m Job: [SimpleJob: [name=SEND_ASYNCHRONOUS_EVENTS]] launched with the following parameters: [{'run.id':'{value=38, type=class java.lang.Long, identifying=true}'}]
[2m2025-07-29 17:03:00.086[0;39m [32m- INFO[0;39m [35m614984[0;39m [32m[0;39m [        default] [2m---[0;39m [2m[duler1_Worker-1][0;39m [36mo.s.batch.core.job.SimpleStepHandler    [0;39m [2m:[0;39m Executing step: [SEND_ASYNCHRONOUS_EVENTS_STEP]
[2m2025-07-29 17:03:00.106[0;39m [32m- INFO[0;39m [35m614984[0;39m [32m[0;39m [        default] [2m---[0;39m [2m[duler1_Worker-1][0;39m [36mo.s.batch.core.step.AbstractStep        [0;39m [2m:[0;39m Step: [SEND_ASYNCHRONOUS_EVENTS_STEP] executed in 19ms
[2m2025-07-29 17:03:00.124[0;39m [32m- INFO[0;39m [35m614984[0;39m [32m[0;39m [        default] [2m---[0;39m [2m[duler1_Worker-1][0;39m [36mo.s.b.c.l.s.TaskExecutorJobLauncher     [0;39m [2m:[0;39m Job: [SimpleJob: [name=SEND_ASYNCHRONOUS_EVENTS]] completed with the following parameters: [{'run.id':'{value=38, type=class java.lang.Long, identifying=true}'}] and the following status: [COMPLETED] in 53ms
[2m2025-07-29 17:04:00.065[0;39m [32m- INFO[0;39m [35m614984[0;39m [32m[0;39m [        default] [2m---[0;39m [2m[duler1_Worker-5][0;39m [36mo.s.b.c.l.s.TaskExecutorJobLauncher     [0;39m [2m:[0;39m Job: [SimpleJob: [name=SEND_ASYNCHRONOUS_EVENTS]] launched with the following parameters: [{'run.id':'{value=39, type=class java.lang.Long, identifying=true}'}]
[2m2025-07-29 17:04:00.089[0;39m [32m- INFO[0;39m [35m614984[0;39m [32m[0;39m [        default] [2m---[0;39m [2m[duler1_Worker-5][0;39m [36mo.s.batch.core.job.SimpleStepHandler    [0;39m [2m:[0;39m Executing step: [SEND_ASYNCHRONOUS_EVENTS_STEP]
[2m2025-07-29 17:04:00.108[0;39m [32m- INFO[0;39m [35m614984[0;39m [32m[0;39m [        default] [2m---[0;39m [2m[duler1_Worker-5][0;39m [36mo.s.batch.core.step.AbstractStep        [0;39m [2m:[0;39m Step: [SEND_ASYNCHRONOUS_EVENTS_STEP] executed in 18ms
[2m2025-07-29 17:04:00.128[0;39m [32m- INFO[0;39m [35m614984[0;39m [32m[0;39m [        default] [2m---[0;39m [2m[duler1_Worker-5][0;39m [36mo.s.b.c.l.s.TaskExecutorJobLauncher     [0;39m [2m:[0;39m Job: [SimpleJob: [name=SEND_ASYNCHRONOUS_EVENTS]] completed with the following parameters: [{'run.id':'{value=39, type=class java.lang.Long, identifying=true}'}] and the following status: [COMPLETED] in 56ms
[2m2025-07-29 17:05:00.056[0;39m [32m- INFO[0;39m [35m614984[0;39m [32m[0;39m [        default] [2m---[0;39m [2m[duler1_Worker-4][0;39m [36mo.s.b.c.l.s.TaskExecutorJobLauncher     [0;39m [2m:[0;39m Job: [SimpleJob: [name=SEND_ASYNCHRONOUS_EVENTS]] launched with the following parameters: [{'run.id':'{value=40, type=class java.lang.Long, identifying=true}'}]
[2m2025-07-29 17:05:00.069[0;39m [32m- INFO[0;39m [35m614984[0;39m [32m[0;39m [        default] [2m---[0;39m [2m[duler1_Worker-4][0;39m [36mo.s.batch.core.job.SimpleStepHandler    [0;39m [2m:[0;39m Executing step: [SEND_ASYNCHRONOUS_EVENTS_STEP]
[2m2025-07-29 17:05:00.081[0;39m [32m- INFO[0;39m [35m614984[0;39m [32m[0;39m [        default] [2m---[0;39m [2m[duler1_Worker-4][0;39m [36mo.s.batch.core.step.AbstractStep        [0;39m [2m:[0;39m Step: [SEND_ASYNCHRONOUS_EVENTS_STEP] executed in 11ms
[2m2025-07-29 17:05:00.090[0;39m [32m- INFO[0;39m [35m614984[0;39m [32m[0;39m [        default] [2m---[0;39m [2m[duler1_Worker-4][0;39m [36mo.s.b.c.l.s.TaskExecutorJobLauncher     [0;39m [2m:[0;39m Job: [SimpleJob: [name=SEND_ASYNCHRONOUS_EVENTS]] completed with the following parameters: [{'run.id':'{value=40, type=class java.lang.Long, identifying=true}'}] and the following status: [COMPLETED] in 30ms
[2m2025-07-29 17:06:00.050[0;39m [32m- INFO[0;39m [35m614984[0;39m [32m[0;39m [        default] [2m---[0;39m [2m[duler1_Worker-7][0;39m [36mo.s.b.c.l.s.TaskExecutorJobLauncher     [0;39m [2m:[0;39m Job: [SimpleJob: [name=SEND_ASYNCHRONOUS_EVENTS]] launched with the following parameters: [{'run.id':'{value=41, type=class java.lang.Long, identifying=true}'}]
[2m2025-07-29 17:06:00.065[0;39m [32m- INFO[0;39m [35m614984[0;39m [32m[0;39m [        default] [2m---[0;39m [2m[duler1_Worker-7][0;39m [36mo.s.batch.core.job.SimpleStepHandler    [0;39m [2m:[0;39m Executing step: [SEND_ASYNCHRONOUS_EVENTS_STEP]
[2m2025-07-29 17:06:00.080[0;39m [32m- INFO[0;39m [35m614984[0;39m [32m[0;39m [        default] [2m---[0;39m [2m[duler1_Worker-7][0;39m [36mo.s.batch.core.step.AbstractStep        [0;39m [2m:[0;39m Step: [SEND_ASYNCHRONOUS_EVENTS_STEP] executed in 14ms
[2m2025-07-29 17:06:00.095[0;39m [32m- INFO[0;39m [35m614984[0;39m [32m[0;39m [        default] [2m---[0;39m [2m[duler1_Worker-7][0;39m [36mo.s.b.c.l.s.TaskExecutorJobLauncher     [0;39m [2m:[0;39m Job: [SimpleJob: [name=SEND_ASYNCHRONOUS_EVENTS]] completed with the following parameters: [{'run.id':'{value=41, type=class java.lang.Long, identifying=true}'}] and the following status: [COMPLETED] in 39ms
[2m2025-07-29 17:07:00.111[0;39m [32m- INFO[0;39m [35m614984[0;39m [32m[0;39m [        default] [2m---[0;39m [2m[duler1_Worker-3][0;39m [36mo.s.b.c.l.s.TaskExecutorJobLauncher     [0;39m [2m:[0;39m Job: [SimpleJob: [name=SEND_ASYNCHRONOUS_EVENTS]] launched with the following parameters: [{'run.id':'{value=42, type=class java.lang.Long, identifying=true}'}]
[2m2025-07-29 17:07:00.125[0;39m [32m- INFO[0;39m [35m614984[0;39m [32m[0;39m [        default] [2m---[0;39m [2m[duler1_Worker-3][0;39m [36mo.s.batch.core.job.SimpleStepHandler    [0;39m [2m:[0;39m Executing step: [SEND_ASYNCHRONOUS_EVENTS_STEP]
[2m2025-07-29 17:07:00.139[0;39m [32m- INFO[0;39m [35m614984[0;39m [32m[0;39m [        default] [2m---[0;39m [2m[duler1_Worker-3][0;39m [36mo.s.batch.core.step.AbstractStep        [0;39m [2m:[0;39m Step: [SEND_ASYNCHRONOUS_EVENTS_STEP] executed in 13ms
[2m2025-07-29 17:07:00.154[0;39m [32m- INFO[0;39m [35m614984[0;39m [32m[0;39m [        default] [2m---[0;39m [2m[duler1_Worker-3][0;39m [36mo.s.b.c.l.s.TaskExecutorJobLauncher     [0;39m [2m:[0;39m Job: [SimpleJob: [name=SEND_ASYNCHRONOUS_EVENTS]] completed with the following parameters: [{'run.id':'{value=42, type=class java.lang.Long, identifying=true}'}] and the following status: [COMPLETED] in 37ms
[2m2025-07-29 17:08:00.064[0;39m [32m- INFO[0;39m [35m614984[0;39m [32m[0;39m [        default] [2m---[0;39m [2m[duler1_Worker-6][0;39m [36mo.s.b.c.l.s.TaskExecutorJobLauncher     [0;39m [2m:[0;39m Job: [SimpleJob: [name=SEND_ASYNCHRONOUS_EVENTS]] launched with the following parameters: [{'run.id':'{value=43, type=class java.lang.Long, identifying=true}'}]
[2m2025-07-29 17:08:00.080[0;39m [32m- INFO[0;39m [35m614984[0;39m [32m[0;39m [        default] [2m---[0;39m [2m[duler1_Worker-6][0;39m [36mo.s.batch.core.job.SimpleStepHandler    [0;39m [2m:[0;39m Executing step: [SEND_ASYNCHRONOUS_EVENTS_STEP]
[2m2025-07-29 17:08:00.093[0;39m [32m- INFO[0;39m [35m614984[0;39m [32m[0;39m [        default] [2m---[0;39m [2m[duler1_Worker-6][0;39m [36mo.s.batch.core.step.AbstractStep        [0;39m [2m:[0;39m Step: [SEND_ASYNCHRONOUS_EVENTS_STEP] executed in 13ms
[2m2025-07-29 17:08:00.109[0;39m [32m- INFO[0;39m [35m614984[0;39m [32m[0;39m [        default] [2m---[0;39m [2m[duler1_Worker-6][0;39m [36mo.s.b.c.l.s.TaskExecutorJobLauncher     [0;39m [2m:[0;39m Job: [SimpleJob: [name=SEND_ASYNCHRONOUS_EVENTS]] completed with the following parameters: [{'run.id':'{value=43, type=class java.lang.Long, identifying=true}'}] and the following status: [COMPLETED] in 39ms
[2m2025-07-29 17:09:00.054[0;39m [32m- INFO[0;39m [35m614984[0;39m [32m[0;39m [        default] [2m---[0;39m [2m[duler1_Worker-2][0;39m [36mo.s.b.c.l.s.TaskExecutorJobLauncher     [0;39m [2m:[0;39m Job: [SimpleJob: [name=SEND_ASYNCHRONOUS_EVENTS]] launched with the following parameters: [{'run.id':'{value=44, type=class java.lang.Long, identifying=true}'}]
[2m2025-07-29 17:09:00.074[0;39m [32m- INFO[0;39m [35m614984[0;39m [32m[0;39m [        default] [2m---[0;39m [2m[duler1_Worker-2][0;39m [36mo.s.batch.core.job.SimpleStepHandler    [0;39m [2m:[0;39m Executing step: [SEND_ASYNCHRONOUS_EVENTS_STEP]
[2m2025-07-29 17:09:00.091[0;39m [32m- INFO[0;39m [35m614984[0;39m [32m[0;39m [        default] [2m---[0;39m [2m[duler1_Worker-2][0;39m [36mo.s.batch.core.step.AbstractStep        [0;39m [2m:[0;39m Step: [SEND_ASYNCHRONOUS_EVENTS_STEP] executed in 16ms
[2m2025-07-29 17:09:00.108[0;39m [32m- INFO[0;39m [35m614984[0;39m [32m[0;39m [        default] [2m---[0;39m [2m[duler1_Worker-2][0;39m [36mo.s.b.c.l.s.TaskExecutorJobLauncher     [0;39m [2m:[0;39m Job: [SimpleJob: [name=SEND_ASYNCHRONOUS_EVENTS]] completed with the following parameters: [{'run.id':'{value=44, type=class java.lang.Long, identifying=true}'}] and the following status: [COMPLETED] in 49ms
[2m2025-07-29 17:10:00.103[0;39m [32m- INFO[0;39m [35m614984[0;39m [32m[0;39m [        default] [2m---[0;39m [2m[duler1_Worker-5][0;39m [36mo.s.b.c.l.s.TaskExecutorJobLauncher     [0;39m [2m:[0;39m Job: [SimpleJob: [name=SEND_ASYNCHRONOUS_EVENTS]] launched with the following parameters: [{'run.id':'{value=45, type=class java.lang.Long, identifying=true}'}]
[2m2025-07-29 17:10:00.105[0;39m [32m- INFO[0;39m [35m614984[0;39m [32m[0;39m [        default] [2m---[0;39m [2m[duler1_Worker-1][0;39m [36mo.s.b.c.l.s.TaskExecutorJobLauncher     [0;39m [2m:[0;39m Job: [SimpleJob: [name=EXECUTE_EMAIL]] launched with the following parameters: [{'run.id':'{value=5, type=class java.lang.Long, identifying=true}'}]
[2m2025-07-29 17:10:00.122[0;39m [32m- INFO[0;39m [35m614984[0;39m [32m[0;39m [        default] [2m---[0;39m [2m[duler1_Worker-5][0;39m [36mo.s.batch.core.job.SimpleStepHandler    [0;39m [2m:[0;39m Executing step: [SEND_ASYNCHRONOUS_EVENTS_STEP]
[2m2025-07-29 17:10:00.124[0;39m [32m- INFO[0;39m [35m614984[0;39m [32m[0;39m [        default] [2m---[0;39m [2m[duler1_Worker-1][0;39m [36mo.s.batch.core.job.SimpleStepHandler    [0;39m [2m:[0;39m Executing step: [EXECUTE_EMAIL]
[2m2025-07-29 17:10:00.137[0;39m [32m- INFO[0;39m [35m614984[0;39m [32m[0;39m [        default] [2m---[0;39m [2m[duler1_Worker-5][0;39m [36mo.s.batch.core.step.AbstractStep        [0;39m [2m:[0;39m Step: [SEND_ASYNCHRONOUS_EVENTS_STEP] executed in 14ms
[2m2025-07-29 17:10:00.141[0;39m [32m- INFO[0;39m [35m614984[0;39m [32m[0;39m [        default] [2m---[0;39m [2m[duler1_Worker-1][0;39m [36mo.s.batch.core.step.AbstractStep        [0;39m [2m:[0;39m Step: [EXECUTE_EMAIL] executed in 17ms
[2m2025-07-29 17:10:00.152[0;39m [32m- INFO[0;39m [35m614984[0;39m [32m[0;39m [        default] [2m---[0;39m [2m[duler1_Worker-5][0;39m [36mo.s.b.c.l.s.TaskExecutorJobLauncher     [0;39m [2m:[0;39m Job: [SimpleJob: [name=SEND_ASYNCHRONOUS_EVENTS]] completed with the following parameters: [{'run.id':'{value=45, type=class java.lang.Long, identifying=true}'}] and the following status: [COMPLETED] in 43ms
[2m2025-07-29 17:10:00.159[0;39m [32m- INFO[0;39m [35m614984[0;39m [32m[0;39m [        default] [2m---[0;39m [2m[duler1_Worker-1][0;39m [36mo.s.b.c.l.s.TaskExecutorJobLauncher     [0;39m [2m:[0;39m Job: [SimpleJob: [name=EXECUTE_EMAIL]] completed with the following parameters: [{'run.id':'{value=5, type=class java.lang.Long, identifying=true}'}] and the following status: [COMPLETED] in 48ms
[2m2025-07-29 17:11:00.042[0;39m [32m- INFO[0;39m [35m614984[0;39m [32m[0;39m [        default] [2m---[0;39m [2m[duler1_Worker-4][0;39m [36mo.s.b.c.l.s.TaskExecutorJobLauncher     [0;39m [2m:[0;39m Job: [SimpleJob: [name=SEND_ASYNCHRONOUS_EVENTS]] launched with the following parameters: [{'run.id':'{value=46, type=class java.lang.Long, identifying=true}'}]
[2m2025-07-29 17:11:00.063[0;39m [32m- INFO[0;39m [35m614984[0;39m [32m[0;39m [        default] [2m---[0;39m [2m[duler1_Worker-4][0;39m [36mo.s.batch.core.job.SimpleStepHandler    [0;39m [2m:[0;39m Executing step: [SEND_ASYNCHRONOUS_EVENTS_STEP]
[2m2025-07-29 17:11:00.076[0;39m [32m- INFO[0;39m [35m614984[0;39m [32m[0;39m [        default] [2m---[0;39m [2m[duler1_Worker-4][0;39m [36mo.s.batch.core.step.AbstractStep        [0;39m [2m:[0;39m Step: [SEND_ASYNCHRONOUS_EVENTS_STEP] executed in 13ms
[2m2025-07-29 17:11:00.092[0;39m [32m- INFO[0;39m [35m614984[0;39m [32m[0;39m [        default] [2m---[0;39m [2m[duler1_Worker-4][0;39m [36mo.s.b.c.l.s.TaskExecutorJobLauncher     [0;39m [2m:[0;39m Job: [SimpleJob: [name=SEND_ASYNCHRONOUS_EVENTS]] completed with the following parameters: [{'run.id':'{value=46, type=class java.lang.Long, identifying=true}'}] and the following status: [COMPLETED] in 44ms
[2m2025-07-29 17:12:00.201[0;39m [32m- INFO[0;39m [35m614984[0;39m [32m[0;39m [        default] [2m---[0;39m [2m[duler1_Worker-7][0;39m [36mo.s.b.c.l.s.TaskExecutorJobLauncher     [0;39m [2m:[0;39m Job: [SimpleJob: [name=SEND_ASYNCHRONOUS_EVENTS]] launched with the following parameters: [{'run.id':'{value=47, type=class java.lang.Long, identifying=true}'}]
[2m2025-07-29 17:12:00.217[0;39m [32m- INFO[0;39m [35m614984[0;39m [32m[0;39m [        default] [2m---[0;39m [2m[duler1_Worker-7][0;39m [36mo.s.batch.core.job.SimpleStepHandler    [0;39m [2m:[0;39m Executing step: [SEND_ASYNCHRONOUS_EVENTS_STEP]
[2m2025-07-29 17:12:00.230[0;39m [32m- INFO[0;39m [35m614984[0;39m [32m[0;39m [        default] [2m---[0;39m [2m[duler1_Worker-7][0;39m [36mo.s.batch.core.step.AbstractStep        [0;39m [2m:[0;39m Step: [SEND_ASYNCHRONOUS_EVENTS_STEP] executed in 12ms
[2m2025-07-29 17:12:00.243[0;39m [32m- INFO[0;39m [35m614984[0;39m [32m[0;39m [        default] [2m---[0;39m [2m[duler1_Worker-7][0;39m [36mo.s.b.c.l.s.TaskExecutorJobLauncher     [0;39m [2m:[0;39m Job: [SimpleJob: [name=SEND_ASYNCHRONOUS_EVENTS]] completed with the following parameters: [{'run.id':'{value=47, type=class java.lang.Long, identifying=true}'}] and the following status: [COMPLETED] in 37ms
[2m2025-07-29 17:13:00.056[0;39m [32m- INFO[0;39m [35m614984[0;39m [32m[0;39m [        default] [2m---[0;39m [2m[duler1_Worker-3][0;39m [36mo.s.b.c.l.s.TaskExecutorJobLauncher     [0;39m [2m:[0;39m Job: [SimpleJob: [name=SEND_ASYNCHRONOUS_EVENTS]] launched with the following parameters: [{'run.id':'{value=48, type=class java.lang.Long, identifying=true}'}]
[2m2025-07-29 17:13:00.075[0;39m [32m- INFO[0;39m [35m614984[0;39m [32m[0;39m [        default] [2m---[0;39m [2m[duler1_Worker-3][0;39m [36mo.s.batch.core.job.SimpleStepHandler    [0;39m [2m:[0;39m Executing step: [SEND_ASYNCHRONOUS_EVENTS_STEP]
[2m2025-07-29 17:13:00.090[0;39m [32m- INFO[0;39m [35m614984[0;39m [32m[0;39m [        default] [2m---[0;39m [2m[duler1_Worker-3][0;39m [36mo.s.batch.core.step.AbstractStep        [0;39m [2m:[0;39m Step: [SEND_ASYNCHRONOUS_EVENTS_STEP] executed in 14ms
[2m2025-07-29 17:13:00.104[0;39m [32m- INFO[0;39m [35m614984[0;39m [32m[0;39m [        default] [2m---[0;39m [2m[duler1_Worker-3][0;39m [36mo.s.b.c.l.s.TaskExecutorJobLauncher     [0;39m [2m:[0;39m Job: [SimpleJob: [name=SEND_ASYNCHRONOUS_EVENTS]] completed with the following parameters: [{'run.id':'{value=48, type=class java.lang.Long, identifying=true}'}] and the following status: [COMPLETED] in 42ms
[2m2025-07-29 17:14:00.209[0;39m [32m- INFO[0;39m [35m614984[0;39m [32m[0;39m [        default] [2m---[0;39m [2m[duler1_Worker-6][0;39m [36mo.s.b.c.l.s.TaskExecutorJobLauncher     [0;39m [2m:[0;39m Job: [SimpleJob: [name=SEND_ASYNCHRONOUS_EVENTS]] launched with the following parameters: [{'run.id':'{value=49, type=class java.lang.Long, identifying=true}'}]
[2m2025-07-29 17:14:00.230[0;39m [32m- INFO[0;39m [35m614984[0;39m [32m[0;39m [        default] [2m---[0;39m [2m[duler1_Worker-6][0;39m [36mo.s.batch.core.job.SimpleStepHandler    [0;39m [2m:[0;39m Executing step: [SEND_ASYNCHRONOUS_EVENTS_STEP]
[2m2025-07-29 17:14:00.244[0;39m [32m- INFO[0;39m [35m614984[0;39m [32m[0;39m [        default] [2m---[0;39m [2m[duler1_Worker-6][0;39m [36mo.s.batch.core.step.AbstractStep        [0;39m [2m:[0;39m Step: [SEND_ASYNCHRONOUS_EVENTS_STEP] executed in 13ms
[2m2025-07-29 17:14:00.255[0;39m [32m- INFO[0;39m [35m614984[0;39m [32m[0;39m [        default] [2m---[0;39m [2m[duler1_Worker-6][0;39m [36mo.s.b.c.l.s.TaskExecutorJobLauncher     [0;39m [2m:[0;39m Job: [SimpleJob: [name=SEND_ASYNCHRONOUS_EVENTS]] completed with the following parameters: [{'run.id':'{value=49, type=class java.lang.Long, identifying=true}'}] and the following status: [COMPLETED] in 35ms
[2m2025-07-29 17:15:00.068[0;39m [32m- INFO[0;39m [35m614984[0;39m [32m[0;39m [        default] [2m---[0;39m [2m[duler1_Worker-2][0;39m [36mo.s.b.c.l.s.TaskExecutorJobLauncher     [0;39m [2m:[0;39m Job: [SimpleJob: [name=EXECUTE_REPORT_MAILING_JOBS]] launched with the following parameters: [{'run.id':'{value=4, type=class java.lang.Long, identifying=true}'}]
[2m2025-07-29 17:15:00.068[0;39m [32m- INFO[0;39m [35m614984[0;39m [32m[0;39m [        default] [2m---[0;39m [2m[duler1_Worker-5][0;39m [36mo.s.b.c.l.s.TaskExecutorJobLauncher     [0;39m [2m:[0;39m Job: [SimpleJob: [name=SEND_ASYNCHRONOUS_EVENTS]] launched with the following parameters: [{'run.id':'{value=50, type=class java.lang.Long, identifying=true}'}]
[2m2025-07-29 17:15:00.076[0;39m [32m- INFO[0;39m [35m614984[0;39m [32m[0;39m [        default] [2m---[0;39m [2m[duler1_Worker-1][0;39m [36mo.s.b.c.l.s.TaskExecutorJobLauncher     [0;39m [2m:[0;39m Job: [SimpleJob: [name=UPDATE_EMAIL_OUTBOUND_WITH_CAMPAIGN_MESSAGE]] launched with the following parameters: [{'run.id':'{value=4, type=class java.lang.Long, identifying=true}'}]
[2m2025-07-29 17:15:00.092[0;39m [32m- INFO[0;39m [35m614984[0;39m [32m[0;39m [        default] [2m---[0;39m [2m[duler1_Worker-2][0;39m [36mo.s.batch.core.job.SimpleStepHandler    [0;39m [2m:[0;39m Executing step: [EXECUTE_REPORT_MAILING_JOBS]
[2m2025-07-29 17:15:00.093[0;39m [32m- INFO[0;39m [35m614984[0;39m [32m[0;39m [        default] [2m---[0;39m [2m[duler1_Worker-5][0;39m [36mo.s.batch.core.job.SimpleStepHandler    [0;39m [2m:[0;39m Executing step: [SEND_ASYNCHRONOUS_EVENTS_STEP]
[2m2025-07-29 17:15:00.098[0;39m [32m- INFO[0;39m [35m614984[0;39m [32m[0;39m [        default] [2m---[0;39m [2m[duler1_Worker-1][0;39m [36mo.s.batch.core.job.SimpleStepHandler    [0;39m [2m:[0;39m Executing step: [UPDATE_EMAIL_OUTBOUND_WITH_CAMPAIGN_MESSAGE]
[2m2025-07-29 17:15:00.114[0;39m [32m- INFO[0;39m [35m614984[0;39m [32m[0;39m [        default] [2m---[0;39m [2m[duler1_Worker-5][0;39m [36mo.s.batch.core.step.AbstractStep        [0;39m [2m:[0;39m Step: [SEND_ASYNCHRONOUS_EVENTS_STEP] executed in 20ms
[2m2025-07-29 17:15:00.116[0;39m [32m- INFO[0;39m [35m614984[0;39m [32m[0;39m [        default] [2m---[0;39m [2m[duler1_Worker-2][0;39m [36mo.s.batch.core.step.AbstractStep        [0;39m [2m:[0;39m Step: [EXECUTE_REPORT_MAILING_JOBS] executed in 23ms
[2m2025-07-29 17:15:00.119[0;39m [32m- INFO[0;39m [35m614984[0;39m [32m[0;39m [        default] [2m---[0;39m [2m[duler1_Worker-1][0;39m [36mo.s.batch.core.step.AbstractStep        [0;39m [2m:[0;39m Step: [UPDATE_EMAIL_OUTBOUND_WITH_CAMPAIGN_MESSAGE] executed in 21ms
[2m2025-07-29 17:15:00.133[0;39m [32m- INFO[0;39m [35m614984[0;39m [32m[0;39m [        default] [2m---[0;39m [2m[duler1_Worker-5][0;39m [36mo.s.b.c.l.s.TaskExecutorJobLauncher     [0;39m [2m:[0;39m Job: [SimpleJob: [name=SEND_ASYNCHRONOUS_EVENTS]] completed with the following parameters: [{'run.id':'{value=50, type=class java.lang.Long, identifying=true}'}] and the following status: [COMPLETED] in 56ms
[2m2025-07-29 17:15:00.135[0;39m [32m- INFO[0;39m [35m614984[0;39m [32m[0;39m [        default] [2m---[0;39m [2m[duler1_Worker-2][0;39m [36mo.s.b.c.l.s.TaskExecutorJobLauncher     [0;39m [2m:[0;39m Job: [SimpleJob: [name=EXECUTE_REPORT_MAILING_JOBS]] completed with the following parameters: [{'run.id':'{value=4, type=class java.lang.Long, identifying=true}'}] and the following status: [COMPLETED] in 58ms
[2m2025-07-29 17:15:00.136[0;39m [32m- INFO[0;39m [35m614984[0;39m [32m[0;39m [        default] [2m---[0;39m [2m[duler1_Worker-1][0;39m [36mo.s.b.c.l.s.TaskExecutorJobLauncher     [0;39m [2m:[0;39m Job: [SimpleJob: [name=UPDATE_EMAIL_OUTBOUND_WITH_CAMPAIGN_MESSAGE]] completed with the following parameters: [{'run.id':'{value=4, type=class java.lang.Long, identifying=true}'}] and the following status: [COMPLETED] in 54ms
[2m2025-07-29 17:16:00.062[0;39m [32m- INFO[0;39m [35m614984[0;39m [32m[0;39m [        default] [2m---[0;39m [2m[duler1_Worker-4][0;39m [36mo.s.b.c.l.s.TaskExecutorJobLauncher     [0;39m [2m:[0;39m Job: [SimpleJob: [name=SEND_ASYNCHRONOUS_EVENTS]] launched with the following parameters: [{'run.id':'{value=51, type=class java.lang.Long, identifying=true}'}]
[2m2025-07-29 17:16:00.079[0;39m [32m- INFO[0;39m [35m614984[0;39m [32m[0;39m [        default] [2m---[0;39m [2m[duler1_Worker-4][0;39m [36mo.s.batch.core.job.SimpleStepHandler    [0;39m [2m:[0;39m Executing step: [SEND_ASYNCHRONOUS_EVENTS_STEP]
[2m2025-07-29 17:16:00.093[0;39m [32m- INFO[0;39m [35m614984[0;39m [32m[0;39m [        default] [2m---[0;39m [2m[duler1_Worker-4][0;39m [36mo.s.batch.core.step.AbstractStep        [0;39m [2m:[0;39m Step: [SEND_ASYNCHRONOUS_EVENTS_STEP] executed in 13ms
[2m2025-07-29 17:16:00.107[0;39m [32m- INFO[0;39m [35m614984[0;39m [32m[0;39m [        default] [2m---[0;39m [2m[duler1_Worker-4][0;39m [36mo.s.b.c.l.s.TaskExecutorJobLauncher     [0;39m [2m:[0;39m Job: [SimpleJob: [name=SEND_ASYNCHRONOUS_EVENTS]] completed with the following parameters: [{'run.id':'{value=51, type=class java.lang.Long, identifying=true}'}] and the following status: [COMPLETED] in 38ms
[2m2025-07-29 17:16:52.641[0;39m [33m- WARN[0;39m [35m614984[0;39m [33m[0;39m [        default] [2m---[0;39m [2m[nio-8443-exec-4][0;39m [36m.a.f.i.c.e.BadCredentialsExceptionMapper[0;39m [2m:[0;39m Exception occurred

org.springframework.security.authentication.BadCredentialsException: Bad credentials
	at org.springframework.security.authentication.dao.DaoAuthenticationProvider.additionalAuthenticationChecks(DaoAuthenticationProvider.java:93)
	at org.springframework.security.authentication.dao.AbstractUserDetailsAuthenticationProvider.authenticate(AbstractUserDetailsAuthenticationProvider.java:147)
	at org.apache.fineract.infrastructure.security.api.AuthenticationApiResource.authenticate(AuthenticationApiResource.java:106)
	at java.base/jdk.internal.reflect.DirectMethodHandleAccessor.invoke(DirectMethodHandleAccessor.java:103)
	at java.base/java.lang.reflect.Method.invoke(Method.java:580)
	at org.glassfish.jersey.server.model.internal.ResourceMethodInvocationHandlerFactory.lambda$static$0(ResourceMethodInvocationHandlerFactory.java:52)
	at org.glassfish.jersey.server.model.internal.AbstractJavaResourceMethodDispatcher$1.run(AbstractJavaResourceMethodDispatcher.java:146)
	at org.glassfish.jersey.server.model.internal.AbstractJavaResourceMethodDispatcher.invoke(AbstractJavaResourceMethodDispatcher.java:189)
	at org.glassfish.jersey.server.model.internal.JavaResourceMethodDispatcherProvider$TypeOutInvoker.doDispatch(JavaResourceMethodDispatcherProvider.java:219)
	at org.glassfish.jersey.server.model.internal.AbstractJavaResourceMethodDispatcher.dispatch(AbstractJavaResourceMethodDispatcher.java:93)
	at org.glassfish.jersey.server.model.ResourceMethodInvoker.invoke(ResourceMethodInvoker.java:478)
	at org.glassfish.jersey.server.model.ResourceMethodInvoker.apply(ResourceMethodInvoker.java:400)
	at org.glassfish.jersey.server.model.ResourceMethodInvoker.apply(ResourceMethodInvoker.java:81)
	at org.glassfish.jersey.server.ServerRuntime$1.run(ServerRuntime.java:274)
	at org.glassfish.jersey.internal.Errors$1.call(Errors.java:248)
	at org.glassfish.jersey.internal.Errors$1.call(Errors.java:244)
	at org.glassfish.jersey.internal.Errors.process(Errors.java:292)
	at org.glassfish.jersey.internal.Errors.process(Errors.java:274)
	at org.glassfish.jersey.internal.Errors.process(Errors.java:244)
	at org.glassfish.jersey.process.internal.RequestScope.runInScope(RequestScope.java:266)
	at org.glassfish.jersey.server.ServerRuntime.process(ServerRuntime.java:253)
	at org.glassfish.jersey.server.ApplicationHandler.handle(ApplicationHandler.java:696)
	at org.glassfish.jersey.servlet.WebComponent.serviceImpl(WebComponent.java:397)
	at org.glassfish.jersey.servlet.WebComponent.service(WebComponent.java:349)
	at org.glassfish.jersey.servlet.ServletContainer.service(ServletContainer.java:358)
	at org.glassfish.jersey.servlet.ServletContainer.service(ServletContainer.java:312)
	at org.glassfish.jersey.servlet.ServletContainer.service(ServletContainer.java:205)
	at org.apache.catalina.core.ApplicationFilterChain.internalDoFilter(ApplicationFilterChain.java:195)
	at org.apache.catalina.core.ApplicationFilterChain.doFilter(ApplicationFilterChain.java:140)
	at org.apache.tomcat.websocket.server.WsFilter.doFilter(WsFilter.java:51)
	at org.apache.catalina.core.ApplicationFilterChain.internalDoFilter(ApplicationFilterChain.java:164)
	at org.apache.catalina.core.ApplicationFilterChain.doFilter(ApplicationFilterChain.java:140)
	at org.springframework.web.filter.RequestContextFilter.doFilterInternal(RequestContextFilter.java:100)
	at org.springframework.web.filter.OncePerRequestFilter.doFilter(OncePerRequestFilter.java:116)
	at org.apache.catalina.core.ApplicationFilterChain.internalDoFilter(ApplicationFilterChain.java:164)
	at org.apache.catalina.core.ApplicationFilterChain.doFilter(ApplicationFilterChain.java:140)
	at org.springframework.web.filter.CompositeFilter$VirtualFilterChain.doFilter(CompositeFilter.java:108)
	at org.springframework.security.web.FilterChainProxy.lambda$doFilterInternal$3(FilterChainProxy.java:231)
	at org.springframework.security.web.ObservationFilterChainDecorator$FilterObservation$SimpleFilterObservation.lambda$wrap$1(ObservationFilterChainDecorator.java:479)
	at org.springframework.security.web.ObservationFilterChainDecorator$AroundFilterObservation$SimpleAroundFilterObservation.lambda$wrap$1(ObservationFilterChainDecorator.java:340)
	at org.springframework.security.web.ObservationFilterChainDecorator.lambda$wrapSecured$0(ObservationFilterChainDecorator.java:82)
	at org.springframework.security.web.ObservationFilterChainDecorator$VirtualFilterChain.doFilter(ObservationFilterChainDecorator.java:128)
	at org.springframework.security.web.access.intercept.AuthorizationFilter.doFilter(AuthorizationFilter.java:101)
	at org.springframework.security.web.ObservationFilterChainDecorator$ObservationFilter.wrapFilter(ObservationFilterChainDecorator.java:240)
	at org.springframework.security.web.ObservationFilterChainDecorator$ObservationFilter.doFilter(ObservationFilterChainDecorator.java:227)
	at org.springframework.security.web.ObservationFilterChainDecorator$VirtualFilterChain.doFilter(ObservationFilterChainDecorator.java:137)
	at org.apache.fineract.infrastructure.core.filters.IdempotencyStoreFilter.doFilterInternal(IdempotencyStoreFilter.java:57)
	at org.springframework.web.filter.OncePerRequestFilter.doFilter(OncePerRequestFilter.java:116)
	at org.springframework.security.web.ObservationFilterChainDecorator$ObservationFilter.wrapFilter(ObservationFilterChainDecorator.java:240)
	at org.springframework.security.web.ObservationFilterChainDecorator$ObservationFilter.doFilter(ObservationFilterChainDecorator.java:227)
	at org.springframework.security.web.ObservationFilterChainDecorator$VirtualFilterChain.doFilter(ObservationFilterChainDecorator.java:137)
	at org.apache.fineract.infrastructure.jobs.filter.LoanCOBApiFilter.proceed(LoanCOBApiFilter.java:95)
	at org.apache.fineract.infrastructure.jobs.filter.LoanCOBApiFilter.doFilterInternal(LoanCOBApiFilter.java:70)
	at org.springframework.web.filter.OncePerRequestFilter.doFilter(OncePerRequestFilter.java:116)
	at org.springframework.security.web.ObservationFilterChainDecorator$ObservationFilter.wrapFilter(ObservationFilterChainDecorator.java:240)
	at org.springframework.security.web.ObservationFilterChainDecorator$ObservationFilter.doFilter(ObservationFilterChainDecorator.java:227)
	at org.springframework.security.web.ObservationFilterChainDecorator$VirtualFilterChain.doFilter(ObservationFilterChainDecorator.java:137)
	at org.apache.fineract.infrastructure.security.filter.InsecureTwoFactorAuthenticationFilter.doFilter(InsecureTwoFactorAuthenticationFilter.java:76)
	at org.springframework.security.web.ObservationFilterChainDecorator$ObservationFilter.wrapFilter(ObservationFilterChainDecorator.java:240)
	at org.springframework.security.web.ObservationFilterChainDecorator$ObservationFilter.doFilter(ObservationFilterChainDecorator.java:227)
	at org.springframework.security.web.ObservationFilterChainDecorator$VirtualFilterChain.doFilter(ObservationFilterChainDecorator.java:137)
	at org.apache.fineract.infrastructure.instancemode.filter.FineractInstanceModeApiFilter.proceed(FineractInstanceModeApiFilter.java:84)
	at org.apache.fineract.infrastructure.instancemode.filter.FineractInstanceModeApiFilter.doFilterInternal(FineractInstanceModeApiFilter.java:67)
	at org.springframework.web.filter.OncePerRequestFilter.doFilter(OncePerRequestFilter.java:116)
	at org.springframework.security.web.ObservationFilterChainDecorator$ObservationFilter.wrapFilter(ObservationFilterChainDecorator.java:240)
	at org.springframework.security.web.ObservationFilterChainDecorator$ObservationFilter.doFilter(ObservationFilterChainDecorator.java:227)
	at org.springframework.security.web.ObservationFilterChainDecorator$VirtualFilterChain.doFilter(ObservationFilterChainDecorator.java:137)
	at org.apache.fineract.infrastructure.core.filters.CorrelationHeaderFilter.doFilterInternal(CorrelationHeaderFilter.java:51)
	at org.springframework.web.filter.OncePerRequestFilter.doFilter(OncePerRequestFilter.java:116)
	at org.springframework.security.web.ObservationFilterChainDecorator$ObservationFilter.wrapFilter(ObservationFilterChainDecorator.java:240)
	at org.springframework.security.web.ObservationFilterChainDecorator$ObservationFilter.doFilter(ObservationFilterChainDecorator.java:227)
	at org.springframework.security.web.ObservationFilterChainDecorator$VirtualFilterChain.doFilter(ObservationFilterChainDecorator.java:137)
	at org.apache.fineract.infrastructure.core.filters.RequestResponseFilter.doFilterInternal(RequestResponseFilter.java:39)
	at org.springframework.web.filter.OncePerRequestFilter.doFilter(OncePerRequestFilter.java:116)
	at org.springframework.security.web.ObservationFilterChainDecorator$ObservationFilter.wrapFilter(ObservationFilterChainDecorator.java:240)
	at org.springframework.security.web.ObservationFilterChainDecorator$ObservationFilter.doFilter(ObservationFilterChainDecorator.java:227)
	at org.springframework.security.web.ObservationFilterChainDecorator$VirtualFilterChain.doFilter(ObservationFilterChainDecorator.java:137)
	at org.springframework.security.web.access.ExceptionTranslationFilter.doFilter(ExceptionTranslationFilter.java:126)
	at org.springframework.security.web.access.ExceptionTranslationFilter.doFilter(ExceptionTranslationFilter.java:120)
	at org.springframework.security.web.ObservationFilterChainDecorator$ObservationFilter.wrapFilter(ObservationFilterChainDecorator.java:240)
	at org.springframework.security.web.ObservationFilterChainDecorator$ObservationFilter.doFilter(ObservationFilterChainDecorator.java:227)
	at org.springframework.security.web.ObservationFilterChainDecorator$VirtualFilterChain.doFilter(ObservationFilterChainDecorator.java:137)
	at org.springframework.security.web.session.SessionManagementFilter.doFilter(SessionManagementFilter.java:131)
	at org.springframework.security.web.session.SessionManagementFilter.doFilter(SessionManagementFilter.java:85)
	at org.springframework.security.web.ObservationFilterChainDecorator$ObservationFilter.wrapFilter(ObservationFilterChainDecorator.java:240)
	at org.springframework.security.web.ObservationFilterChainDecorator$ObservationFilter.doFilter(ObservationFilterChainDecorator.java:227)
	at org.springframework.security.web.ObservationFilterChainDecorator$VirtualFilterChain.doFilter(ObservationFilterChainDecorator.java:137)
	at org.springframework.security.web.authentication.AnonymousAuthenticationFilter.doFilter(AnonymousAuthenticationFilter.java:100)
	at org.springframework.security.web.ObservationFilterChainDecorator$ObservationFilter.wrapFilter(ObservationFilterChainDecorator.java:240)
	at org.springframework.security.web.ObservationFilterChainDecorator$ObservationFilter.doFilter(ObservationFilterChainDecorator.java:227)
	at org.springframework.security.web.ObservationFilterChainDecorator$VirtualFilterChain.doFilter(ObservationFilterChainDecorator.java:137)
	at org.springframework.security.web.servletapi.SecurityContextHolderAwareRequestFilter.doFilter(SecurityContextHolderAwareRequestFilter.java:179)
	at org.springframework.security.web.ObservationFilterChainDecorator$ObservationFilter.wrapFilter(ObservationFilterChainDecorator.java:240)
	at org.springframework.security.web.ObservationFilterChainDecorator$ObservationFilter.doFilter(ObservationFilterChainDecorator.java:227)
	at org.springframework.security.web.ObservationFilterChainDecorator$VirtualFilterChain.doFilter(ObservationFilterChainDecorator.java:137)
	at org.springframework.security.web.savedrequest.RequestCacheAwareFilter.doFilter(RequestCacheAwareFilter.java:63)
	at org.springframework.security.web.ObservationFilterChainDecorator$ObservationFilter.wrapFilter(ObservationFilterChainDecorator.java:240)
	at org.springframework.security.web.ObservationFilterChainDecorator$ObservationFilter.doFilter(ObservationFilterChainDecorator.java:227)
	at org.springframework.security.web.ObservationFilterChainDecorator$VirtualFilterChain.doFilter(ObservationFilterChainDecorator.java:137)
	at org.springframework.security.web.authentication.www.BasicAuthenticationFilter.doFilterInternal(BasicAuthenticationFilter.java:181)
	at org.springframework.web.filter.OncePerRequestFilter.doFilter(OncePerRequestFilter.java:116)
	at org.springframework.security.web.ObservationFilterChainDecorator$ObservationFilter.wrapFilter(ObservationFilterChainDecorator.java:240)
	at org.springframework.security.web.ObservationFilterChainDecorator$ObservationFilter.doFilter(ObservationFilterChainDecorator.java:227)
	at org.springframework.security.web.ObservationFilterChainDecorator$VirtualFilterChain.doFilter(ObservationFilterChainDecorator.java:137)
	at org.springframework.security.web.authentication.logout.LogoutFilter.doFilter(LogoutFilter.java:107)
	at org.springframework.security.web.authentication.logout.LogoutFilter.doFilter(LogoutFilter.java:93)
	at org.springframework.security.web.ObservationFilterChainDecorator$ObservationFilter.wrapFilter(ObservationFilterChainDecorator.java:240)
	at org.springframework.security.web.ObservationFilterChainDecorator$ObservationFilter.doFilter(ObservationFilterChainDecorator.java:227)
	at org.springframework.security.web.ObservationFilterChainDecorator$VirtualFilterChain.doFilter(ObservationFilterChainDecorator.java:137)
	at org.springframework.web.filter.CorsFilter.doFilterInternal(CorsFilter.java:91)
	at org.springframework.web.filter.OncePerRequestFilter.doFilter(OncePerRequestFilter.java:116)
	at org.springframework.security.web.ObservationFilterChainDecorator$ObservationFilter.wrapFilter(ObservationFilterChainDecorator.java:240)
	at org.springframework.security.web.ObservationFilterChainDecorator$ObservationFilter.doFilter(ObservationFilterChainDecorator.java:227)
	at org.springframework.security.web.ObservationFilterChainDecorator$VirtualFilterChain.doFilter(ObservationFilterChainDecorator.java:137)
	at org.springframework.security.web.header.HeaderWriterFilter.doHeadersAfter(HeaderWriterFilter.java:90)
	at org.springframework.security.web.header.HeaderWriterFilter.doFilterInternal(HeaderWriterFilter.java:75)
	at org.springframework.web.filter.OncePerRequestFilter.doFilter(OncePerRequestFilter.java:116)
	at org.springframework.security.web.ObservationFilterChainDecorator$ObservationFilter.wrapFilter(ObservationFilterChainDecorator.java:240)
	at org.springframework.security.web.ObservationFilterChainDecorator$ObservationFilter.doFilter(ObservationFilterChainDecorator.java:227)
	at org.springframework.security.web.ObservationFilterChainDecorator$VirtualFilterChain.doFilter(ObservationFilterChainDecorator.java:137)
	at org.springframework.security.web.context.SecurityContextHolderFilter.doFilter(SecurityContextHolderFilter.java:82)
	at org.springframework.security.web.context.SecurityContextHolderFilter.doFilter(SecurityContextHolderFilter.java:69)
	at org.springframework.security.web.ObservationFilterChainDecorator$ObservationFilter.wrapFilter(ObservationFilterChainDecorator.java:240)
	at org.springframework.security.web.ObservationFilterChainDecorator$ObservationFilter.doFilter(ObservationFilterChainDecorator.java:227)
	at org.springframework.security.web.ObservationFilterChainDecorator$VirtualFilterChain.doFilter(ObservationFilterChainDecorator.java:137)
	at org.springframework.security.web.authentication.www.BasicAuthenticationFilter.doFilterInternal(BasicAuthenticationFilter.java:181)
	at org.apache.fineract.infrastructure.security.filter.TenantAwareBasicAuthenticationFilter.doFilterInternal(TenantAwareBasicAuthenticationFilter.java:154)
	at org.springframework.web.filter.OncePerRequestFilter.doFilter(OncePerRequestFilter.java:116)
	at org.springframework.security.web.ObservationFilterChainDecorator$ObservationFilter.wrapFilter(ObservationFilterChainDecorator.java:240)
	at org.springframework.security.web.ObservationFilterChainDecorator$ObservationFilter.doFilter(ObservationFilterChainDecorator.java:227)
	at org.springframework.security.web.ObservationFilterChainDecorator$VirtualFilterChain.doFilter(ObservationFilterChainDecorator.java:137)
	at org.springframework.security.web.context.request.async.WebAsyncManagerIntegrationFilter.doFilterInternal(WebAsyncManagerIntegrationFilter.java:62)
	at org.springframework.web.filter.OncePerRequestFilter.doFilter(OncePerRequestFilter.java:116)
	at org.springframework.security.web.ObservationFilterChainDecorator$ObservationFilter.wrapFilter(ObservationFilterChainDecorator.java:240)
	at org.springframework.security.web.ObservationFilterChainDecorator$ObservationFilter.doFilter(ObservationFilterChainDecorator.java:227)
	at org.springframework.security.web.ObservationFilterChainDecorator$VirtualFilterChain.doFilter(ObservationFilterChainDecorator.java:137)
	at org.springframework.security.web.access.channel.ChannelProcessingFilter.doFilter(ChannelProcessingFilter.java:133)
	at org.springframework.security.web.ObservationFilterChainDecorator$ObservationFilter.wrapFilter(ObservationFilterChainDecorator.java:240)
	at org.springframework.security.web.ObservationFilterChainDecorator$ObservationFilter.doFilter(ObservationFilterChainDecorator.java:227)
	at org.springframework.security.web.ObservationFilterChainDecorator$VirtualFilterChain.doFilter(ObservationFilterChainDecorator.java:137)
	at org.springframework.security.web.session.DisableEncodeUrlFilter.doFilterInternal(DisableEncodeUrlFilter.java:42)
	at org.springframework.web.filter.OncePerRequestFilter.doFilter(OncePerRequestFilter.java:116)
	at org.springframework.security.web.ObservationFilterChainDecorator$ObservationFilter.wrapFilter(ObservationFilterChainDecorator.java:240)
	at org.springframework.security.web.ObservationFilterChainDecorator$AroundFilterObservation$SimpleAroundFilterObservation.lambda$wrap$0(ObservationFilterChainDecorator.java:323)
	at org.springframework.security.web.ObservationFilterChainDecorator$ObservationFilter.doFilter(ObservationFilterChainDecorator.java:224)
	at org.springframework.security.web.ObservationFilterChainDecorator$VirtualFilterChain.doFilter(ObservationFilterChainDecorator.java:137)
	at org.springframework.security.web.FilterChainProxy.doFilterInternal(FilterChainProxy.java:233)
	at org.springframework.security.web.FilterChainProxy.doFilter(FilterChainProxy.java:191)
	at org.springframework.web.filter.CompositeFilter$VirtualFilterChain.doFilter(CompositeFilter.java:113)
	at org.springframework.web.servlet.handler.HandlerMappingIntrospector.lambda$createCacheFilter$3(HandlerMappingIntrospector.java:243)
	at org.springframework.web.filter.CompositeFilter$VirtualFilterChain.doFilter(CompositeFilter.java:113)
	at org.springframework.web.filter.CompositeFilter.doFilter(CompositeFilter.java:74)
	at org.springframework.security.config.annotation.web.configuration.WebMvcSecurityConfiguration$CompositeFilterChainProxy.doFilter(WebMvcSecurityConfiguration.java:238)
	at org.springframework.web.filter.DelegatingFilterProxy.invokeDelegate(DelegatingFilterProxy.java:362)
	at org.springframework.web.filter.DelegatingFilterProxy.doFilter(DelegatingFilterProxy.java:278)
	at org.apache.catalina.core.ApplicationFilterChain.internalDoFilter(ApplicationFilterChain.java:164)
	at org.apache.catalina.core.ApplicationFilterChain.doFilter(ApplicationFilterChain.java:140)
	at org.springframework.web.filter.FormContentFilter.doFilterInternal(FormContentFilter.java:93)
	at org.springframework.web.filter.OncePerRequestFilter.doFilter(OncePerRequestFilter.java:116)
	at org.apache.catalina.core.ApplicationFilterChain.internalDoFilter(ApplicationFilterChain.java:164)
	at org.apache.catalina.core.ApplicationFilterChain.doFilter(ApplicationFilterChain.java:140)
	at org.springframework.web.filter.ServerHttpObservationFilter.doFilterInternal(ServerHttpObservationFilter.java:114)
	at org.springframework.web.filter.OncePerRequestFilter.doFilter(OncePerRequestFilter.java:116)
	at org.apache.catalina.core.ApplicationFilterChain.internalDoFilter(ApplicationFilterChain.java:164)
	at org.apache.catalina.core.ApplicationFilterChain.doFilter(ApplicationFilterChain.java:140)
	at org.springframework.web.filter.CharacterEncodingFilter.doFilterInternal(CharacterEncodingFilter.java:201)
	at org.springframework.web.filter.OncePerRequestFilter.doFilter(OncePerRequestFilter.java:116)
	at org.apache.catalina.core.ApplicationFilterChain.internalDoFilter(ApplicationFilterChain.java:164)
	at org.apache.catalina.core.ApplicationFilterChain.doFilter(ApplicationFilterChain.java:140)
	at org.springframework.web.filter.OncePerRequestFilter.doFilter(OncePerRequestFilter.java:101)
	at org.apache.catalina.core.ApplicationFilterChain.internalDoFilter(ApplicationFilterChain.java:164)
	at org.apache.catalina.core.ApplicationFilterChain.doFilter(ApplicationFilterChain.java:140)
	at org.apache.catalina.core.StandardWrapperValve.invoke(StandardWrapperValve.java:167)
	at org.apache.catalina.core.StandardContextValve.invoke(StandardContextValve.java:90)
	at org.apache.catalina.authenticator.AuthenticatorBase.invoke(AuthenticatorBase.java:483)
	at org.apache.catalina.core.StandardHostValve.invoke(StandardHostValve.java:115)
	at org.apache.catalina.valves.ErrorReportValve.invoke(ErrorReportValve.java:93)
	at org.apache.catalina.core.StandardEngineValve.invoke(StandardEngineValve.java:74)
	at org.apache.catalina.connector.CoyoteAdapter.service(CoyoteAdapter.java:344)
	at org.apache.coyote.http11.Http11Processor.service(Http11Processor.java:397)
	at org.apache.coyote.AbstractProcessorLight.process(AbstractProcessorLight.java:63)
	at org.apache.coyote.AbstractProtocol$ConnectionHandler.process(AbstractProtocol.java:905)
	at org.apache.tomcat.util.net.NioEndpoint$SocketProcessor.doRun(NioEndpoint.java:1743)
	at org.apache.tomcat.util.net.SocketProcessorBase.run(SocketProcessorBase.java:52)
	at org.apache.tomcat.util.threads.ThreadPoolExecutor.runWorker(ThreadPoolExecutor.java:1190)
	at org.apache.tomcat.util.threads.ThreadPoolExecutor$Worker.run(ThreadPoolExecutor.java:659)
	at org.apache.tomcat.util.threads.TaskThread$WrappingRunnable.run(TaskThread.java:63)
	at java.base/java.lang.Thread.run(Thread.java:1583)

[2m2025-07-29 17:17:00.055[0;39m [32m- INFO[0;39m [35m614984[0;39m [32m[0;39m [        default] [2m---[0;39m [2m[duler1_Worker-7][0;39m [36mo.s.b.c.l.s.TaskExecutorJobLauncher     [0;39m [2m:[0;39m Job: [SimpleJob: [name=SEND_ASYNCHRONOUS_EVENTS]] launched with the following parameters: [{'run.id':'{value=52, type=class java.lang.Long, identifying=true}'}]
[2m2025-07-29 17:17:00.072[0;39m [32m- INFO[0;39m [35m614984[0;39m [32m[0;39m [        default] [2m---[0;39m [2m[duler1_Worker-7][0;39m [36mo.s.batch.core.job.SimpleStepHandler    [0;39m [2m:[0;39m Executing step: [SEND_ASYNCHRONOUS_EVENTS_STEP]
[2m2025-07-29 17:17:00.088[0;39m [32m- INFO[0;39m [35m614984[0;39m [32m[0;39m [        default] [2m---[0;39m [2m[duler1_Worker-7][0;39m [36mo.s.batch.core.step.AbstractStep        [0;39m [2m:[0;39m Step: [SEND_ASYNCHRONOUS_EVENTS_STEP] executed in 15ms
[2m2025-07-29 17:17:00.104[0;39m [32m- INFO[0;39m [35m614984[0;39m [32m[0;39m [        default] [2m---[0;39m [2m[duler1_Worker-7][0;39m [36mo.s.b.c.l.s.TaskExecutorJobLauncher     [0;39m [2m:[0;39m Job: [SimpleJob: [name=SEND_ASYNCHRONOUS_EVENTS]] completed with the following parameters: [{'run.id':'{value=52, type=class java.lang.Long, identifying=true}'}] and the following status: [COMPLETED] in 43ms
[2m2025-07-29 17:18:00.067[0;39m [32m- INFO[0;39m [35m614984[0;39m [32m[0;39m [        default] [2m---[0;39m [2m[duler1_Worker-3][0;39m [36mo.s.b.c.l.s.TaskExecutorJobLauncher     [0;39m [2m:[0;39m Job: [SimpleJob: [name=SEND_ASYNCHRONOUS_EVENTS]] launched with the following parameters: [{'run.id':'{value=53, type=class java.lang.Long, identifying=true}'}]
[2m2025-07-29 17:18:00.093[0;39m [32m- INFO[0;39m [35m614984[0;39m [32m[0;39m [        default] [2m---[0;39m [2m[duler1_Worker-3][0;39m [36mo.s.batch.core.job.SimpleStepHandler    [0;39m [2m:[0;39m Executing step: [SEND_ASYNCHRONOUS_EVENTS_STEP]
[2m2025-07-29 17:18:00.111[0;39m [32m- INFO[0;39m [35m614984[0;39m [32m[0;39m [        default] [2m---[0;39m [2m[duler1_Worker-3][0;39m [36mo.s.batch.core.step.AbstractStep        [0;39m [2m:[0;39m Step: [SEND_ASYNCHRONOUS_EVENTS_STEP] executed in 17ms
[2m2025-07-29 17:18:00.130[0;39m [32m- INFO[0;39m [35m614984[0;39m [32m[0;39m [        default] [2m---[0;39m [2m[duler1_Worker-3][0;39m [36mo.s.b.c.l.s.TaskExecutorJobLauncher     [0;39m [2m:[0;39m Job: [SimpleJob: [name=SEND_ASYNCHRONOUS_EVENTS]] completed with the following parameters: [{'run.id':'{value=53, type=class java.lang.Long, identifying=true}'}] and the following status: [COMPLETED] in 56ms
ESAPI: WARNING: System property [org.owasp.esapi.opsteam] is not set
ESAPI: WARNING: System property [org.owasp.esapi.devteam] is not set
ESAPI: Attempting to load ESAPI.properties via file I/O.
ESAPI: Attempting to load ESAPI.properties as resource file via file I/O.
ESAPI: Not found in 'org.owasp.esapi.resources' directory or file not readable: /home/linxford/Projects/edenbank/fineract/fineract-provider/ESAPI.properties
ESAPI: Not found in SystemResource Directory/resourceDirectory: .esapi/ESAPI.properties
ESAPI: Not found in 'user.home' (/home/linxford) directory: /home/linxford/esapi/ESAPI.properties
ESAPI: Loading ESAPI.properties via file I/O failed. Exception was: java.io.FileNotFoundException
ESAPI: Attempting to load ESAPI.properties via the classpath.
ESAPI: SUCCESSFULLY LOADED ESAPI.properties via the CLASSPATH from '/ (root)' using current thread context class loader!
ESAPI: SecurityConfiguration for Validator.ConfigurationFile.MultiValued not found in ESAPI.properties. Using default: false
ESAPI: Attempting to load validation.properties via file I/O.
ESAPI: Attempting to load validation.properties as resource file via file I/O.
ESAPI: Not found in 'org.owasp.esapi.resources' directory or file not readable: /home/linxford/Projects/edenbank/fineract/fineract-provider/validation.properties
ESAPI: Not found in SystemResource Directory/resourceDirectory: .esapi/validation.properties
ESAPI: Not found in 'user.home' (/home/linxford) directory: /home/linxford/esapi/validation.properties
ESAPI: Loading validation.properties via file I/O failed.
ESAPI: Attempting to load validation.properties via the classpath.
ESAPI: SUCCESSFULLY LOADED validation.properties via the CLASSPATH from '/ (root)' using current thread context class loader!
ESAPI: DefaultSecurityConfiguration: The code to print all the properties is currently commented out
ESAPI: Failed to read Log Prefix configuration Logger.LogPrefix. Defaulting to enabled. Caught org.owasp.esapi.errors.ConfigurationException; exception message was: org.owasp.esapi.errors.ConfigurationException: SecurityConfiguration for Logger.LogPrefix not found in ESAPI.properties
[2m2025-07-29 17:19:00.067[0;39m [32m- INFO[0;39m [35m614984[0;39m [32m[0;39m [        default] [2m---[0;39m [2m[duler1_Worker-6][0;39m [36mo.s.b.c.l.s.TaskExecutorJobLauncher     [0;39m [2m:[0;39m Job: [SimpleJob: [name=SEND_ASYNCHRONOUS_EVENTS]] launched with the following parameters: [{'run.id':'{value=54, type=class java.lang.Long, identifying=true}'}]
[2m2025-07-29 17:19:00.088[0;39m [32m- INFO[0;39m [35m614984[0;39m [32m[0;39m [        default] [2m---[0;39m [2m[duler1_Worker-6][0;39m [36mo.s.batch.core.job.SimpleStepHandler    [0;39m [2m:[0;39m Executing step: [SEND_ASYNCHRONOUS_EVENTS_STEP]
[2m2025-07-29 17:19:00.106[0;39m [32m- INFO[0;39m [35m614984[0;39m [32m[0;39m [        default] [2m---[0;39m [2m[duler1_Worker-6][0;39m [36mo.s.batch.core.step.AbstractStep        [0;39m [2m:[0;39m Step: [SEND_ASYNCHRONOUS_EVENTS_STEP] executed in 17ms
[2m2025-07-29 17:19:00.124[0;39m [32m- INFO[0;39m [35m614984[0;39m [32m[0;39m [        default] [2m---[0;39m [2m[duler1_Worker-6][0;39m [36mo.s.b.c.l.s.TaskExecutorJobLauncher     [0;39m [2m:[0;39m Job: [SimpleJob: [name=SEND_ASYNCHRONOUS_EVENTS]] completed with the following parameters: [{'run.id':'{value=54, type=class java.lang.Long, identifying=true}'}] and the following status: [COMPLETED] in 50ms
[2m2025-07-29 17:20:00.064[0;39m [32m- INFO[0;39m [35m614984[0;39m [32m[0;39m [        default] [2m---[0;39m [2m[duler1_Worker-2][0;39m [36mo.s.b.c.l.s.TaskExecutorJobLauncher     [0;39m [2m:[0;39m Job: [SimpleJob: [name=SEND_ASYNCHRONOUS_EVENTS]] launched with the following parameters: [{'run.id':'{value=55, type=class java.lang.Long, identifying=true}'}]
[2m2025-07-29 17:20:00.066[0;39m [32m- INFO[0;39m [35m614984[0;39m [32m[0;39m [        default] [2m---[0;39m [2m[duler1_Worker-5][0;39m [36mo.s.b.c.l.s.TaskExecutorJobLauncher     [0;39m [2m:[0;39m Job: [SimpleJob: [name=EXECUTE_EMAIL]] launched with the following parameters: [{'run.id':'{value=6, type=class java.lang.Long, identifying=true}'}]
[2m2025-07-29 17:20:00.084[0;39m [32m- INFO[0;39m [35m614984[0;39m [32m[0;39m [        default] [2m---[0;39m [2m[duler1_Worker-2][0;39m [36mo.s.batch.core.job.SimpleStepHandler    [0;39m [2m:[0;39m Executing step: [SEND_ASYNCHRONOUS_EVENTS_STEP]
[2m2025-07-29 17:20:00.089[0;39m [32m- INFO[0;39m [35m614984[0;39m [32m[0;39m [        default] [2m---[0;39m [2m[duler1_Worker-5][0;39m [36mo.s.batch.core.job.SimpleStepHandler    [0;39m [2m:[0;39m Executing step: [EXECUTE_EMAIL]
[2m2025-07-29 17:20:00.102[0;39m [32m- INFO[0;39m [35m614984[0;39m [32m[0;39m [        default] [2m---[0;39m [2m[duler1_Worker-2][0;39m [36mo.s.batch.core.step.AbstractStep        [0;39m [2m:[0;39m Step: [SEND_ASYNCHRONOUS_EVENTS_STEP] executed in 17ms
[2m2025-07-29 17:20:00.112[0;39m [32m- INFO[0;39m [35m614984[0;39m [32m[0;39m [        default] [2m---[0;39m [2m[duler1_Worker-5][0;39m [36mo.s.batch.core.step.AbstractStep        [0;39m [2m:[0;39m Step: [EXECUTE_EMAIL] executed in 22ms
[2m2025-07-29 17:20:00.122[0;39m [32m- INFO[0;39m [35m614984[0;39m [32m[0;39m [        default] [2m---[0;39m [2m[duler1_Worker-2][0;39m [36mo.s.b.c.l.s.TaskExecutorJobLauncher     [0;39m [2m:[0;39m Job: [SimpleJob: [name=SEND_ASYNCHRONOUS_EVENTS]] completed with the following parameters: [{'run.id':'{value=55, type=class java.lang.Long, identifying=true}'}] and the following status: [COMPLETED] in 49ms
[2m2025-07-29 17:20:00.132[0;39m [32m- INFO[0;39m [35m614984[0;39m [32m[0;39m [        default] [2m---[0;39m [2m[duler1_Worker-5][0;39m [36mo.s.b.c.l.s.TaskExecutorJobLauncher     [0;39m [2m:[0;39m Job: [SimpleJob: [name=EXECUTE_EMAIL]] completed with the following parameters: [{'run.id':'{value=6, type=class java.lang.Long, identifying=true}'}] and the following status: [COMPLETED] in 58ms
[2m2025-07-29 17:21:00.074[0;39m [32m- INFO[0;39m [35m614984[0;39m [32m[0;39m [        default] [2m---[0;39m [2m[duler1_Worker-1][0;39m [36mo.s.b.c.l.s.TaskExecutorJobLauncher     [0;39m [2m:[0;39m Job: [SimpleJob: [name=SEND_ASYNCHRONOUS_EVENTS]] launched with the following parameters: [{'run.id':'{value=56, type=class java.lang.Long, identifying=true}'}]
[2m2025-07-29 17:21:00.093[0;39m [32m- INFO[0;39m [35m614984[0;39m [32m[0;39m [        default] [2m---[0;39m [2m[duler1_Worker-1][0;39m [36mo.s.batch.core.job.SimpleStepHandler    [0;39m [2m:[0;39m Executing step: [SEND_ASYNCHRONOUS_EVENTS_STEP]
[2m2025-07-29 17:21:00.111[0;39m [32m- INFO[0;39m [35m614984[0;39m [32m[0;39m [        default] [2m---[0;39m [2m[duler1_Worker-1][0;39m [36mo.s.batch.core.step.AbstractStep        [0;39m [2m:[0;39m Step: [SEND_ASYNCHRONOUS_EVENTS_STEP] executed in 18ms
[2m2025-07-29 17:21:00.132[0;39m [32m- INFO[0;39m [35m614984[0;39m [32m[0;39m [        default] [2m---[0;39m [2m[duler1_Worker-1][0;39m [36mo.s.b.c.l.s.TaskExecutorJobLauncher     [0;39m [2m:[0;39m Job: [SimpleJob: [name=SEND_ASYNCHRONOUS_EVENTS]] completed with the following parameters: [{'run.id':'{value=56, type=class java.lang.Long, identifying=true}'}] and the following status: [COMPLETED] in 50ms
[2m2025-07-29 17:22:01.027[0;39m [32m- INFO[0;39m [35m614984[0;39m [32m[0;39m [        default] [2m---[0;39m [2m[duler1_Worker-4][0;39m [36mo.s.b.c.l.s.TaskExecutorJobLauncher     [0;39m [2m:[0;39m Job: [SimpleJob: [name=SEND_ASYNCHRONOUS_EVENTS]] launched with the following parameters: [{'run.id':'{value=57, type=class java.lang.Long, identifying=true}'}]
[2m2025-07-29 17:22:02.604[0;39m [32m- INFO[0;39m [35m614984[0;39m [32m[0;39m [        default] [2m---[0;39m [2m[duler1_Worker-4][0;39m [36mo.s.batch.core.job.SimpleStepHandler    [0;39m [2m:[0;39m Executing step: [SEND_ASYNCHRONOUS_EVENTS_STEP]
[2m2025-07-29 17:22:03.474[0;39m [32m- INFO[0;39m [35m614984[0;39m [32m[0;39m [        default] [2m---[0;39m [2m[duler1_Worker-4][0;39m [36mo.s.batch.core.step.AbstractStep        [0;39m [2m:[0;39m Step: [SEND_ASYNCHRONOUS_EVENTS_STEP] executed in 869ms
[2m2025-07-29 17:22:04.405[0;39m [32m- INFO[0;39m [35m614984[0;39m [32m[0;39m [        default] [2m---[0;39m [2m[duler1_Worker-4][0;39m [36mo.s.b.c.l.s.TaskExecutorJobLauncher     [0;39m [2m:[0;39m Job: [SimpleJob: [name=SEND_ASYNCHRONOUS_EVENTS]] completed with the following parameters: [{'run.id':'{value=57, type=class java.lang.Long, identifying=true}'}] and the following status: [COMPLETED] in 3s92ms
[2m2025-07-29 17:23:00.041[0;39m [32m- INFO[0;39m [35m614984[0;39m [32m[0;39m [        default] [2m---[0;39m [2m[duler1_Worker-7][0;39m [36mo.s.b.c.l.s.TaskExecutorJobLauncher     [0;39m [2m:[0;39m Job: [SimpleJob: [name=SEND_ASYNCHRONOUS_EVENTS]] launched with the following parameters: [{'run.id':'{value=58, type=class java.lang.Long, identifying=true}'}]
[2m2025-07-29 17:23:00.061[0;39m [32m- INFO[0;39m [35m614984[0;39m [32m[0;39m [        default] [2m---[0;39m [2m[duler1_Worker-7][0;39m [36mo.s.batch.core.job.SimpleStepHandler    [0;39m [2m:[0;39m Executing step: [SEND_ASYNCHRONOUS_EVENTS_STEP]
[2m2025-07-29 17:23:00.076[0;39m [32m- INFO[0;39m [35m614984[0;39m [32m[0;39m [        default] [2m---[0;39m [2m[duler1_Worker-7][0;39m [36mo.s.batch.core.step.AbstractStep        [0;39m [2m:[0;39m Step: [SEND_ASYNCHRONOUS_EVENTS_STEP] executed in 14ms
[2m2025-07-29 17:23:00.090[0;39m [32m- INFO[0;39m [35m614984[0;39m [32m[0;39m [        default] [2m---[0;39m [2m[duler1_Worker-7][0;39m [36mo.s.b.c.l.s.TaskExecutorJobLauncher     [0;39m [2m:[0;39m Job: [SimpleJob: [name=SEND_ASYNCHRONOUS_EVENTS]] completed with the following parameters: [{'run.id':'{value=58, type=class java.lang.Long, identifying=true}'}] and the following status: [COMPLETED] in 43ms
[2m2025-07-29 17:24:00.062[0;39m [32m- INFO[0;39m [35m614984[0;39m [32m[0;39m [        default] [2m---[0;39m [2m[duler1_Worker-3][0;39m [36mo.s.b.c.l.s.TaskExecutorJobLauncher     [0;39m [2m:[0;39m Job: [SimpleJob: [name=SEND_ASYNCHRONOUS_EVENTS]] launched with the following parameters: [{'run.id':'{value=59, type=class java.lang.Long, identifying=true}'}]
[2m2025-07-29 17:24:00.079[0;39m [32m- INFO[0;39m [35m614984[0;39m [32m[0;39m [        default] [2m---[0;39m [2m[duler1_Worker-3][0;39m [36mo.s.batch.core.job.SimpleStepHandler    [0;39m [2m:[0;39m Executing step: [SEND_ASYNCHRONOUS_EVENTS_STEP]
[2m2025-07-29 17:24:00.102[0;39m [32m- INFO[0;39m [35m614984[0;39m [32m[0;39m [        default] [2m---[0;39m [2m[duler1_Worker-3][0;39m [36mo.s.batch.core.step.AbstractStep        [0;39m [2m:[0;39m Step: [SEND_ASYNCHRONOUS_EVENTS_STEP] executed in 22ms
[2m2025-07-29 17:24:00.119[0;39m [32m- INFO[0;39m [35m614984[0;39m [32m[0;39m [        default] [2m---[0;39m [2m[duler1_Worker-3][0;39m [36mo.s.b.c.l.s.TaskExecutorJobLauncher     [0;39m [2m:[0;39m Job: [SimpleJob: [name=SEND_ASYNCHRONOUS_EVENTS]] completed with the following parameters: [{'run.id':'{value=59, type=class java.lang.Long, identifying=true}'}] and the following status: [COMPLETED] in 51ms
[2m2025-07-29 17:25:00.085[0;39m [32m- INFO[0;39m [35m614984[0;39m [32m[0;39m [        default] [2m---[0;39m [2m[duler1_Worker-6][0;39m [36mo.s.b.c.l.s.TaskExecutorJobLauncher     [0;39m [2m:[0;39m Job: [SimpleJob: [name=SEND_ASYNCHRONOUS_EVENTS]] launched with the following parameters: [{'run.id':'{value=60, type=class java.lang.Long, identifying=true}'}]
[2m2025-07-29 17:25:00.111[0;39m [32m- INFO[0;39m [35m614984[0;39m [32m[0;39m [        default] [2m---[0;39m [2m[duler1_Worker-6][0;39m [36mo.s.batch.core.job.SimpleStepHandler    [0;39m [2m:[0;39m Executing step: [SEND_ASYNCHRONOUS_EVENTS_STEP]
[2m2025-07-29 17:25:00.132[0;39m [32m- INFO[0;39m [35m614984[0;39m [32m[0;39m [        default] [2m---[0;39m [2m[duler1_Worker-6][0;39m [36mo.s.batch.core.step.AbstractStep        [0;39m [2m:[0;39m Step: [SEND_ASYNCHRONOUS_EVENTS_STEP] executed in 20ms
[2m2025-07-29 17:25:00.158[0;39m [32m- INFO[0;39m [35m614984[0;39m [32m[0;39m [        default] [2m---[0;39m [2m[duler1_Worker-6][0;39m [36mo.s.b.c.l.s.TaskExecutorJobLauncher     [0;39m [2m:[0;39m Job: [SimpleJob: [name=SEND_ASYNCHRONOUS_EVENTS]] completed with the following parameters: [{'run.id':'{value=60, type=class java.lang.Long, identifying=true}'}] and the following status: [COMPLETED] in 63ms
[2m2025-07-29 17:26:00.062[0;39m [32m- INFO[0;39m [35m614984[0;39m [32m[0;39m [        default] [2m---[0;39m [2m[duler1_Worker-2][0;39m [36mo.s.b.c.l.s.TaskExecutorJobLauncher     [0;39m [2m:[0;39m Job: [SimpleJob: [name=SEND_ASYNCHRONOUS_EVENTS]] launched with the following parameters: [{'run.id':'{value=61, type=class java.lang.Long, identifying=true}'}]
[2m2025-07-29 17:26:00.083[0;39m [32m- INFO[0;39m [35m614984[0;39m [32m[0;39m [        default] [2m---[0;39m [2m[duler1_Worker-2][0;39m [36mo.s.batch.core.job.SimpleStepHandler    [0;39m [2m:[0;39m Executing step: [SEND_ASYNCHRONOUS_EVENTS_STEP]
[2m2025-07-29 17:26:00.101[0;39m [32m- INFO[0;39m [35m614984[0;39m [32m[0;39m [        default] [2m---[0;39m [2m[duler1_Worker-2][0;39m [36mo.s.batch.core.step.AbstractStep        [0;39m [2m:[0;39m Step: [SEND_ASYNCHRONOUS_EVENTS_STEP] executed in 18ms
[2m2025-07-29 17:26:00.123[0;39m [32m- INFO[0;39m [35m614984[0;39m [32m[0;39m [        default] [2m---[0;39m [2m[duler1_Worker-2][0;39m [36mo.s.b.c.l.s.TaskExecutorJobLauncher     [0;39m [2m:[0;39m Job: [SimpleJob: [name=SEND_ASYNCHRONOUS_EVENTS]] completed with the following parameters: [{'run.id':'{value=61, type=class java.lang.Long, identifying=true}'}] and the following status: [COMPLETED] in 53ms
[2m2025-07-29 17:27:00.050[0;39m [32m- INFO[0;39m [35m614984[0;39m [32m[0;39m [        default] [2m---[0;39m [2m[duler1_Worker-5][0;39m [36mo.s.b.c.l.s.TaskExecutorJobLauncher     [0;39m [2m:[0;39m Job: [SimpleJob: [name=SEND_ASYNCHRONOUS_EVENTS]] launched with the following parameters: [{'run.id':'{value=62, type=class java.lang.Long, identifying=true}'}]
[2m2025-07-29 17:27:00.067[0;39m [32m- INFO[0;39m [35m614984[0;39m [32m[0;39m [        default] [2m---[0;39m [2m[duler1_Worker-5][0;39m [36mo.s.batch.core.job.SimpleStepHandler    [0;39m [2m:[0;39m Executing step: [SEND_ASYNCHRONOUS_EVENTS_STEP]
[2m2025-07-29 17:27:00.081[0;39m [32m- INFO[0;39m [35m614984[0;39m [32m[0;39m [        default] [2m---[0;39m [2m[duler1_Worker-5][0;39m [36mo.s.batch.core.step.AbstractStep        [0;39m [2m:[0;39m Step: [SEND_ASYNCHRONOUS_EVENTS_STEP] executed in 14ms
[2m2025-07-29 17:27:00.093[0;39m [32m- INFO[0;39m [35m614984[0;39m [32m[0;39m [        default] [2m---[0;39m [2m[duler1_Worker-5][0;39m [36mo.s.b.c.l.s.TaskExecutorJobLauncher     [0;39m [2m:[0;39m Job: [SimpleJob: [name=SEND_ASYNCHRONOUS_EVENTS]] completed with the following parameters: [{'run.id':'{value=62, type=class java.lang.Long, identifying=true}'}] and the following status: [COMPLETED] in 38ms
[2m2025-07-29 17:28:00.116[0;39m [32m- INFO[0;39m [35m614984[0;39m [32m[0;39m [        default] [2m---[0;39m [2m[duler1_Worker-1][0;39m [36mo.s.b.c.l.s.TaskExecutorJobLauncher     [0;39m [2m:[0;39m Job: [SimpleJob: [name=SEND_ASYNCHRONOUS_EVENTS]] launched with the following parameters: [{'run.id':'{value=63, type=class java.lang.Long, identifying=true}'}]
[2m2025-07-29 17:28:00.136[0;39m [32m- INFO[0;39m [35m614984[0;39m [32m[0;39m [        default] [2m---[0;39m [2m[duler1_Worker-1][0;39m [36mo.s.batch.core.job.SimpleStepHandler    [0;39m [2m:[0;39m Executing step: [SEND_ASYNCHRONOUS_EVENTS_STEP]
[2m2025-07-29 17:28:00.156[0;39m [32m- INFO[0;39m [35m614984[0;39m [32m[0;39m [        default] [2m---[0;39m [2m[duler1_Worker-1][0;39m [36mo.s.batch.core.step.AbstractStep        [0;39m [2m:[0;39m Step: [SEND_ASYNCHRONOUS_EVENTS_STEP] executed in 18ms
[2m2025-07-29 17:28:00.175[0;39m [32m- INFO[0;39m [35m614984[0;39m [32m[0;39m [        default] [2m---[0;39m [2m[duler1_Worker-1][0;39m [36mo.s.b.c.l.s.TaskExecutorJobLauncher     [0;39m [2m:[0;39m Job: [SimpleJob: [name=SEND_ASYNCHRONOUS_EVENTS]] completed with the following parameters: [{'run.id':'{value=63, type=class java.lang.Long, identifying=true}'}] and the following status: [COMPLETED] in 50ms
[2m2025-07-29 17:29:00.052[0;39m [32m- INFO[0;39m [35m614984[0;39m [32m[0;39m [        default] [2m---[0;39m [2m[duler1_Worker-4][0;39m [36mo.s.b.c.l.s.TaskExecutorJobLauncher     [0;39m [2m:[0;39m Job: [SimpleJob: [name=SEND_ASYNCHRONOUS_EVENTS]] launched with the following parameters: [{'run.id':'{value=64, type=class java.lang.Long, identifying=true}'}]
[2m2025-07-29 17:29:00.070[0;39m [32m- INFO[0;39m [35m614984[0;39m [32m[0;39m [        default] [2m---[0;39m [2m[duler1_Worker-4][0;39m [36mo.s.batch.core.job.SimpleStepHandler    [0;39m [2m:[0;39m Executing step: [SEND_ASYNCHRONOUS_EVENTS_STEP]
[2m2025-07-29 17:29:00.081[0;39m [32m- INFO[0;39m [35m614984[0;39m [32m[0;39m [        default] [2m---[0;39m [2m[duler1_Worker-4][0;39m [36mo.s.batch.core.step.AbstractStep        [0;39m [2m:[0;39m Step: [SEND_ASYNCHRONOUS_EVENTS_STEP] executed in 11ms
[2m2025-07-29 17:29:00.095[0;39m [32m- INFO[0;39m [35m614984[0;39m [32m[0;39m [        default] [2m---[0;39m [2m[duler1_Worker-4][0;39m [36mo.s.b.c.l.s.TaskExecutorJobLauncher     [0;39m [2m:[0;39m Job: [SimpleJob: [name=SEND_ASYNCHRONOUS_EVENTS]] completed with the following parameters: [{'run.id':'{value=64, type=class java.lang.Long, identifying=true}'}] and the following status: [COMPLETED] in 38ms
[2m2025-07-29 17:30:00.067[0;39m [32m- INFO[0;39m [35m614984[0;39m [32m[0;39m [        default] [2m---[0;39m [2m[duler1_Worker-7][0;39m [36mo.s.b.c.l.s.TaskExecutorJobLauncher     [0;39m [2m:[0;39m Job: [SimpleJob: [name=EXECUTE_EMAIL]] launched with the following parameters: [{'run.id':'{value=7, type=class java.lang.Long, identifying=true}'}]
[2m2025-07-29 17:30:00.076[0;39m [32m- INFO[0;39m [35m614984[0;39m [32m[0;39m [        default] [2m---[0;39m [2m[duler1_Worker-6][0;39m [36mo.s.b.c.l.s.TaskExecutorJobLauncher     [0;39m [2m:[0;39m Job: [SimpleJob: [name=SEND_ASYNCHRONOUS_EVENTS]] launched with the following parameters: [{'run.id':'{value=65, type=class java.lang.Long, identifying=true}'}]
[2m2025-07-29 17:30:00.077[0;39m [32m- INFO[0;39m [35m614984[0;39m [32m[0;39m [        default] [2m---[0;39m [2m[duler1_Worker-3][0;39m [36mo.s.b.c.l.s.TaskExecutorJobLauncher     [0;39m [2m:[0;39m Job: [SimpleJob: [name=EXECUTE_REPORT_MAILING_JOBS]] launched with the following parameters: [{'run.id':'{value=5, type=class java.lang.Long, identifying=true}'}]
[2m2025-07-29 17:30:00.082[0;39m [32m- INFO[0;39m [35m614984[0;39m [32m[0;39m [        default] [2m---[0;39m [2m[duler1_Worker-2][0;39m [36mo.s.b.c.l.s.TaskExecutorJobLauncher     [0;39m [2m:[0;39m Job: [SimpleJob: [name=UPDATE_EMAIL_OUTBOUND_WITH_CAMPAIGN_MESSAGE]] launched with the following parameters: [{'run.id':'{value=5, type=class java.lang.Long, identifying=true}'}]
[2m2025-07-29 17:30:00.096[0;39m [32m- INFO[0;39m [35m614984[0;39m [32m[0;39m [        default] [2m---[0;39m [2m[duler1_Worker-7][0;39m [36mo.s.batch.core.job.SimpleStepHandler    [0;39m [2m:[0;39m Executing step: [EXECUTE_EMAIL]
[2m2025-07-29 17:30:00.098[0;39m [32m- INFO[0;39m [35m614984[0;39m [32m[0;39m [        default] [2m---[0;39m [2m[duler1_Worker-6][0;39m [36mo.s.batch.core.job.SimpleStepHandler    [0;39m [2m:[0;39m Executing step: [SEND_ASYNCHRONOUS_EVENTS_STEP]
[2m2025-07-29 17:30:00.103[0;39m [32m- INFO[0;39m [35m614984[0;39m [32m[0;39m [        default] [2m---[0;39m [2m[duler1_Worker-2][0;39m [36mo.s.batch.core.job.SimpleStepHandler    [0;39m [2m:[0;39m Executing step: [UPDATE_EMAIL_OUTBOUND_WITH_CAMPAIGN_MESSAGE]
[2m2025-07-29 17:30:00.108[0;39m [32m- INFO[0;39m [35m614984[0;39m [32m[0;39m [        default] [2m---[0;39m [2m[duler1_Worker-3][0;39m [36mo.s.batch.core.job.SimpleStepHandler    [0;39m [2m:[0;39m Executing step: [EXECUTE_REPORT_MAILING_JOBS]
[2m2025-07-29 17:30:00.115[0;39m [32m- INFO[0;39m [35m614984[0;39m [32m[0;39m [        default] [2m---[0;39m [2m[duler1_Worker-7][0;39m [36mo.s.batch.core.step.AbstractStep        [0;39m [2m:[0;39m Step: [EXECUTE_EMAIL] executed in 19ms
[2m2025-07-29 17:30:00.119[0;39m [32m- INFO[0;39m [35m614984[0;39m [32m[0;39m [        default] [2m---[0;39m [2m[duler1_Worker-6][0;39m [36mo.s.batch.core.step.AbstractStep        [0;39m [2m:[0;39m Step: [SEND_ASYNCHRONOUS_EVENTS_STEP] executed in 21ms
[2m2025-07-29 17:30:00.128[0;39m [32m- INFO[0;39m [35m614984[0;39m [32m[0;39m [        default] [2m---[0;39m [2m[duler1_Worker-3][0;39m [36mo.s.batch.core.step.AbstractStep        [0;39m [2m:[0;39m Step: [EXECUTE_REPORT_MAILING_JOBS] executed in 20ms
[2m2025-07-29 17:30:00.130[0;39m [32m- INFO[0;39m [35m614984[0;39m [32m[0;39m [        default] [2m---[0;39m [2m[duler1_Worker-2][0;39m [36mo.s.batch.core.step.AbstractStep        [0;39m [2m:[0;39m Step: [UPDATE_EMAIL_OUTBOUND_WITH_CAMPAIGN_MESSAGE] executed in 27ms
[2m2025-07-29 17:30:00.134[0;39m [32m- INFO[0;39m [35m614984[0;39m [32m[0;39m [        default] [2m---[0;39m [2m[duler1_Worker-7][0;39m [36mo.s.b.c.l.s.TaskExecutorJobLauncher     [0;39m [2m:[0;39m Job: [SimpleJob: [name=EXECUTE_EMAIL]] completed with the following parameters: [{'run.id':'{value=7, type=class java.lang.Long, identifying=true}'}] and the following status: [COMPLETED] in 61ms
[2m2025-07-29 17:30:00.139[0;39m [32m- INFO[0;39m [35m614984[0;39m [32m[0;39m [        default] [2m---[0;39m [2m[duler1_Worker-6][0;39m [36mo.s.b.c.l.s.TaskExecutorJobLauncher     [0;39m [2m:[0;39m Job: [SimpleJob: [name=SEND_ASYNCHRONOUS_EVENTS]] completed with the following parameters: [{'run.id':'{value=65, type=class java.lang.Long, identifying=true}'}] and the following status: [COMPLETED] in 56ms
[2m2025-07-29 17:30:00.147[0;39m [32m- INFO[0;39m [35m614984[0;39m [32m[0;39m [        default] [2m---[0;39m [2m[duler1_Worker-3][0;39m [36mo.s.b.c.l.s.TaskExecutorJobLauncher     [0;39m [2m:[0;39m Job: [SimpleJob: [name=EXECUTE_REPORT_MAILING_JOBS]] completed with the following parameters: [{'run.id':'{value=5, type=class java.lang.Long, identifying=true}'}] and the following status: [COMPLETED] in 63ms
[2m2025-07-29 17:30:00.151[0;39m [32m- INFO[0;39m [35m614984[0;39m [32m[0;39m [        default] [2m---[0;39m [2m[duler1_Worker-2][0;39m [36mo.s.b.c.l.s.TaskExecutorJobLauncher     [0;39m [2m:[0;39m Job: [SimpleJob: [name=UPDATE_EMAIL_OUTBOUND_WITH_CAMPAIGN_MESSAGE]] completed with the following parameters: [{'run.id':'{value=5, type=class java.lang.Long, identifying=true}'}] and the following status: [COMPLETED] in 61ms
[2m2025-07-29 17:31:00.057[0;39m [32m- INFO[0;39m [35m614984[0;39m [32m[0;39m [        default] [2m---[0;39m [2m[duler1_Worker-5][0;39m [36mo.s.b.c.l.s.TaskExecutorJobLauncher     [0;39m [2m:[0;39m Job: [SimpleJob: [name=SEND_ASYNCHRONOUS_EVENTS]] launched with the following parameters: [{'run.id':'{value=66, type=class java.lang.Long, identifying=true}'}]
[2m2025-07-29 17:31:00.081[0;39m [32m- INFO[0;39m [35m614984[0;39m [32m[0;39m [        default] [2m---[0;39m [2m[duler1_Worker-5][0;39m [36mo.s.batch.core.job.SimpleStepHandler    [0;39m [2m:[0;39m Executing step: [SEND_ASYNCHRONOUS_EVENTS_STEP]
[2m2025-07-29 17:31:00.099[0;39m [32m- INFO[0;39m [35m614984[0;39m [32m[0;39m [        default] [2m---[0;39m [2m[duler1_Worker-5][0;39m [36mo.s.batch.core.step.AbstractStep        [0;39m [2m:[0;39m Step: [SEND_ASYNCHRONOUS_EVENTS_STEP] executed in 17ms
[2m2025-07-29 17:31:00.116[0;39m [32m- INFO[0;39m [35m614984[0;39m [32m[0;39m [        default] [2m---[0;39m [2m[duler1_Worker-5][0;39m [36mo.s.b.c.l.s.TaskExecutorJobLauncher     [0;39m [2m:[0;39m Job: [SimpleJob: [name=SEND_ASYNCHRONOUS_EVENTS]] completed with the following parameters: [{'run.id':'{value=66, type=class java.lang.Long, identifying=true}'}] and the following status: [COMPLETED] in 53ms
[2m2025-07-29 17:32:00.061[0;39m [32m- INFO[0;39m [35m614984[0;39m [32m[0;39m [        default] [2m---[0;39m [2m[duler1_Worker-1][0;39m [36mo.s.b.c.l.s.TaskExecutorJobLauncher     [0;39m [2m:[0;39m Job: [SimpleJob: [name=SEND_ASYNCHRONOUS_EVENTS]] launched with the following parameters: [{'run.id':'{value=67, type=class java.lang.Long, identifying=true}'}]
[2m2025-07-29 17:32:00.076[0;39m [32m- INFO[0;39m [35m614984[0;39m [32m[0;39m [        default] [2m---[0;39m [2m[duler1_Worker-1][0;39m [36mo.s.batch.core.job.SimpleStepHandler    [0;39m [2m:[0;39m Executing step: [SEND_ASYNCHRONOUS_EVENTS_STEP]
[2m2025-07-29 17:32:00.091[0;39m [32m- INFO[0;39m [35m614984[0;39m [32m[0;39m [        default] [2m---[0;39m [2m[duler1_Worker-1][0;39m [36mo.s.batch.core.step.AbstractStep        [0;39m [2m:[0;39m Step: [SEND_ASYNCHRONOUS_EVENTS_STEP] executed in 15ms
[2m2025-07-29 17:32:00.109[0;39m [32m- INFO[0;39m [35m614984[0;39m [32m[0;39m [        default] [2m---[0;39m [2m[duler1_Worker-1][0;39m [36mo.s.b.c.l.s.TaskExecutorJobLauncher     [0;39m [2m:[0;39m Job: [SimpleJob: [name=SEND_ASYNCHRONOUS_EVENTS]] completed with the following parameters: [{'run.id':'{value=67, type=class java.lang.Long, identifying=true}'}] and the following status: [COMPLETED] in 42ms
[2m2025-07-29 17:33:00.064[0;39m [32m- INFO[0;39m [35m614984[0;39m [32m[0;39m [        default] [2m---[0;39m [2m[duler1_Worker-4][0;39m [36mo.s.b.c.l.s.TaskExecutorJobLauncher     [0;39m [2m:[0;39m Job: [SimpleJob: [name=SEND_ASYNCHRONOUS_EVENTS]] launched with the following parameters: [{'run.id':'{value=68, type=class java.lang.Long, identifying=true}'}]
[2m2025-07-29 17:33:00.087[0;39m [32m- INFO[0;39m [35m614984[0;39m [32m[0;39m [        default] [2m---[0;39m [2m[duler1_Worker-4][0;39m [36mo.s.batch.core.job.SimpleStepHandler    [0;39m [2m:[0;39m Executing step: [SEND_ASYNCHRONOUS_EVENTS_STEP]
[2m2025-07-29 17:33:00.107[0;39m [32m- INFO[0;39m [35m614984[0;39m [32m[0;39m [        default] [2m---[0;39m [2m[duler1_Worker-4][0;39m [36mo.s.batch.core.step.AbstractStep        [0;39m [2m:[0;39m Step: [SEND_ASYNCHRONOUS_EVENTS_STEP] executed in 19ms
[2m2025-07-29 17:33:00.126[0;39m [32m- INFO[0;39m [35m614984[0;39m [32m[0;39m [        default] [2m---[0;39m [2m[duler1_Worker-4][0;39m [36mo.s.b.c.l.s.TaskExecutorJobLauncher     [0;39m [2m:[0;39m Job: [SimpleJob: [name=SEND_ASYNCHRONOUS_EVENTS]] completed with the following parameters: [{'run.id':'{value=68, type=class java.lang.Long, identifying=true}'}] and the following status: [COMPLETED] in 55ms
[2m2025-07-29 17:34:00.062[0;39m [32m- INFO[0;39m [35m614984[0;39m [32m[0;39m [        default] [2m---[0;39m [2m[duler1_Worker-7][0;39m [36mo.s.b.c.l.s.TaskExecutorJobLauncher     [0;39m [2m:[0;39m Job: [SimpleJob: [name=SEND_ASYNCHRONOUS_EVENTS]] launched with the following parameters: [{'run.id':'{value=69, type=class java.lang.Long, identifying=true}'}]
[2m2025-07-29 17:34:00.092[0;39m [32m- INFO[0;39m [35m614984[0;39m [32m[0;39m [        default] [2m---[0;39m [2m[duler1_Worker-7][0;39m [36mo.s.batch.core.job.SimpleStepHandler    [0;39m [2m:[0;39m Executing step: [SEND_ASYNCHRONOUS_EVENTS_STEP]
[2m2025-07-29 17:34:00.116[0;39m [32m- INFO[0;39m [35m614984[0;39m [32m[0;39m [        default] [2m---[0;39m [2m[duler1_Worker-7][0;39m [36mo.s.batch.core.step.AbstractStep        [0;39m [2m:[0;39m Step: [SEND_ASYNCHRONOUS_EVENTS_STEP] executed in 23ms
[2m2025-07-29 17:34:00.138[0;39m [32m- INFO[0;39m [35m614984[0;39m [32m[0;39m [        default] [2m---[0;39m [2m[duler1_Worker-7][0;39m [36mo.s.b.c.l.s.TaskExecutorJobLauncher     [0;39m [2m:[0;39m Job: [SimpleJob: [name=SEND_ASYNCHRONOUS_EVENTS]] completed with the following parameters: [{'run.id':'{value=69, type=class java.lang.Long, identifying=true}'}] and the following status: [COMPLETED] in 66ms
[2m2025-07-29 17:35:00.085[0;39m [32m- INFO[0;39m [35m614984[0;39m [32m[0;39m [        default] [2m---[0;39m [2m[duler1_Worker-6][0;39m [36mo.s.b.c.l.s.TaskExecutorJobLauncher     [0;39m [2m:[0;39m Job: [SimpleJob: [name=SEND_ASYNCHRONOUS_EVENTS]] launched with the following parameters: [{'run.id':'{value=70, type=class java.lang.Long, identifying=true}'}]
[2m2025-07-29 17:35:00.108[0;39m [32m- INFO[0;39m [35m614984[0;39m [32m[0;39m [        default] [2m---[0;39m [2m[duler1_Worker-6][0;39m [36mo.s.batch.core.job.SimpleStepHandler    [0;39m [2m:[0;39m Executing step: [SEND_ASYNCHRONOUS_EVENTS_STEP]
[2m2025-07-29 17:35:00.128[0;39m [32m- INFO[0;39m [35m614984[0;39m [32m[0;39m [        default] [2m---[0;39m [2m[duler1_Worker-6][0;39m [36mo.s.batch.core.step.AbstractStep        [0;39m [2m:[0;39m Step: [SEND_ASYNCHRONOUS_EVENTS_STEP] executed in 19ms
[2m2025-07-29 17:35:00.146[0;39m [32m- INFO[0;39m [35m614984[0;39m [32m[0;39m [        default] [2m---[0;39m [2m[duler1_Worker-6][0;39m [36mo.s.b.c.l.s.TaskExecutorJobLauncher     [0;39m [2m:[0;39m Job: [SimpleJob: [name=SEND_ASYNCHRONOUS_EVENTS]] completed with the following parameters: [{'run.id':'{value=70, type=class java.lang.Long, identifying=true}'}] and the following status: [COMPLETED] in 53ms
[2m2025-07-29 17:36:00.065[0;39m [32m- INFO[0;39m [35m614984[0;39m [32m[0;39m [        default] [2m---[0;39m [2m[duler1_Worker-3][0;39m [36mo.s.b.c.l.s.TaskExecutorJobLauncher     [0;39m [2m:[0;39m Job: [SimpleJob: [name=SEND_ASYNCHRONOUS_EVENTS]] launched with the following parameters: [{'run.id':'{value=71, type=class java.lang.Long, identifying=true}'}]
[2m2025-07-29 17:36:00.086[0;39m [32m- INFO[0;39m [35m614984[0;39m [32m[0;39m [        default] [2m---[0;39m [2m[duler1_Worker-3][0;39m [36mo.s.batch.core.job.SimpleStepHandler    [0;39m [2m:[0;39m Executing step: [SEND_ASYNCHRONOUS_EVENTS_STEP]
[2m2025-07-29 17:36:00.104[0;39m [32m- INFO[0;39m [35m614984[0;39m [32m[0;39m [        default] [2m---[0;39m [2m[duler1_Worker-3][0;39m [36mo.s.batch.core.step.AbstractStep        [0;39m [2m:[0;39m Step: [SEND_ASYNCHRONOUS_EVENTS_STEP] executed in 17ms
[2m2025-07-29 17:36:00.125[0;39m [32m- INFO[0;39m [35m614984[0;39m [32m[0;39m [        default] [2m---[0;39m [2m[duler1_Worker-3][0;39m [36mo.s.b.c.l.s.TaskExecutorJobLauncher     [0;39m [2m:[0;39m Job: [SimpleJob: [name=SEND_ASYNCHRONOUS_EVENTS]] completed with the following parameters: [{'run.id':'{value=71, type=class java.lang.Long, identifying=true}'}] and the following status: [COMPLETED] in 51ms
[2m2025-07-29 17:37:00.059[0;39m [32m- INFO[0;39m [35m614984[0;39m [32m[0;39m [        default] [2m---[0;39m [2m[duler1_Worker-2][0;39m [36mo.s.b.c.l.s.TaskExecutorJobLauncher     [0;39m [2m:[0;39m Job: [SimpleJob: [name=SEND_ASYNCHRONOUS_EVENTS]] launched with the following parameters: [{'run.id':'{value=72, type=class java.lang.Long, identifying=true}'}]
[2m2025-07-29 17:37:00.080[0;39m [32m- INFO[0;39m [35m614984[0;39m [32m[0;39m [        default] [2m---[0;39m [2m[duler1_Worker-2][0;39m [36mo.s.batch.core.job.SimpleStepHandler    [0;39m [2m:[0;39m Executing step: [SEND_ASYNCHRONOUS_EVENTS_STEP]
[2m2025-07-29 17:37:00.097[0;39m [32m- INFO[0;39m [35m614984[0;39m [32m[0;39m [        default] [2m---[0;39m [2m[duler1_Worker-2][0;39m [36mo.s.batch.core.step.AbstractStep        [0;39m [2m:[0;39m Step: [SEND_ASYNCHRONOUS_EVENTS_STEP] executed in 16ms
[2m2025-07-29 17:37:00.117[0;39m [32m- INFO[0;39m [35m614984[0;39m [32m[0;39m [        default] [2m---[0;39m [2m[duler1_Worker-2][0;39m [36mo.s.b.c.l.s.TaskExecutorJobLauncher     [0;39m [2m:[0;39m Job: [SimpleJob: [name=SEND_ASYNCHRONOUS_EVENTS]] completed with the following parameters: [{'run.id':'{value=72, type=class java.lang.Long, identifying=true}'}] and the following status: [COMPLETED] in 50ms
[2m2025-07-29 18:47:56.852[0;39m [31m-ERROR[0;39m [35m614984[0;39m [31m[0;39m [      no-tenant] [2m---[0;39m [2m[SchedulerThread][0;39m [36mo.a.f.i.j.s.SchedulerTriggerListener    [0;39m [2m:[0;39m triggerMisfired() trigger=Trigger 'DEFAULT.Update Non Performing AssetsTrigger1':  triggerClass: 'org.quartz.impl.triggers.CronTriggerImpl calendar: 'null' misfireInstruction: 0 nextFireTime: Tue Jul 29 18:30:00 UTC 2025
[2m2025-07-29 18:47:56.858[0;39m [31m-ERROR[0;39m [35m614984[0;39m [31m[0;39m [      no-tenant] [2m---[0;39m [2m[SchedulerThread][0;39m [36mo.a.f.i.j.s.SchedulerTriggerListener    [0;39m [2m:[0;39m triggerMisfired() trigger=Trigger 'DEFAULT.Add Accrual Transactions For Loans With Income Posted As TransactionsTrigger1':  triggerClass: 'org.quartz.impl.triggers.CronTriggerImpl calendar: 'null' misfireInstruction: 0 nextFireTime: Tue Jul 29 18:31:00 UTC 2025
[2m2025-07-29 18:47:56.858[0;39m [31m-ERROR[0;39m [35m614984[0;39m [31m[0;39m [      no-tenant] [2m---[0;39m [2m[SchedulerThread][0;39m [36mo.a.f.i.j.s.SchedulerTriggerListener    [0;39m [2m:[0;39m triggerMisfired() trigger=Trigger 'DEFAULT.Recalculate Interest For LoansTrigger1':  triggerClass: 'org.quartz.impl.triggers.CronTriggerImpl calendar: 'null' misfireInstruction: 0 nextFireTime: Tue Jul 29 18:31:00 UTC 2025
[2m2025-07-29 18:47:56.859[0;39m [31m-ERROR[0;39m [35m614984[0;39m [31m[0;39m [      no-tenant] [2m---[0;39m [2m[SchedulerThread][0;39m [36mo.a.f.i.j.s.SchedulerTriggerListener    [0;39m [2m:[0;39m triggerMisfired() trigger=Trigger 'DEFAULT.Add Accrual TransactionsTrigger1':  triggerClass: 'org.quartz.impl.triggers.CronTriggerImpl calendar: 'null' misfireInstruction: 0 nextFireTime: Tue Jul 29 18:31:00 UTC 2025
[2m2025-07-29 18:47:56.859[0;39m [31m-ERROR[0;39m [35m614984[0;39m [31m[0;39m [      no-tenant] [2m---[0;39m [2m[SchedulerThread][0;39m [36mo.a.f.i.j.s.SchedulerTriggerListener    [0;39m [2m:[0;39m triggerMisfired() trigger=Trigger 'DEFAULT.Add Periodic Accrual TransactionsTrigger1':  triggerClass: 'org.quartz.impl.triggers.CronTriggerImpl calendar: 'null' misfireInstruction: 0 nextFireTime: Tue Jul 29 18:32:00 UTC 2025
[2m2025-07-29 18:47:58.003[0;39m [32m- INFO[0;39m [35m614984[0;39m [32m[0;39m [        default] [2m---[0;39m [2m[group3_Worker-1][0;39m [36mo.s.b.c.l.s.TaskExecutorJobLauncher     [0;39m [2m:[0;39m Job: [SimpleJob: [name=UPDATE_NPA]] launched with the following parameters: [{'run.id':'{value=1, type=class java.lang.Long, identifying=true}'}]
[2m2025-07-29 18:47:58.892[0;39m [31m-ERROR[0;39m [35m614984[0;39m [31m[0;39m [      no-tenant] [2m---[0;39m [2m[SchedulerThread][0;39m [36mo.a.f.i.j.s.SchedulerTriggerListener    [0;39m [2m:[0;39m triggerMisfired() trigger=Trigger 'DEFAULT.Post Interest For SavingsTrigger1':  triggerClass: 'org.quartz.impl.triggers.CronTriggerImpl calendar: 'null' misfireInstruction: 0 nextFireTime: Tue Jul 29 18:30:00 UTC 2025
[2m2025-07-29 18:47:58.893[0;39m [31m-ERROR[0;39m [35m614984[0;39m [31m[0;39m [      no-tenant] [2m---[0;39m [2m[SchedulerThread][0;39m [36mo.a.f.i.j.s.SchedulerTriggerListener    [0;39m [2m:[0;39m triggerMisfired() trigger=Trigger 'DEFAULT.Update Savings Dormant AccountsTrigger1':  triggerClass: 'org.quartz.impl.triggers.CronTriggerImpl calendar: 'null' misfireInstruction: 0 nextFireTime: Tue Jul 29 18:30:00 UTC 2025
[2m2025-07-29 18:47:58.893[0;39m [31m-ERROR[0;39m [35m614984[0;39m [31m[0;39m [      no-tenant] [2m---[0;39m [2m[SchedulerThread][0;39m [36mo.a.f.i.j.s.SchedulerTriggerListener    [0;39m [2m:[0;39m triggerMisfired() trigger=Trigger 'DEFAULT.Transfer Interest To SavingsTrigger1':  triggerClass: 'org.quartz.impl.triggers.CronTriggerImpl calendar: 'null' misfireInstruction: 0 nextFireTime: Tue Jul 29 18:32:00 UTC 2025
[2m2025-07-29 18:47:58.938[0;39m [32m- INFO[0;39m [35m614984[0;39m [32m[0;39m [        default] [2m---[0;39m [2m[group3_Worker-1][0;39m [36mo.s.batch.core.job.SimpleStepHandler    [0;39m [2m:[0;39m Executing step: [UPDATE_NPA]
[2m2025-07-29 18:48:02.039[0;39m [32m- INFO[0;39m [35m614984[0;39m [32m[0;39m [        default] [2m---[0;39m [2m[group3_Worker-1][0;39m [36mo.s.batch.core.step.AbstractStep        [0;39m [2m:[0;39m Step: [UPDATE_NPA] executed in 3s100ms
[2m2025-07-29 18:48:04.142[0;39m [32m- INFO[0;39m [35m614984[0;39m [32m[0;39m [        default] [2m---[0;39m [2m[group1_Worker-1][0;39m [36mo.s.b.c.l.s.TaskExecutorJobLauncher     [0;39m [2m:[0;39m Job: [SimpleJob: [name=POST_INTEREST_FOR_SAVINGS]] launched with the following parameters: [{'batch-size':'{value=100, type=class java.lang.String, identifying=true}','run.id':'{value=1, type=class java.lang.Long, identifying=true}','thread-pool-size':'{value=10, type=class java.lang.String, identifying=true}'}]
[2m2025-07-29 18:48:06.753[0;39m [32m- INFO[0;39m [35m614984[0;39m [32m[0;39m [        default] [2m---[0;39m [2m[group3_Worker-1][0;39m [36mo.s.b.c.l.s.TaskExecutorJobLauncher     [0;39m [2m:[0;39m Job: [SimpleJob: [name=UPDATE_NPA]] completed with the following parameters: [{'run.id':'{value=1, type=class java.lang.Long, identifying=true}'}] and the following status: [COMPLETED] in 8s178ms
[2m2025-07-29 18:48:06.962[0;39m [32m- INFO[0;39m [35m614984[0;39m [32m[0;39m [        default] [2m---[0;39m [2m[group1_Worker-1][0;39m [36mo.s.batch.core.job.SimpleStepHandler    [0;39m [2m:[0;39m Executing step: [POST_INTEREST_FOR_SAVINGS]
[2m2025-07-29 18:48:07.414[0;39m [31m-ERROR[0;39m [35m614984[0;39m [31m[0;39m [      no-tenant] [2m---[0;39m [2m[SchedulerThread][0;39m [36mo.a.f.i.j.s.SchedulerTriggerListener    [0;39m [2m:[0;39m triggerMisfired() trigger=Trigger 'DEFAULT.Add Accrual Transactions For Loans With Income Posted As TransactionsTrigger1':  triggerClass: 'org.quartz.impl.triggers.CronTriggerImpl calendar: 'null' misfireInstruction: 0 nextFireTime: Tue Jul 29 18:47:56 UTC 2025
[2m2025-07-29 18:48:07.414[0;39m [31m-ERROR[0;39m [35m614984[0;39m [31m[0;39m [      no-tenant] [2m---[0;39m [2m[SchedulerThread][0;39m [36mo.a.f.i.j.s.SchedulerTriggerListener    [0;39m [2m:[0;39m triggerMisfired() trigger=Trigger 'DEFAULT.Recalculate Interest For LoansTrigger1':  triggerClass: 'org.quartz.impl.triggers.CronTriggerImpl calendar: 'null' misfireInstruction: 0 nextFireTime: Tue Jul 29 18:47:56 UTC 2025
[2m2025-07-29 18:48:07.414[0;39m [31m-ERROR[0;39m [35m614984[0;39m [31m[0;39m [      no-tenant] [2m---[0;39m [2m[SchedulerThread][0;39m [36mo.a.f.i.j.s.SchedulerTriggerListener    [0;39m [2m:[0;39m triggerMisfired() trigger=Trigger 'DEFAULT.Add Accrual TransactionsTrigger1':  triggerClass: 'org.quartz.impl.triggers.CronTriggerImpl calendar: 'null' misfireInstruction: 0 nextFireTime: Tue Jul 29 18:47:56 UTC 2025
[2m2025-07-29 18:48:07.415[0;39m [31m-ERROR[0;39m [35m614984[0;39m [31m[0;39m [      no-tenant] [2m---[0;39m [2m[SchedulerThread][0;39m [36mo.a.f.i.j.s.SchedulerTriggerListener    [0;39m [2m:[0;39m triggerMisfired() trigger=Trigger 'DEFAULT.Add Periodic Accrual TransactionsTrigger1':  triggerClass: 'org.quartz.impl.triggers.CronTriggerImpl calendar: 'null' misfireInstruction: 0 nextFireTime: Tue Jul 29 18:47:56 UTC 2025
[2m2025-07-29 18:48:09.788[0;39m [32m- INFO[0;39m [35m614984[0;39m [32m[0;39m [        default] [2m---[0;39m [2m[group1_Worker-1][0;39m [36mo.s.batch.core.step.AbstractStep        [0;39m [2m:[0;39m Step: [POST_INTEREST_FOR_SAVINGS] executed in 2s825ms
[2m2025-07-29 18:48:11.019[0;39m [31m-ERROR[0;39m [35m614984[0;39m [31m[0;39m [      no-tenant] [2m---[0;39m [2m[SchedulerThread][0;39m [36mo.a.f.i.j.s.SchedulerTriggerListener    [0;39m [2m:[0;39m triggerMisfired() trigger=Trigger 'DEFAULT.Send Asynchronous EventsTrigger1':  triggerClass: 'org.quartz.impl.triggers.CronTriggerImpl calendar: 'null' misfireInstruction: 0 nextFireTime: Tue Jul 29 17:38:00 UTC 2025
[2m2025-07-29 18:48:11.019[0;39m [31m-ERROR[0;39m [35m614984[0;39m [31m[0;39m [      no-tenant] [2m---[0;39m [2m[SchedulerThread][0;39m [36mo.a.f.i.j.s.SchedulerTriggerListener    [0;39m [2m:[0;39m triggerMisfired() trigger=Trigger 'DEFAULT.Execute EmailTrigger1':  triggerClass: 'org.quartz.impl.triggers.CronTriggerImpl calendar: 'null' misfireInstruction: 0 nextFireTime: Tue Jul 29 17:40:00 UTC 2025
[2m2025-07-29 18:48:11.019[0;39m [31m-ERROR[0;39m [35m614984[0;39m [31m[0;39m [      no-tenant] [2m---[0;39m [2m[SchedulerThread][0;39m [36mo.a.f.i.j.s.SchedulerTriggerListener    [0;39m [2m:[0;39m triggerMisfired() trigger=Trigger 'DEFAULT.Execute Report Mailing JobsTrigger1':  triggerClass: 'org.quartz.impl.triggers.CronTriggerImpl calendar: 'null' misfireInstruction: 0 nextFireTime: Tue Jul 29 17:45:00 UTC 2025
[2m2025-07-29 18:48:11.019[0;39m [31m-ERROR[0;39m [35m614984[0;39m [31m[0;39m [      no-tenant] [2m---[0;39m [2m[SchedulerThread][0;39m [36mo.a.f.i.j.s.SchedulerTriggerListener    [0;39m [2m:[0;39m triggerMisfired() trigger=Trigger 'DEFAULT.Update Email Outbound with campaign messageTrigger1':  triggerClass: 'org.quartz.impl.triggers.CronTriggerImpl calendar: 'null' misfireInstruction: 0 nextFireTime: Tue Jul 29 17:45:00 UTC 2025
[2m2025-07-29 18:48:11.019[0;39m [31m-ERROR[0;39m [35m614984[0;39m [31m[0;39m [      no-tenant] [2m---[0;39m [2m[SchedulerThread][0;39m [36mo.a.f.i.j.s.SchedulerTriggerListener    [0;39m [2m:[0;39m triggerMisfired() trigger=Trigger 'DEFAULT.Apply penalty to overdue loansTrigger1':  triggerClass: 'org.quartz.impl.triggers.CronTriggerImpl calendar: 'null' misfireInstruction: 0 nextFireTime: Tue Jul 29 18:30:00 UTC 2025
[2m2025-07-29 18:48:11.019[0;39m [31m-ERROR[0;39m [35m614984[0;39m [31m[0;39m [      no-tenant] [2m---[0;39m [2m[SchedulerThread][0;39m [36mo.a.f.i.j.s.SchedulerTriggerListener    [0;39m [2m:[0;39m triggerMisfired() trigger=Trigger 'DEFAULT.Execute Standing InstructionTrigger1':  triggerClass: 'org.quartz.impl.triggers.CronTriggerImpl calendar: 'null' misfireInstruction: 0 nextFireTime: Tue Jul 29 18:30:00 UTC 2025
[2m2025-07-29 18:48:11.019[0;39m [31m-ERROR[0;39m [35m614984[0;39m [31m[0;39m [      no-tenant] [2m---[0;39m [2m[SchedulerThread][0;39m [36mo.a.f.i.j.s.SchedulerTriggerListener    [0;39m [2m:[0;39m triggerMisfired() trigger=Trigger 'DEFAULT.Generate Loan Loss ProvisioningTrigger1':  triggerClass: 'org.quartz.impl.triggers.CronTriggerImpl calendar: 'null' misfireInstruction: 0 nextFireTime: Tue Jul 29 18:30:00 UTC 2025
[2m2025-07-29 18:48:11.019[0;39m [31m-ERROR[0;39m [35m614984[0;39m [31m[0;39m [      no-tenant] [2m---[0;39m [2m[SchedulerThread][0;39m [36mo.a.f.i.j.s.SchedulerTriggerListener    [0;39m [2m:[0;39m triggerMisfired() trigger=Trigger 'DEFAULT.Post Dividends For SharesTrigger1':  triggerClass: 'org.quartz.impl.triggers.CronTriggerImpl calendar: 'null' misfireInstruction: 0 nextFireTime: Tue Jul 29 18:30:00 UTC 2025
[2m2025-07-29 18:48:11.020[0;39m [31m-ERROR[0;39m [35m614984[0;39m [31m[0;39m [      no-tenant] [2m---[0;39m [2m[SchedulerThread][0;39m [36mo.a.f.i.j.s.SchedulerTriggerListener    [0;39m [2m:[0;39m triggerMisfired() trigger=Trigger 'DEFAULT.Update Deposit Accounts Maturity detailsTrigger1':  triggerClass: 'org.quartz.impl.triggers.CronTriggerImpl calendar: 'null' misfireInstruction: 0 nextFireTime: Tue Jul 29 18:30:00 UTC 2025
[2m2025-07-29 18:48:11.020[0;39m [31m-ERROR[0;39m [35m614984[0;39m [31m[0;39m [      no-tenant] [2m---[0;39m [2m[SchedulerThread][0;39m [36mo.a.f.i.j.s.SchedulerTriggerListener    [0;39m [2m:[0;39m triggerMisfired() trigger=Trigger 'DEFAULT.Execute All Dirty JobsTrigger1':  triggerClass: 'org.quartz.impl.triggers.CronTriggerImpl calendar: 'null' misfireInstruction: 0 nextFireTime: Tue Jul 29 18:31:00 UTC 2025
[2m2025-07-29 18:48:11.020[0;39m [31m-ERROR[0;39m [35m614984[0;39m [31m[0;39m [      no-tenant] [2m---[0;39m [2m[SchedulerThread][0;39m [36mo.a.f.i.j.s.SchedulerTriggerListener    [0;39m [2m:[0;39m triggerMisfired() trigger=Trigger 'DEFAULT.Transfer Fee For Loans From SavingsTrigger1':  triggerClass: 'org.quartz.impl.triggers.CronTriggerImpl calendar: 'null' misfireInstruction: 0 nextFireTime: Tue Jul 29 18:31:00 UTC 2025
[2m2025-07-29 18:48:11.020[0;39m [31m-ERROR[0;39m [35m614984[0;39m [31m[0;39m [      no-tenant] [2m---[0;39m [2m[SchedulerThread][0;39m [36mo.a.f.i.j.s.SchedulerTriggerListener    [0;39m [2m:[0;39m triggerMisfired() trigger=Trigger 'DEFAULT.Update Accounting Running BalancesTrigger1':  triggerClass: 'org.quartz.impl.triggers.CronTriggerImpl calendar: 'null' misfireInstruction: 0 nextFireTime: Tue Jul 29 18:31:00 UTC 2025
[2m2025-07-29 18:48:11.020[0;39m [31m-ERROR[0;39m [35m614984[0;39m [31m[0;39m [      no-tenant] [2m---[0;39m [2m[SchedulerThread][0;39m [36mo.a.f.i.j.s.SchedulerTriggerListener    [0;39m [2m:[0;39m triggerMisfired() trigger=Trigger 'DEFAULT.Update Loan Arrears AgeingTrigger1':  triggerClass: 'org.quartz.impl.triggers.CronTriggerImpl calendar: 'null' misfireInstruction: 0 nextFireTime: Tue Jul 29 18:31:00 UTC 2025
[2m2025-07-29 18:48:11.020[0;39m [31m-ERROR[0;39m [35m614984[0;39m [31m[0;39m [      no-tenant] [2m---[0;39m [2m[SchedulerThread][0;39m [36mo.a.f.i.j.s.SchedulerTriggerListener    [0;39m [2m:[0;39m triggerMisfired() trigger=Trigger 'DEFAULT.Update Trial Balance DetailsTrigger1':  triggerClass: 'org.quartz.impl.triggers.CronTriggerImpl calendar: 'null' misfireInstruction: 0 nextFireTime: Tue Jul 29 18:31:00 UTC 2025
[2m2025-07-29 18:48:11.020[0;39m [31m-ERROR[0;39m [35m614984[0;39m [31m[0;39m [      no-tenant] [2m---[0;39m [2m[SchedulerThread][0;39m [36mo.a.f.i.j.s.SchedulerTriggerListener    [0;39m [2m:[0;39m triggerMisfired() trigger=Trigger 'DEFAULT.Generate Mandatory Savings ScheduleTrigger1':  triggerClass: 'org.quartz.impl.triggers.CronTriggerImpl calendar: 'null' misfireInstruction: 0 nextFireTime: Tue Jul 29 18:35:00 UTC 2025
[2m2025-07-29 18:48:11.047[0;39m [32m- INFO[0;39m [35m614984[0;39m [32m[0;39m [        default] [2m---[0;39m [2m[group3_Worker-1][0;39m [36mo.s.b.c.l.s.TaskExecutorJobLauncher     [0;39m [2m:[0;39m Job: [SimpleJob: [name=ADD_PERIODIC_ACCRUAL_ENTRIES_FOR_LOANS_WITH_INCOME_POSTED_AS_TRANSACTIONS]] launched with the following parameters: [{'run.id':'{value=1, type=class java.lang.Long, identifying=true}'}]
[2m2025-07-29 18:48:11.824[0;39m [32m- INFO[0;39m [35m614984[0;39m [32m[0;39m [        default] [2m---[0;39m [2m[group1_Worker-1][0;39m [36mo.s.b.c.l.s.TaskExecutorJobLauncher     [0;39m [2m:[0;39m Job: [SimpleJob: [name=POST_INTEREST_FOR_SAVINGS]] completed with the following parameters: [{'batch-size':'{value=100, type=class java.lang.String, identifying=true}','run.id':'{value=1, type=class java.lang.Long, identifying=true}','thread-pool-size':'{value=10, type=class java.lang.String, identifying=true}'}] and the following status: [COMPLETED] in 7s534ms
[2m2025-07-29 18:48:11.830[0;39m [32m- INFO[0;39m [35m614984[0;39m [32m[0;39m [        default] [2m---[0;39m [2m[group3_Worker-1][0;39m [36mo.s.batch.core.job.SimpleStepHandler    [0;39m [2m:[0;39m Executing step: [ADD_PERIODIC_ACCRUAL_ENTRIES_FOR_LOANS_WITH_INCOME_POSTED_AS_TRANSACTIONS]
[2m2025-07-29 18:48:11.837[0;39m [32m- INFO[0;39m [35m614984[0;39m [32m[0;39m [        default] [2m---[0;39m [2m[duler1_Worker-5][0;39m [36mo.s.b.c.l.s.TaskExecutorJobLauncher     [0;39m [2m:[0;39m Job: [SimpleJob: [name=APPLY_CHARGE_TO_OVERDUE_LOAN_INSTALLMENT]] launched with the following parameters: [{'run.id':'{value=1, type=class java.lang.Long, identifying=true}'}]
[2m2025-07-29 18:48:11.845[0;39m [32m- INFO[0;39m [35m614984[0;39m [32m[0;39m [        default] [2m---[0;39m [2m[duler1_Worker-2][0;39m [36mo.s.b.c.l.s.TaskExecutorJobLauncher     [0;39m [2m:[0;39m Job: [SimpleJob: [name=SEND_ASYNCHRONOUS_EVENTS]] launched with the following parameters: [{'run.id':'{value=73, type=class java.lang.Long, identifying=true}'}]
[2m2025-07-29 18:48:11.846[0;39m [31m-ERROR[0;39m [35m614984[0;39m [31m[0;39m [      no-tenant] [2m---[0;39m [2m[SchedulerThread][0;39m [36mo.a.f.i.j.s.SchedulerTriggerListener    [0;39m [2m:[0;39m triggerMisfired() trigger=Trigger 'DEFAULT.Transfer Interest To SavingsTrigger1':  triggerClass: 'org.quartz.impl.triggers.CronTriggerImpl calendar: 'null' misfireInstruction: 0 nextFireTime: Tue Jul 29 18:47:58 UTC 2025
[2m2025-07-29 18:48:11.847[0;39m [31m-ERROR[0;39m [35m614984[0;39m [31m[0;39m [      no-tenant] [2m---[0;39m [2m[SchedulerThread][0;39m [36mo.a.f.i.j.s.SchedulerTriggerListener    [0;39m [2m:[0;39m triggerMisfired() trigger=Trigger 'DEFAULT.Update Savings Dormant AccountsTrigger1':  triggerClass: 'org.quartz.impl.triggers.CronTriggerImpl calendar: 'null' misfireInstruction: 0 nextFireTime: Tue Jul 29 18:47:58 UTC 2025
[2m2025-07-29 18:48:11.849[0;39m [32m- INFO[0;39m [35m614984[0;39m [32m[0;39m [        default] [2m---[0;39m [2m[duler1_Worker-3][0;39m [36mo.s.b.c.l.s.TaskExecutorJobLauncher     [0;39m [2m:[0;39m Job: [SimpleJob: [name=POST_DIVIDENTS_FOR_SHARES]] launched with the following parameters: [{'run.id':'{value=1, type=class java.lang.Long, identifying=true}'}]
[2m2025-07-29 18:48:11.858[0;39m [32m- INFO[0;39m [35m614984[0;39m [32m[0;39m [        default] [2m---[0;39m [2m[group3_Worker-1][0;39m [36mo.s.batch.core.step.AbstractStep        [0;39m [2m:[0;39m Step: [ADD_PERIODIC_ACCRUAL_ENTRIES_FOR_LOANS_WITH_INCOME_POSTED_AS_TRANSACTIONS] executed in 27ms
[2m2025-07-29 18:48:11.858[0;39m [32m- INFO[0;39m [35m614984[0;39m [32m[0;39m [        default] [2m---[0;39m [2m[duler1_Worker-7][0;39m [36mo.s.b.c.l.s.TaskExecutorJobLauncher     [0;39m [2m:[0;39m Job: [SimpleJob: [name=EXECUTE_STANDING_INSTRUCTIONS]] launched with the following parameters: [{'run.id':'{value=1, type=class java.lang.Long, identifying=true}'}]
[2m2025-07-29 18:48:11.859[0;39m [32m- INFO[0;39m [35m614984[0;39m [32m[0;39m [        default] [2m---[0;39m [2m[duler1_Worker-4][0;39m [36mo.s.b.c.l.s.TaskExecutorJobLauncher     [0;39m [2m:[0;39m Job: [SimpleJob: [name=EXECUTE_REPORT_MAILING_JOBS]] launched with the following parameters: [{'run.id':'{value=6, type=class java.lang.Long, identifying=true}'}]
[2m2025-07-29 18:48:11.862[0;39m [32m- INFO[0;39m [35m614984[0;39m [32m[0;39m [        default] [2m---[0;39m [2m[duler1_Worker-5][0;39m [36mo.s.batch.core.job.SimpleStepHandler    [0;39m [2m:[0;39m Executing step: [APPLY_CHARGE_TO_OVERDUE_LOAN_INSTALLMENT]
[2m2025-07-29 18:48:11.863[0;39m [32m- INFO[0;39m [35m614984[0;39m [32m[0;39m [        default] [2m---[0;39m [2m[duler1_Worker-6][0;39m [36mo.s.b.c.l.s.TaskExecutorJobLauncher     [0;39m [2m:[0;39m Job: [SimpleJob: [name=GENERATE_LOANLOSS_PROVISIONING]] launched with the following parameters: [{'run.id':'{value=1, type=class java.lang.Long, identifying=true}'}]
[2m2025-07-29 18:48:11.866[0;39m [32m- INFO[0;39m [35m614984[0;39m [32m[0;39m [        default] [2m---[0;39m [2m[duler1_Worker-2][0;39m [36mo.s.batch.core.job.SimpleStepHandler    [0;39m [2m:[0;39m Executing step: [SEND_ASYNCHRONOUS_EVENTS_STEP]
[2m2025-07-29 18:48:11.868[0;39m [32m- INFO[0;39m [35m614984[0;39m [32m[0;39m [        default] [2m---[0;39m [2m[duler1_Worker-1][0;39m [36mo.s.b.c.l.s.TaskExecutorJobLauncher     [0;39m [2m:[0;39m Job: [SimpleJob: [name=EXECUTE_EMAIL]] launched with the following parameters: [{'run.id':'{value=8, type=class java.lang.Long, identifying=true}'}]
[2m2025-07-29 18:48:11.870[0;39m [32m- INFO[0;39m [35m614984[0;39m [32m[0;39m [        default] [2m---[0;39m [2m[duler1_Worker-3][0;39m [36mo.s.batch.core.job.SimpleStepHandler    [0;39m [2m:[0;39m Executing step: [POST_DIVIDENTS_FOR_SHARES]
[2m2025-07-29 18:48:11.879[0;39m [32m- INFO[0;39m [35m614984[0;39m [32m[0;39m [        default] [2m---[0;39m [2m[group3_Worker-1][0;39m [36mo.s.b.c.l.s.TaskExecutorJobLauncher     [0;39m [2m:[0;39m Job: [SimpleJob: [name=ADD_PERIODIC_ACCRUAL_ENTRIES_FOR_LOANS_WITH_INCOME_POSTED_AS_TRANSACTIONS]] completed with the following parameters: [{'run.id':'{value=1, type=class java.lang.Long, identifying=true}'}] and the following status: [COMPLETED] in 824ms
[2m2025-07-29 18:48:11.880[0;39m [32m- INFO[0;39m [35m614984[0;39m [32m[0;39m [        default] [2m---[0;39m [2m[duler1_Worker-4][0;39m [36mo.s.batch.core.job.SimpleStepHandler    [0;39m [2m:[0;39m Executing step: [EXECUTE_REPORT_MAILING_JOBS]
[2m2025-07-29 18:48:11.886[0;39m [32m- INFO[0;39m [35m614984[0;39m [32m[0;39m [        default] [2m---[0;39m [2m[duler1_Worker-6][0;39m [36mo.s.batch.core.job.SimpleStepHandler    [0;39m [2m:[0;39m Executing step: [GENERATE_LOANLOSS_PROVISIONING]
[2m2025-07-29 18:48:11.887[0;39m [32m- INFO[0;39m [35m614984[0;39m [32m[0;39m [        default] [2m---[0;39m [2m[duler1_Worker-2][0;39m [36mo.s.batch.core.step.AbstractStep        [0;39m [2m:[0;39m Step: [SEND_ASYNCHRONOUS_EVENTS_STEP] executed in 20ms
[2m2025-07-29 18:48:11.892[0;39m [32m- INFO[0;39m [35m614984[0;39m [32m[0;39m [        default] [2m---[0;39m [2m[group1_Worker-1][0;39m [36mo.s.b.c.l.s.TaskExecutorJobLauncher     [0;39m [2m:[0;39m Job: [SimpleJob: [name=TRANSFER_INTEREST_TO_SAVINGS]] launched with the following parameters: [{'run.id':'{value=1, type=class java.lang.Long, identifying=true}'}]
[2m2025-07-29 18:48:11.894[0;39m [32m- INFO[0;39m [35m614984[0;39m [32m[0;39m [        default] [2m---[0;39m [2m[duler1_Worker-7][0;39m [36mo.s.batch.core.job.SimpleStepHandler    [0;39m [2m:[0;39m Executing step: [EXECUTE_STANDING_INSTRUCTIONS]
[2m2025-07-29 18:48:11.894[0;39m [32m- INFO[0;39m [35m614984[0;39m [32m[0;39m [        default] [2m---[0;39m [2m[duler1_Worker-5][0;39m [36mo.s.batch.core.step.AbstractStep        [0;39m [2m:[0;39m Step: [APPLY_CHARGE_TO_OVERDUE_LOAN_INSTALLMENT] executed in 31ms
[2m2025-07-29 18:48:11.900[0;39m [32m- INFO[0;39m [35m614984[0;39m [32m[0;39m [        default] [2m---[0;39m [2m[duler1_Worker-1][0;39m [36mo.s.batch.core.job.SimpleStepHandler    [0;39m [2m:[0;39m Executing step: [EXECUTE_EMAIL]
[2m2025-07-29 18:48:11.901[0;39m [32m- INFO[0;39m [35m614984[0;39m [32m[0;39m [        default] [2m---[0;39m [2m[duler1_Worker-3][0;39m [36mo.s.batch.core.step.AbstractStep        [0;39m [2m:[0;39m Step: [POST_DIVIDENTS_FOR_SHARES] executed in 30ms
[2m2025-07-29 18:48:11.907[0;39m [32m- INFO[0;39m [35m614984[0;39m [32m[0;39m [        default] [2m---[0;39m [2m[duler1_Worker-4][0;39m [36mo.s.batch.core.step.AbstractStep        [0;39m [2m:[0;39m Step: [EXECUTE_REPORT_MAILING_JOBS] executed in 26ms
[2m2025-07-29 18:48:11.914[0;39m [32m- INFO[0;39m [35m614984[0;39m [32m[0;39m [        default] [2m---[0;39m [2m[duler1_Worker-2][0;39m [36mo.s.b.c.l.s.TaskExecutorJobLauncher     [0;39m [2m:[0;39m Job: [SimpleJob: [name=SEND_ASYNCHRONOUS_EVENTS]] completed with the following parameters: [{'run.id':'{value=73, type=class java.lang.Long, identifying=true}'}] and the following status: [COMPLETED] in 59ms
[2m2025-07-29 18:48:11.918[0;39m [32m- INFO[0;39m [35m614984[0;39m [32m[0;39m [        default] [2m---[0;39m [2m[duler1_Worker-6][0;39m [36mo.s.batch.core.step.AbstractStep        [0;39m [2m:[0;39m Step: [GENERATE_LOANLOSS_PROVISIONING] executed in 31ms
[2m2025-07-29 18:48:11.919[0;39m [32m- INFO[0;39m [35m614984[0;39m [32m[0;39m [        default] [2m---[0;39m [2m[duler1_Worker-5][0;39m [36mo.s.b.c.l.s.TaskExecutorJobLauncher     [0;39m [2m:[0;39m Job: [SimpleJob: [name=APPLY_CHARGE_TO_OVERDUE_LOAN_INSTALLMENT]] completed with the following parameters: [{'run.id':'{value=1, type=class java.lang.Long, identifying=true}'}] and the following status: [COMPLETED] in 73ms
[2m2025-07-29 18:48:11.922[0;39m [32m- INFO[0;39m [35m614984[0;39m [32m[0;39m [        default] [2m---[0;39m [2m[group1_Worker-1][0;39m [36mo.s.batch.core.job.SimpleStepHandler    [0;39m [2m:[0;39m Executing step: [TRANSFER_INTEREST_TO_SAVINGS]
[2m2025-07-29 18:48:11.926[0;39m [32m- INFO[0;39m [35m614984[0;39m [32m[0;39m [        default] [2m---[0;39m [2m[duler1_Worker-3][0;39m [36mo.s.b.c.l.s.TaskExecutorJobLauncher     [0;39m [2m:[0;39m Job: [SimpleJob: [name=POST_DIVIDENTS_FOR_SHARES]] completed with the following parameters: [{'run.id':'{value=1, type=class java.lang.Long, identifying=true}'}] and the following status: [COMPLETED] in 68ms
[2m2025-07-29 18:48:11.929[0;39m [32m- INFO[0;39m [35m614984[0;39m [32m[0;39m [        default] [2m---[0;39m [2m[duler1_Worker-7][0;39m [36mo.s.batch.core.step.AbstractStep        [0;39m [2m:[0;39m Step: [EXECUTE_STANDING_INSTRUCTIONS] executed in 34ms
[2m2025-07-29 18:48:11.931[0;39m [32m- INFO[0;39m [35m614984[0;39m [32m[0;39m [        default] [2m---[0;39m [2m[duler1_Worker-4][0;39m [36mo.s.b.c.l.s.TaskExecutorJobLauncher     [0;39m [2m:[0;39m Job: [SimpleJob: [name=EXECUTE_REPORT_MAILING_JOBS]] completed with the following parameters: [{'run.id':'{value=6, type=class java.lang.Long, identifying=true}'}] and the following status: [COMPLETED] in 65ms
[2m2025-07-29 18:48:11.931[0;39m [32m- INFO[0;39m [35m614984[0;39m [32m[0;39m [        default] [2m---[0;39m [2m[duler1_Worker-1][0;39m [36mo.s.batch.core.step.AbstractStep        [0;39m [2m:[0;39m Step: [EXECUTE_EMAIL] executed in 30ms
[2m2025-07-29 18:48:11.948[0;39m [32m- INFO[0;39m [35m614984[0;39m [32m[0;39m [        default] [2m---[0;39m [2m[duler1_Worker-6][0;39m [36mo.s.b.c.l.s.TaskExecutorJobLauncher     [0;39m [2m:[0;39m Job: [SimpleJob: [name=GENERATE_LOANLOSS_PROVISIONING]] completed with the following parameters: [{'run.id':'{value=1, type=class java.lang.Long, identifying=true}'}] and the following status: [COMPLETED] in 76ms
[2m2025-07-29 18:48:11.955[0;39m [32m- INFO[0;39m [35m614984[0;39m [32m[0;39m [        default] [2m---[0;39m [2m[group1_Worker-1][0;39m [36mo.s.batch.core.step.AbstractStep        [0;39m [2m:[0;39m Step: [TRANSFER_INTEREST_TO_SAVINGS] executed in 33ms
[2m2025-07-29 18:48:11.957[0;39m [32m- INFO[0;39m [35m614984[0;39m [32m[0;39m [        default] [2m---[0;39m [2m[duler1_Worker-7][0;39m [36mo.s.b.c.l.s.TaskExecutorJobLauncher     [0;39m [2m:[0;39m Job: [SimpleJob: [name=EXECUTE_STANDING_INSTRUCTIONS]] completed with the following parameters: [{'run.id':'{value=1, type=class java.lang.Long, identifying=true}'}] and the following status: [COMPLETED] in 87ms
[2m2025-07-29 18:48:11.957[0;39m [32m- INFO[0;39m [35m614984[0;39m [32m[0;39m [        default] [2m---[0;39m [2m[group3_Worker-1][0;39m [36mo.s.b.c.l.s.TaskExecutorJobLauncher     [0;39m [2m:[0;39m Job: [SimpleJob: [name=RECALCULATE_INTEREST_FOR_LOAN]] launched with the following parameters: [{'batch-size':'{value=100, type=class java.lang.String, identifying=true}','run.id':'{value=1, type=class java.lang.Long, identifying=true}','officeId':'{value=1, type=class java.lang.String, identifying=true}','thread-pool-size':'{value=10, type=class java.lang.String, identifying=true}'}]
[2m2025-07-29 18:48:11.959[0;39m [32m- INFO[0;39m [35m614984[0;39m [32m[0;39m [        default] [2m---[0;39m [2m[duler1_Worker-1][0;39m [36mo.s.b.c.l.s.TaskExecutorJobLauncher     [0;39m [2m:[0;39m Job: [SimpleJob: [name=EXECUTE_EMAIL]] completed with the following parameters: [{'run.id':'{value=8, type=class java.lang.Long, identifying=true}'}] and the following status: [COMPLETED] in 79ms
[2m2025-07-29 18:48:11.979[0;39m [32m- INFO[0;39m [35m614984[0;39m [32m[0;39m [        default] [2m---[0;39m [2m[group1_Worker-1][0;39m [36mo.s.b.c.l.s.TaskExecutorJobLauncher     [0;39m [2m:[0;39m Job: [SimpleJob: [name=TRANSFER_INTEREST_TO_SAVINGS]] completed with the following parameters: [{'run.id':'{value=1, type=class java.lang.Long, identifying=true}'}] and the following status: [COMPLETED] in 78ms
[2m2025-07-29 18:48:11.986[0;39m [32m- INFO[0;39m [35m614984[0;39m [32m[0;39m [        default] [2m---[0;39m [2m[group3_Worker-1][0;39m [36mo.s.batch.core.job.SimpleStepHandler    [0;39m [2m:[0;39m Executing step: [RECALCULATE_INTEREST_FOR_LOAN]
[2m2025-07-29 18:48:11.995[0;39m [32m- INFO[0;39m [35m614984[0;39m [32m[0;39m [        default] [2m---[0;39m [2m[duler1_Worker-2][0;39m [36mo.s.b.c.l.s.TaskExecutorJobLauncher     [0;39m [2m:[0;39m Job: [SimpleJob: [name=UPDATE_EMAIL_OUTBOUND_WITH_CAMPAIGN_MESSAGE]] launched with the following parameters: [{'run.id':'{value=6, type=class java.lang.Long, identifying=true}'}]
[2m2025-07-29 18:48:12.004[0;39m [32m- INFO[0;39m [35m614984[0;39m [32m[0;39m [        default] [2m---[0;39m [2m[duler1_Worker-5][0;39m [36mo.s.b.c.l.s.TaskExecutorJobLauncher     [0;39m [2m:[0;39m Job: [SimpleJob: [name=EXECUTE_DIRTY_JOBS]] launched with the following parameters: [{'run.id':'{value=1, type=class java.lang.Long, identifying=true}'}]
[2m2025-07-29 18:48:12.009[0;39m [32m- INFO[0;39m [35m614984[0;39m [32m[0;39m [        default] [2m---[0;39m [2m[duler1_Worker-4][0;39m [36mo.s.b.c.l.s.TaskExecutorJobLauncher     [0;39m [2m:[0;39m Job: [SimpleJob: [name=TRANSFER_FEE_CHARGE_FOR_LOANS]] launched with the following parameters: [{'run.id':'{value=1, type=class java.lang.Long, identifying=true}'}]
[2m2025-07-29 18:48:12.018[0;39m [32m- INFO[0;39m [35m614984[0;39m [32m[0;39m [        default] [2m---[0;39m [2m[duler1_Worker-3][0;39m [36mo.s.b.c.l.s.TaskExecutorJobLauncher     [0;39m [2m:[0;39m Job: [SimpleJob: [name=GENERATE_RD_SCEHDULE]] launched with the following parameters: [{'run.id':'{value=1, type=class java.lang.Long, identifying=true}'}]
[2m2025-07-29 18:48:12.021[0;39m [32m- INFO[0;39m [35m614984[0;39m [32m[0;39m [        default] [2m---[0;39m [2m[duler1_Worker-6][0;39m [36mo.s.b.c.l.s.TaskExecutorJobLauncher     [0;39m [2m:[0;39m Job: [SimpleJob: [name=ACCOUNTING_RUNNING_BALANCE_UPDATE]] launched with the following parameters: [{'run.id':'{value=1, type=class java.lang.Long, identifying=true}'}]
[2m2025-07-29 18:48:12.022[0;39m [32m- INFO[0;39m [35m614984[0;39m [32m[0;39m [        default] [2m---[0;39m [2m[duler1_Worker-2][0;39m [36mo.s.batch.core.job.SimpleStepHandler    [0;39m [2m:[0;39m Executing step: [UPDATE_EMAIL_OUTBOUND_WITH_CAMPAIGN_MESSAGE]
[2m2025-07-29 18:48:12.029[0;39m [32m- INFO[0;39m [35m614984[0;39m [32m[0;39m [        default] [2m---[0;39m [2m[duler1_Worker-5][0;39m [36mo.s.batch.core.job.SimpleStepHandler    [0;39m [2m:[0;39m Executing step: [EXECUTE_DIRTY_JOBS]
[2m2025-07-29 18:48:12.029[0;39m [32m- INFO[0;39m [35m614984[0;39m [32m[0;39m [        default] [2m---[0;39m [2m[group3_Worker-1][0;39m [36mo.s.batch.core.step.AbstractStep        [0;39m [2m:[0;39m Step: [RECALCULATE_INTEREST_FOR_LOAN] executed in 42ms
[2m2025-07-29 18:48:12.029[0;39m [32m- INFO[0;39m [35m614984[0;39m [32m[0;39m [        default] [2m---[0;39m [2m[duler1_Worker-7][0;39m [36mo.s.b.c.l.s.TaskExecutorJobLauncher     [0;39m [2m:[0;39m Job: [SimpleJob: [name=UPDATE_DEPOSITS_ACCOUNT_MATURITY_DETAILS]] launched with the following parameters: [{'run.id':'{value=1, type=class java.lang.Long, identifying=true}'}]
[2m2025-07-29 18:48:12.035[0;39m [32m- INFO[0;39m [35m614984[0;39m [32m[0;39m [        default] [2m---[0;39m [2m[duler1_Worker-4][0;39m [36mo.s.batch.core.job.SimpleStepHandler    [0;39m [2m:[0;39m Executing step: [TRANSFER_FEE_CHARGE_FOR_LOANS]
[2m2025-07-29 18:48:12.037[0;39m [32m- INFO[0;39m [35m614984[0;39m [32m[0;39m [        default] [2m---[0;39m [2m[duler1_Worker-1][0;39m [36mo.s.b.c.l.s.TaskExecutorJobLauncher     [0;39m [2m:[0;39m Job: [SimpleJob: [name=UPDATE_LOAN_ARREARS_AGEING]] launched with the following parameters: [{'run.id':'{value=1, type=class java.lang.Long, identifying=true}'}]
[2m2025-07-29 18:48:12.039[0;39m [32m- INFO[0;39m [35m614984[0;39m [32m[0;39m [        default] [2m---[0;39m [2m[duler1_Worker-3][0;39m [36mo.s.batch.core.job.SimpleStepHandler    [0;39m [2m:[0;39m Executing step: [GENERATE_RD_SCEHDULE]
[2m2025-07-29 18:48:12.041[0;39m [32m- INFO[0;39m [35m614984[0;39m [32m[0;39m [        default] [2m---[0;39m [2m[duler1_Worker-2][0;39m [36mo.s.batch.core.step.AbstractStep        [0;39m [2m:[0;39m Step: [UPDATE_EMAIL_OUTBOUND_WITH_CAMPAIGN_MESSAGE] executed in 18ms
[2m2025-07-29 18:48:12.043[0;39m [32m- INFO[0;39m [35m614984[0;39m [32m[0;39m [        default] [2m---[0;39m [2m[duler1_Worker-6][0;39m [36mo.s.batch.core.job.SimpleStepHandler    [0;39m [2m:[0;39m Executing step: [ACCOUNTING_RUNNING_BALANCE_UPDATE]
[2m2025-07-29 18:48:12.045[0;39m [32m- INFO[0;39m [35m614984[0;39m [32m[0;39m [        default] [2m---[0;39m [2m[group1_Worker-1][0;39m [36mo.s.b.c.l.s.TaskExecutorJobLauncher     [0;39m [2m:[0;39m Job: [SimpleJob: [name=UPDATE_SAVINGS_DORMANT_ACCOUNTS]] launched with the following parameters: [{'run.id':'{value=1, type=class java.lang.Long, identifying=true}'}]
[2m2025-07-29 18:48:12.049[0;39m [32m- INFO[0;39m [35m614984[0;39m [32m[0;39m [        default] [2m---[0;39m [2m[group3_Worker-1][0;39m [36mo.s.b.c.l.s.TaskExecutorJobLauncher     [0;39m [2m:[0;39m Job: [SimpleJob: [name=RECALCULATE_INTEREST_FOR_LOAN]] completed with the following parameters: [{'batch-size':'{value=100, type=class java.lang.String, identifying=true}','run.id':'{value=1, type=class java.lang.Long, identifying=true}','officeId':'{value=1, type=class java.lang.String, identifying=true}','thread-pool-size':'{value=10, type=class java.lang.String, identifying=true}'}] and the following status: [COMPLETED] in 83ms
[2m2025-07-29 18:48:12.053[0;39m [32m- INFO[0;39m [35m614984[0;39m [32m[0;39m [        default] [2m---[0;39m [2m[duler1_Worker-7][0;39m [36mo.s.batch.core.job.SimpleStepHandler    [0;39m [2m:[0;39m Executing step: [UPDATE_DEPOSITS_ACCOUNT_MATURITY_DETAILS]
[2m2025-07-29 18:48:12.058[0;39m [32m- INFO[0;39m [35m614984[0;39m [32m[0;39m [        default] [2m---[0;39m [2m[duler1_Worker-1][0;39m [36mo.s.batch.core.job.SimpleStepHandler    [0;39m [2m:[0;39m Executing step: [UPDATE_LOAN_ARREARS_AGEING]
[2m2025-07-29 18:48:12.060[0;39m [32m- INFO[0;39m [35m614984[0;39m [32m[0;39m [        default] [2m---[0;39m [2m[duler1_Worker-4][0;39m [36mo.s.batch.core.step.AbstractStep        [0;39m [2m:[0;39m Step: [TRANSFER_FEE_CHARGE_FOR_LOANS] executed in 25ms
[2m2025-07-29 18:48:12.060[0;39m [32m- INFO[0;39m [35m614984[0;39m [32m[0;39m [        default] [2m---[0;39m [2m[duler1_Worker-2][0;39m [36mo.s.b.c.l.s.TaskExecutorJobLauncher     [0;39m [2m:[0;39m Job: [SimpleJob: [name=UPDATE_EMAIL_OUTBOUND_WITH_CAMPAIGN_MESSAGE]] completed with the following parameters: [{'run.id':'{value=6, type=class java.lang.Long, identifying=true}'}] and the following status: [COMPLETED] in 55ms
[2m2025-07-29 18:48:12.070[0;39m [32m- INFO[0;39m [35m614984[0;39m [32m[0;39m [        default] [2m---[0;39m [2m[group1_Worker-1][0;39m [36mo.s.batch.core.job.SimpleStepHandler    [0;39m [2m:[0;39m Executing step: [UPDATE_SAVINGS_DORMANT_ACCOUNTS]
[2m2025-07-29 18:48:12.071[0;39m [32m- INFO[0;39m [35m614984[0;39m [32m[0;39m [        default] [2m---[0;39m [2m[duler1_Worker-3][0;39m [36mo.s.batch.core.step.AbstractStep        [0;39m [2m:[0;39m Step: [GENERATE_RD_SCEHDULE] executed in 31ms
[2m2025-07-29 18:48:12.080[0;39m [32m- INFO[0;39m [35m614984[0;39m [32m[0;39m [        default] [2m---[0;39m [2m[duler1_Worker-7][0;39m [36mo.s.batch.core.step.AbstractStep        [0;39m [2m:[0;39m Step: [UPDATE_DEPOSITS_ACCOUNT_MATURITY_DETAILS] executed in 26ms
[2m2025-07-29 18:48:12.082[0;39m [32m- INFO[0;39m [35m614984[0;39m [32m[0;39m [        default] [2m---[0;39m [2m[duler1_Worker-5][0;39m [36morg.quartz.impl.StdSchedulerFactory     [0;39m [2m:[0;39m Using default implementation for ThreadExecutor
[2m2025-07-29 18:48:12.083[0;39m [32m- INFO[0;39m [35m614984[0;39m [32m[0;39m [        default] [2m---[0;39m [2m[duler1_Worker-6][0;39m [36mo.s.batch.core.step.AbstractStep        [0;39m [2m:[0;39m Step: [ACCOUNTING_RUNNING_BALANCE_UPDATE] executed in 39ms
[2m2025-07-29 18:48:12.084[0;39m [32m- INFO[0;39m [35m614984[0;39m [32m[0;39m [        default] [2m---[0;39m [2m[duler1_Worker-5][0;39m [36morg.quartz.core.SchedulerSignalerImpl   [0;39m [2m:[0;39m Initialized Scheduler Signaller of type: class org.quartz.core.SchedulerSignalerImpl
[2m2025-07-29 18:48:12.084[0;39m [32m- INFO[0;39m [35m614984[0;39m [32m[0;39m [        default] [2m---[0;39m [2m[duler1_Worker-5][0;39m [36morg.quartz.core.QuartzScheduler         [0;39m [2m:[0;39m Quartz Scheduler v2.5.0 created.
[2m2025-07-29 18:48:12.085[0;39m [32m- INFO[0;39m [35m614984[0;39m [32m[0;39m [        default] [2m---[0;39m [2m[duler1_Worker-5][0;39m [36morg.quartz.simpl.RAMJobStore            [0;39m [2m:[0;39m RAMJobStore initialized.
[2m2025-07-29 18:48:12.085[0;39m [32m- INFO[0;39m [35m614984[0;39m [32m[0;39m [        default] [2m---[0;39m [2m[duler1_Worker-5][0;39m [36morg.quartz.core.QuartzScheduler         [0;39m [2m:[0;39m Scheduler meta-data: Quartz Scheduler (v2.5.0) 'temp37' with instanceId 'NON_CLUSTERED'
  Scheduler class: 'org.quartz.core.QuartzScheduler' - running locally.
  NOT STARTED.
  Currently in standby mode.
  Number of jobs executed: 0
  Using thread pool 'org.quartz.simpl.SimpleThreadPool' - with 1 threads.
  Using job-store 'org.quartz.simpl.RAMJobStore' - which does not support persistence. and is not clustered.

[2m2025-07-29 18:48:12.085[0;39m [32m- INFO[0;39m [35m614984[0;39m [32m[0;39m [        default] [2m---[0;39m [2m[duler1_Worker-5][0;39m [36morg.quartz.impl.StdSchedulerFactory     [0;39m [2m:[0;39m Quartz scheduler 'temp37' initialized from an externally provided properties instance.
[2m2025-07-29 18:48:12.085[0;39m [32m- INFO[0;39m [35m614984[0;39m [32m[0;39m [        default] [2m---[0;39m [2m[duler1_Worker-5][0;39m [36morg.quartz.impl.StdSchedulerFactory     [0;39m [2m:[0;39m Quartz scheduler version: 2.5.0
[2m2025-07-29 18:48:12.085[0;39m [32m- INFO[0;39m [35m614984[0;39m [32m[0;39m [        default] [2m---[0;39m [2m[duler1_Worker-5][0;39m [36morg.quartz.core.QuartzScheduler         [0;39m [2m:[0;39m JobFactory set to: org.springframework.scheduling.quartz.AdaptableJobFactory@660040d7
[2m2025-07-29 18:48:12.085[0;39m [32m- INFO[0;39m [35m614984[0;39m [32m[0;39m [        default] [2m---[0;39m [2m[duler1_Worker-5][0;39m [36mo.s.s.quartz.SchedulerFactoryBean       [0;39m [2m:[0;39m Starting Quartz Scheduler now
[2m2025-07-29 18:48:12.085[0;39m [32m- INFO[0;39m [35m614984[0;39m [32m[0;39m [        default] [2m---[0;39m [2m[duler1_Worker-5][0;39m [36morg.quartz.core.QuartzScheduler         [0;39m [2m:[0;39m Scheduler temp37_$_NON_CLUSTERED started.
[2m2025-07-29 18:48:12.087[0;39m [32m- INFO[0;39m [35m614984[0;39m [32m[0;39m [        default] [2m---[0;39m [2m[duler1_Worker-5][0;39m [36morg.quartz.impl.StdSchedulerFactory     [0;39m [2m:[0;39m Using default implementation for ThreadExecutor
[2m2025-07-29 18:48:12.089[0;39m [32m- INFO[0;39m [35m614984[0;39m [32m[0;39m [        default] [2m---[0;39m [2m[duler1_Worker-5][0;39m [36morg.quartz.core.SchedulerSignalerImpl   [0;39m [2m:[0;39m Initialized Scheduler Signaller of type: class org.quartz.core.SchedulerSignalerImpl
[2m2025-07-29 18:48:12.089[0;39m [32m- INFO[0;39m [35m614984[0;39m [32m[0;39m [        default] [2m---[0;39m [2m[duler1_Worker-5][0;39m [36morg.quartz.core.QuartzScheduler         [0;39m [2m:[0;39m Quartz Scheduler v2.5.0 created.
[2m2025-07-29 18:48:12.089[0;39m [32m- INFO[0;39m [35m614984[0;39m [32m[0;39m [        default] [2m---[0;39m [2m[duler1_Worker-5][0;39m [36morg.quartz.simpl.RAMJobStore            [0;39m [2m:[0;39m RAMJobStore initialized.
[2m2025-07-29 18:48:12.089[0;39m [32m- INFO[0;39m [35m614984[0;39m [32m[0;39m [        default] [2m---[0;39m [2m[duler1_Worker-5][0;39m [36morg.quartz.core.QuartzScheduler         [0;39m [2m:[0;39m Scheduler meta-data: Quartz Scheduler (v2.5.0) 'temp38' with instanceId 'NON_CLUSTERED'
  Scheduler class: 'org.quartz.core.QuartzScheduler' - running locally.
  NOT STARTED.
  Currently in standby mode.
  Number of jobs executed: 0
  Using thread pool 'org.quartz.simpl.SimpleThreadPool' - with 1 threads.
  Using job-store 'org.quartz.simpl.RAMJobStore' - which does not support persistence. and is not clustered.

[2m2025-07-29 18:48:12.089[0;39m [32m- INFO[0;39m [35m614984[0;39m [32m[0;39m [        default] [2m---[0;39m [2m[duler1_Worker-5][0;39m [36morg.quartz.impl.StdSchedulerFactory     [0;39m [2m:[0;39m Quartz scheduler 'temp38' initialized from an externally provided properties instance.
[2m2025-07-29 18:48:12.089[0;39m [32m- INFO[0;39m [35m614984[0;39m [32m[0;39m [        default] [2m---[0;39m [2m[duler1_Worker-5][0;39m [36morg.quartz.impl.StdSchedulerFactory     [0;39m [2m:[0;39m Quartz scheduler version: 2.5.0
[2m2025-07-29 18:48:12.089[0;39m [32m- INFO[0;39m [35m614984[0;39m [32m[0;39m [        default] [2m---[0;39m [2m[duler1_Worker-5][0;39m [36morg.quartz.core.QuartzScheduler         [0;39m [2m:[0;39m JobFactory set to: org.springframework.scheduling.quartz.AdaptableJobFactory@60390ef2
[2m2025-07-29 18:48:12.089[0;39m [32m- INFO[0;39m [35m614984[0;39m [32m[0;39m [        default] [2m---[0;39m [2m[duler1_Worker-5][0;39m [36mo.s.s.quartz.SchedulerFactoryBean       [0;39m [2m:[0;39m Starting Quartz Scheduler now
[2m2025-07-29 18:48:12.089[0;39m [32m- INFO[0;39m [35m614984[0;39m [32m[0;39m [        default] [2m---[0;39m [2m[duler1_Worker-5][0;39m [36morg.quartz.core.QuartzScheduler         [0;39m [2m:[0;39m Scheduler temp38_$_NON_CLUSTERED started.
[2m2025-07-29 18:48:12.091[0;39m [32m- INFO[0;39m [35m614984[0;39m [32m[0;39m [        default] [2m---[0;39m [2m[duler1_Worker-5][0;39m [36morg.quartz.impl.StdSchedulerFactory     [0;39m [2m:[0;39m Using default implementation for ThreadExecutor
[2m2025-07-29 18:48:12.093[0;39m [32m- INFO[0;39m [35m614984[0;39m [32m[0;39m [        default] [2m---[0;39m [2m[duler1_Worker-5][0;39m [36morg.quartz.core.SchedulerSignalerImpl   [0;39m [2m:[0;39m Initialized Scheduler Signaller of type: class org.quartz.core.SchedulerSignalerImpl
[2m2025-07-29 18:48:12.093[0;39m [32m- INFO[0;39m [35m614984[0;39m [32m[0;39m [        default] [2m---[0;39m [2m[duler1_Worker-5][0;39m [36morg.quartz.core.QuartzScheduler         [0;39m [2m:[0;39m Quartz Scheduler v2.5.0 created.
[2m2025-07-29 18:48:12.093[0;39m [32m- INFO[0;39m [35m614984[0;39m [32m[0;39m [        default] [2m---[0;39m [2m[duler1_Worker-5][0;39m [36morg.quartz.simpl.RAMJobStore            [0;39m [2m:[0;39m RAMJobStore initialized.
[2m2025-07-29 18:48:12.093[0;39m [32m- INFO[0;39m [35m614984[0;39m [32m[0;39m [        default] [2m---[0;39m [2m[duler1_Worker-5][0;39m [36morg.quartz.core.QuartzScheduler         [0;39m [2m:[0;39m Scheduler meta-data: Quartz Scheduler (v2.5.0) 'temp39' with instanceId 'NON_CLUSTERED'
  Scheduler class: 'org.quartz.core.QuartzScheduler' - running locally.
  NOT STARTED.
  Currently in standby mode.
  Number of jobs executed: 0
  Using thread pool 'org.quartz.simpl.SimpleThreadPool' - with 1 threads.
  Using job-store 'org.quartz.simpl.RAMJobStore' - which does not support persistence. and is not clustered.

[2m2025-07-29 18:48:12.093[0;39m [32m- INFO[0;39m [35m614984[0;39m [32m[0;39m [        default] [2m---[0;39m [2m[duler1_Worker-5][0;39m [36morg.quartz.impl.StdSchedulerFactory     [0;39m [2m:[0;39m Quartz scheduler 'temp39' initialized from an externally provided properties instance.
[2m2025-07-29 18:48:12.093[0;39m [32m- INFO[0;39m [35m614984[0;39m [32m[0;39m [        default] [2m---[0;39m [2m[duler1_Worker-5][0;39m [36morg.quartz.impl.StdSchedulerFactory     [0;39m [2m:[0;39m Quartz scheduler version: 2.5.0
[2m2025-07-29 18:48:12.093[0;39m [32m- INFO[0;39m [35m614984[0;39m [32m[0;39m [        default] [2m---[0;39m [2m[duler1_Worker-5][0;39m [36morg.quartz.core.QuartzScheduler         [0;39m [2m:[0;39m JobFactory set to: org.springframework.scheduling.quartz.AdaptableJobFactory@61fbdcd4
[2m2025-07-29 18:48:12.094[0;39m [32m- INFO[0;39m [35m614984[0;39m [32m[0;39m [        default] [2m---[0;39m [2m[duler1_Worker-5][0;39m [36mo.s.s.quartz.SchedulerFactoryBean       [0;39m [2m:[0;39m Starting Quartz Scheduler now
[2m2025-07-29 18:48:12.094[0;39m [32m- INFO[0;39m [35m614984[0;39m [32m[0;39m [        default] [2m---[0;39m [2m[duler1_Worker-5][0;39m [36morg.quartz.core.QuartzScheduler         [0;39m [2m:[0;39m Scheduler temp39_$_NON_CLUSTERED started.
[2m2025-07-29 18:48:12.108[0;39m [32m- INFO[0;39m [35m614984[0;39m [32m[0;39m [        default] [2m---[0;39m [2m[duler1_Worker-4][0;39m [36mo.s.b.c.l.s.TaskExecutorJobLauncher     [0;39m [2m:[0;39m Job: [SimpleJob: [name=TRANSFER_FEE_CHARGE_FOR_LOANS]] completed with the following parameters: [{'run.id':'{value=1, type=class java.lang.Long, identifying=true}'}] and the following status: [COMPLETED] in 70ms
[2m2025-07-29 18:48:12.116[0;39m [32m- INFO[0;39m [35m614984[0;39m [32m[0;39m [        default] [2m---[0;39m [2m[duler1_Worker-5][0;39m [36mo.s.batch.core.step.AbstractStep        [0;39m [2m:[0;39m Step: [EXECUTE_DIRTY_JOBS] executed in 87ms
[2m2025-07-29 18:48:12.116[0;39m [32m- INFO[0;39m [35m614984[0;39m [32m[0;39m [        default] [2m---[0;39m [2m[group1_Worker-1][0;39m [36mo.s.batch.core.step.AbstractStep        [0;39m [2m:[0;39m Step: [UPDATE_SAVINGS_DORMANT_ACCOUNTS] executed in 45ms
[2m2025-07-29 18:48:12.121[0;39m [32m- INFO[0;39m [35m614984[0;39m [32m[0;39m [        default] [2m---[0;39m [2m[duler1_Worker-3][0;39m [36mo.s.b.c.l.s.TaskExecutorJobLauncher     [0;39m [2m:[0;39m Job: [SimpleJob: [name=GENERATE_RD_SCEHDULE]] completed with the following parameters: [{'run.id':'{value=1, type=class java.lang.Long, identifying=true}'}] and the following status: [COMPLETED] in 85ms
[2m2025-07-29 18:48:12.125[0;39m [32m- INFO[0;39m [35m614984[0;39m [32m[0;39m [        default] [2m---[0;39m [2m[duler1_Worker-1][0;39m [36mo.s.batch.core.step.AbstractStep        [0;39m [2m:[0;39m Step: [UPDATE_LOAN_ARREARS_AGEING] executed in 66ms
[2m2025-07-29 18:48:12.135[0;39m [32m- INFO[0;39m [35m614984[0;39m [32m[0;39m [        default] [2m---[0;39m [2m[duler1_Worker-7][0;39m [36mo.s.b.c.l.s.TaskExecutorJobLauncher     [0;39m [2m:[0;39m Job: [SimpleJob: [name=UPDATE_DEPOSITS_ACCOUNT_MATURITY_DETAILS]] completed with the following parameters: [{'run.id':'{value=1, type=class java.lang.Long, identifying=true}'}] and the following status: [COMPLETED] in 92ms
[2m2025-07-29 18:48:12.147[0;39m [32m- INFO[0;39m [35m614984[0;39m [32m[0;39m [        default] [2m---[0;39m [2m[duler1_Worker-6][0;39m [36mo.s.b.c.l.s.TaskExecutorJobLauncher     [0;39m [2m:[0;39m Job: [SimpleJob: [name=ACCOUNTING_RUNNING_BALANCE_UPDATE]] completed with the following parameters: [{'run.id':'{value=1, type=class java.lang.Long, identifying=true}'}] and the following status: [COMPLETED] in 108ms
[2m2025-07-29 18:48:12.166[0;39m [32m- INFO[0;39m [35m614984[0;39m [32m[0;39m [        default] [2m---[0;39m [2m[group1_Worker-1][0;39m [36mo.s.b.c.l.s.TaskExecutorJobLauncher     [0;39m [2m:[0;39m Job: [SimpleJob: [name=UPDATE_SAVINGS_DORMANT_ACCOUNTS]] completed with the following parameters: [{'run.id':'{value=1, type=class java.lang.Long, identifying=true}'}] and the following status: [COMPLETED] in 104ms
[2m2025-07-29 18:48:12.176[0;39m [32m- INFO[0;39m [35m614984[0;39m [32m[0;39m [        default] [2m---[0;39m [2m[duler1_Worker-1][0;39m [36mo.s.b.c.l.s.TaskExecutorJobLauncher     [0;39m [2m:[0;39m Job: [SimpleJob: [name=UPDATE_LOAN_ARREARS_AGEING]] completed with the following parameters: [{'run.id':'{value=1, type=class java.lang.Long, identifying=true}'}] and the following status: [COMPLETED] in 121ms
[2m2025-07-29 18:48:12.178[0;39m [32m- INFO[0;39m [35m614984[0;39m [32m[0;39m [        default] [2m---[0;39m [2m[duler1_Worker-5][0;39m [36mo.s.b.c.l.s.TaskExecutorJobLauncher     [0;39m [2m:[0;39m Job: [SimpleJob: [name=EXECUTE_DIRTY_JOBS]] completed with the following parameters: [{'run.id':'{value=1, type=class java.lang.Long, identifying=true}'}] and the following status: [COMPLETED] in 156ms
[2m2025-07-29 18:48:12.191[0;39m [32m- INFO[0;39m [35m614984[0;39m [32m[0;39m [        default] [2m---[0;39m [2m[group4_Worker-1][0;39m [36mo.s.b.c.l.s.TaskExecutorJobLauncher     [0;39m [2m:[0;39m Job: [SimpleJob: [name=UPDATE_SMS_OUTBOUND_WITH_CAMPAIGN_MESSAGE]] launched with the following parameters: [{'run.id':'{value=1, type=class java.lang.Long, identifying=true}'}]
[2m2025-07-29 18:48:12.197[0;39m [32m- INFO[0;39m [35m614984[0;39m [32m[0;39m [        default] [2m---[0;39m [2m[group3_Worker-1][0;39m [36mo.s.b.c.l.s.TaskExecutorJobLauncher     [0;39m [2m:[0;39m Job: [SimpleJob: [name=ADD_ACCRUAL_ENTRIES]] launched with the following parameters: [{'run.id':'{value=1, type=class java.lang.Long, identifying=true}'}]
[2m2025-07-29 18:48:12.203[0;39m [32m- INFO[0;39m [35m614984[0;39m [32m[0;39m [        default] [2m---[0;39m [2m[duler1_Worker-2][0;39m [36mo.s.b.c.l.s.TaskExecutorJobLauncher     [0;39m [2m:[0;39m Job: [SimpleJob: [name=UPDATE_TRIAL_BALANCE_DETAILS]] launched with the following parameters: [{'run.id':'{value=1, type=class java.lang.Long, identifying=true}'}]
[2m2025-07-29 18:48:12.210[0;39m [32m- INFO[0;39m [35m614984[0;39m [32m[0;39m [        default] [2m---[0;39m [2m[temp38_Worker-1][0;39m [36mo.s.b.c.l.s.TaskExecutorJobLauncher     [0;39m [2m:[0;39m Job: [SimpleJob: [name=PURGE_PROCESSED_COMMANDS]] launched with the following parameters: [{'run.id':'{value=1, type=class java.lang.Long, identifying=true}'}]
[2m2025-07-29 18:48:12.217[0;39m [32m- INFO[0;39m [35m614984[0;39m [32m[0;39m [        default] [2m---[0;39m [2m[temp37_Worker-1][0;39m [36mo.s.b.c.l.s.TaskExecutorJobLauncher     [0;39m [2m:[0;39m Job: [SimpleJob: [name=PURGE_EXTERNAL_EVENTS]] launched with the following parameters: [{'run.id':'{value=1, type=class java.lang.Long, identifying=true}'}]
[2m2025-07-29 18:48:12.222[0;39m [32m- INFO[0;39m [35m614984[0;39m [32m[0;39m [        default] [2m---[0;39m [2m[group4_Worker-1][0;39m [36mo.s.batch.core.job.SimpleStepHandler    [0;39m [2m:[0;39m Executing step: [UPDATE_SMS_OUTBOUND_WITH_CAMPAIGN_MESSAGE]
[2m2025-07-29 18:48:12.222[0;39m [32m- INFO[0;39m [35m614984[0;39m [32m[0;39m [        default] [2m---[0;39m [2m[temp39_Worker-1][0;39m [36mo.s.b.c.l.s.TaskExecutorJobLauncher     [0;39m [2m:[0;39m Job: [SimpleJob: [name=ACCRUAL_ACTIVITY_POSTING]] launched with the following parameters: [{'run.id':'{value=1, type=class java.lang.Long, identifying=true}'}]
[2m2025-07-29 18:48:12.230[0;39m [32m- INFO[0;39m [35m614984[0;39m [32m[0;39m [        default] [2m---[0;39m [2m[group3_Worker-1][0;39m [36mo.s.batch.core.job.SimpleStepHandler    [0;39m [2m:[0;39m Executing step: [ADD_ACCRUAL_ENTRIES]
[2m2025-07-29 18:48:12.233[0;39m [32m- INFO[0;39m [35m614984[0;39m [32m[0;39m [        default] [2m---[0;39m [2m[duler1_Worker-4][0;39m [36mo.s.b.c.l.s.TaskExecutorJobLauncher     [0;39m [2m:[0;39m Job: [SimpleJob: [name=APPLY_HOLIDAYS_TO_LOANS]] launched with the following parameters: [{'run.id':'{value=1, type=class java.lang.Long, identifying=true}'}]
[2m2025-07-29 18:48:12.237[0;39m [32m- INFO[0;39m [35m614984[0;39m [32m[0;39m [        default] [2m---[0;39m [2m[duler1_Worker-2][0;39m [36mo.s.batch.core.job.SimpleStepHandler    [0;39m [2m:[0;39m Executing step: [UPDATE_TRIAL_BALANCE_DETAILS]
[2m2025-07-29 18:48:12.240[0;39m [32m- INFO[0;39m [35m614984[0;39m [32m[0;39m [        default] [2m---[0;39m [2m[duler1_Worker-3][0;39m [36mo.s.b.c.l.s.TaskExecutorJobLauncher     [0;39m [2m:[0;39m Job: [SimpleJob: [name=PAY_DUE_SAVINGS_CHARGES]] launched with the following parameters: [{'run.id':'{value=1, type=class java.lang.Long, identifying=true}'}]
[2m2025-07-29 18:48:12.242[0;39m [32m- INFO[0;39m [35m614984[0;39m [32m[0;39m [        default] [2m---[0;39m [2m[temp38_Worker-1][0;39m [36mo.s.batch.core.job.SimpleStepHandler    [0;39m [2m:[0;39m Executing step: [PURGE_PROCESSED_COMMANDS_STEP]
[2m2025-07-29 18:48:12.248[0;39m [32m- INFO[0;39m [35m614984[0;39m [32m[0;39m [        default] [2m---[0;39m [2m[temp37_Worker-1][0;39m [36mo.s.batch.core.job.SimpleStepHandler    [0;39m [2m:[0;39m Executing step: [PURGE_EXTERNAL_EVENTS]
[2m2025-07-29 18:48:12.255[0;39m [32m- INFO[0;39m [35m614984[0;39m [32m[0;39m [        default] [2m---[0;39m [2m[duler1_Worker-7][0;39m [36mo.s.b.c.l.s.TaskExecutorJobLauncher     [0;39m [2m:[0;39m Job: [SimpleJob: [name=GENERATE_ADHOC_CLIENT_SCHEDULE]] launched with the following parameters: [{'run.id':'{value=1, type=class java.lang.Long, identifying=true}'}]
[2m2025-07-29 18:48:12.257[0;39m [32m- INFO[0;39m [35m614984[0;39m [32m[0;39m [        default] [2m---[0;39m [2m[group4_Worker-1][0;39m [36mo.s.batch.core.step.AbstractStep        [0;39m [2m:[0;39m Step: [UPDATE_SMS_OUTBOUND_WITH_CAMPAIGN_MESSAGE] executed in 34ms
[2m2025-07-29 18:48:12.257[0;39m [32m- INFO[0;39m [35m614984[0;39m [32m[0;39m [        default] [2m---[0;39m [2m[temp39_Worker-1][0;39m [36mo.s.batch.core.job.SimpleStepHandler    [0;39m [2m:[0;39m Executing step: [ACCRUAL_ACTIVITY_POSTING]
[2m2025-07-29 18:48:12.264[0;39m [32m- INFO[0;39m [35m614984[0;39m [32m[0;39m [        default] [2m---[0;39m [2m[duler1_Worker-4][0;39m [36mo.s.batch.core.job.SimpleStepHandler    [0;39m [2m:[0;39m Executing step: [APPLY_HOLIDAYS_TO_LOANS]
[2m2025-07-29 18:48:12.268[0;39m [32m- INFO[0;39m [35m614984[0;39m [32m[0;39m [        default] [2m---[0;39m [2m[duler1_Worker-2][0;39m [36mo.s.batch.core.step.AbstractStep        [0;39m [2m:[0;39m Step: [UPDATE_TRIAL_BALANCE_DETAILS] executed in 30ms
[2m2025-07-29 18:48:12.273[0;39m [32m- INFO[0;39m [35m614984[0;39m [32m[0;39m [        default] [2m---[0;39m [2m[duler1_Worker-3][0;39m [36mo.s.batch.core.job.SimpleStepHandler    [0;39m [2m:[0;39m Executing step: [PAY_DUE_SAVINGS_CHARGES]
[2m2025-07-29 18:48:12.273[0;39m [32m- INFO[0;39m [35m614984[0;39m [32m[0;39m [        default] [2m---[0;39m [2m[group3_Worker-1][0;39m [36mo.s.batch.core.step.AbstractStep        [0;39m [2m:[0;39m Step: [ADD_ACCRUAL_ENTRIES] executed in 42ms
[2m2025-07-29 18:48:12.286[0;39m [32m- INFO[0;39m [35m614984[0;39m [32m[0;39m [        default] [2m---[0;39m [2m[group4_Worker-1][0;39m [36mo.s.b.c.l.s.TaskExecutorJobLauncher     [0;39m [2m:[0;39m Job: [SimpleJob: [name=UPDATE_SMS_OUTBOUND_WITH_CAMPAIGN_MESSAGE]] completed with the following parameters: [{'run.id':'{value=1, type=class java.lang.Long, identifying=true}'}] and the following status: [COMPLETED] in 85ms
[2m2025-07-29 18:48:12.291[0;39m [32m- INFO[0;39m [35m614984[0;39m [32m[0;39m [        default] [2m---[0;39m [2m[temp38_Worker-1][0;39m [36mo.s.batch.core.step.AbstractStep        [0;39m [2m:[0;39m Step: [PURGE_PROCESSED_COMMANDS_STEP] executed in 49ms
[2m2025-07-29 18:48:12.291[0;39m [32m- INFO[0;39m [35m614984[0;39m [32m[0;39m [        default] [2m---[0;39m [2m[duler1_Worker-7][0;39m [36mo.s.batch.core.job.SimpleStepHandler    [0;39m [2m:[0;39m Executing step: [GENERATE_ADHOC_CLIENT_SCHEDULE]
[2m2025-07-29 18:48:12.292[0;39m [32m- INFO[0;39m [35m614984[0;39m [32m[0;39m [        default] [2m---[0;39m [2m[temp37_Worker-1][0;39m [36mo.s.batch.core.step.AbstractStep        [0;39m [2m:[0;39m Step: [PURGE_EXTERNAL_EVENTS] executed in 43ms
[2m2025-07-29 18:48:12.294[0;39m [32m- INFO[0;39m [35m614984[0;39m [32m[0;39m [        default] [2m---[0;39m [2m[temp39_Worker-1][0;39m [36mo.s.batch.core.step.AbstractStep        [0;39m [2m:[0;39m Step: [ACCRUAL_ACTIVITY_POSTING] executed in 37ms
[2m2025-07-29 18:48:12.297[0;39m [32m- INFO[0;39m [35m614984[0;39m [32m[0;39m [        default] [2m---[0;39m [2m[duler1_Worker-4][0;39m [36mo.s.batch.core.step.AbstractStep        [0;39m [2m:[0;39m Step: [APPLY_HOLIDAYS_TO_LOANS] executed in 32ms
[2m2025-07-29 18:48:12.299[0;39m [32m- INFO[0;39m [35m614984[0;39m [32m[0;39m [        default] [2m---[0;39m [2m[duler1_Worker-2][0;39m [36mo.s.b.c.l.s.TaskExecutorJobLauncher     [0;39m [2m:[0;39m Job: [SimpleJob: [name=UPDATE_TRIAL_BALANCE_DETAILS]] completed with the following parameters: [{'run.id':'{value=1, type=class java.lang.Long, identifying=true}'}] and the following status: [COMPLETED] in 85ms
[2m2025-07-29 18:48:12.304[0;39m [32m- INFO[0;39m [35m614984[0;39m [32m[0;39m [        default] [2m---[0;39m [2m[duler1_Worker-3][0;39m [36mo.s.batch.core.step.AbstractStep        [0;39m [2m:[0;39m Step: [PAY_DUE_SAVINGS_CHARGES] executed in 30ms
[2m2025-07-29 18:48:12.306[0;39m [32m- INFO[0;39m [35m614984[0;39m [32m[0;39m [        default] [2m---[0;39m [2m[group3_Worker-1][0;39m [36mo.s.b.c.l.s.TaskExecutorJobLauncher     [0;39m [2m:[0;39m Job: [SimpleJob: [name=ADD_ACCRUAL_ENTRIES]] completed with the following parameters: [{'run.id':'{value=1, type=class java.lang.Long, identifying=true}'}] and the following status: [COMPLETED] in 100ms
[2m2025-07-29 18:48:12.320[0;39m [32m- INFO[0;39m [35m614984[0;39m [32m[0;39m [        default] [2m---[0;39m [2m[duler1_Worker-7][0;39m [36mo.s.batch.core.step.AbstractStep        [0;39m [2m:[0;39m Step: [GENERATE_ADHOC_CLIENT_SCHEDULE] executed in 28ms
[2m2025-07-29 18:48:12.321[0;39m [32m- INFO[0;39m [35m614984[0;39m [32m[0;39m [        default] [2m---[0;39m [2m[temp38_Worker-1][0;39m [36mo.s.b.c.l.s.TaskExecutorJobLauncher     [0;39m [2m:[0;39m Job: [SimpleJob: [name=PURGE_PROCESSED_COMMANDS]] completed with the following parameters: [{'run.id':'{value=1, type=class java.lang.Long, identifying=true}'}] and the following status: [COMPLETED] in 99ms
[2m2025-07-29 18:48:12.323[0;39m [32m- INFO[0;39m [35m614984[0;39m [32m[0;39m [        default] [2m---[0;39m [2m[temp39_Worker-1][0;39m [36mo.s.b.c.l.s.TaskExecutorJobLauncher     [0;39m [2m:[0;39m Job: [SimpleJob: [name=ACCRUAL_ACTIVITY_POSTING]] completed with the following parameters: [{'run.id':'{value=1, type=class java.lang.Long, identifying=true}'}] and the following status: [COMPLETED] in 89ms
[2m2025-07-29 18:48:12.325[0;39m [32m- INFO[0;39m [35m614984[0;39m [32m[0;39m [        default] [2m---[0;39m [2m[temp37_Worker-1][0;39m [36mo.s.b.c.l.s.TaskExecutorJobLauncher     [0;39m [2m:[0;39m Job: [SimpleJob: [name=PURGE_EXTERNAL_EVENTS]] completed with the following parameters: [{'run.id':'{value=1, type=class java.lang.Long, identifying=true}'}] and the following status: [COMPLETED] in 94ms
[2m2025-07-29 18:48:12.327[0;39m [32m- INFO[0;39m [35m614984[0;39m [32m[0;39m [        default] [2m---[0;39m [2m[duler1_Worker-4][0;39m [36mo.s.b.c.l.s.TaskExecutorJobLauncher     [0;39m [2m:[0;39m Job: [SimpleJob: [name=APPLY_HOLIDAYS_TO_LOANS]] completed with the following parameters: [{'run.id':'{value=1, type=class java.lang.Long, identifying=true}'}] and the following status: [COMPLETED] in 80ms
[2m2025-07-29 18:48:12.351[0;39m [32m- INFO[0;39m [35m614984[0;39m [32m[0;39m [        default] [2m---[0;39m [2m[duler1_Worker-3][0;39m [36mo.s.b.c.l.s.TaskExecutorJobLauncher     [0;39m [2m:[0;39m Job: [SimpleJob: [name=PAY_DUE_SAVINGS_CHARGES]] completed with the following parameters: [{'run.id':'{value=1, type=class java.lang.Long, identifying=true}'}] and the following status: [COMPLETED] in 83ms
[2m2025-07-29 18:48:12.366[0;39m [32m- INFO[0;39m [35m614984[0;39m [32m[0;39m [      no-tenant] [2m---[0;39m [2m[       Thread-1][0;39m [36morg.quartz.core.QuartzScheduler         [0;39m [2m:[0;39m Scheduler temp39_$_NON_CLUSTERED shutting down.
[2m2025-07-29 18:48:12.368[0;39m [32m- INFO[0;39m [35m614984[0;39m [32m[0;39m [      no-tenant] [2m---[0;39m [2m[       Thread-1][0;39m [36morg.quartz.core.QuartzScheduler         [0;39m [2m:[0;39m Scheduler temp39_$_NON_CLUSTERED paused.
[2m2025-07-29 18:48:12.368[0;39m [32m- INFO[0;39m [35m614984[0;39m [32m[0;39m [      no-tenant] [2m---[0;39m [2m[       Thread-3][0;39m [36morg.quartz.core.QuartzScheduler         [0;39m [2m:[0;39m Scheduler temp38_$_NON_CLUSTERED shutting down.
[2m2025-07-29 18:48:12.368[0;39m [32m- INFO[0;39m [35m614984[0;39m [32m[0;39m [      no-tenant] [2m---[0;39m [2m[       Thread-3][0;39m [36morg.quartz.core.QuartzScheduler         [0;39m [2m:[0;39m Scheduler temp38_$_NON_CLUSTERED paused.
[2m2025-07-29 18:48:12.367[0;39m [32m- INFO[0;39m [35m614984[0;39m [32m[0;39m [        default] [2m---[0;39m [2m[duler1_Worker-7][0;39m [36mo.s.b.c.l.s.TaskExecutorJobLauncher     [0;39m [2m:[0;39m Job: [SimpleJob: [name=GENERATE_ADHOC_CLIENT_SCHEDULE]] completed with the following parameters: [{'run.id':'{value=1, type=class java.lang.Long, identifying=true}'}] and the following status: [COMPLETED] in 100ms
[2m2025-07-29 18:48:12.368[0;39m [32m- INFO[0;39m [35m614984[0;39m [32m[0;39m [      no-tenant] [2m---[0;39m [2m[       Thread-3][0;39m [36morg.quartz.core.QuartzScheduler         [0;39m [2m:[0;39m Scheduler temp38_$_NON_CLUSTERED shutdown complete.
[2m2025-07-29 18:48:12.367[0;39m [32m- INFO[0;39m [35m614984[0;39m [32m[0;39m [      no-tenant] [2m---[0;39m [2m[       Thread-2][0;39m [36morg.quartz.core.QuartzScheduler         [0;39m [2m:[0;39m Scheduler temp37_$_NON_CLUSTERED shutting down.
[2m2025-07-29 18:48:12.369[0;39m [32m- INFO[0;39m [35m614984[0;39m [32m[0;39m [      no-tenant] [2m---[0;39m [2m[       Thread-2][0;39m [36morg.quartz.core.QuartzScheduler         [0;39m [2m:[0;39m Scheduler temp37_$_NON_CLUSTERED paused.
[2m2025-07-29 18:48:12.369[0;39m [32m- INFO[0;39m [35m614984[0;39m [32m[0;39m [      no-tenant] [2m---[0;39m [2m[       Thread-1][0;39m [36morg.quartz.core.QuartzScheduler         [0;39m [2m:[0;39m Scheduler temp39_$_NON_CLUSTERED shutdown complete.
[2m2025-07-29 18:48:12.369[0;39m [32m- INFO[0;39m [35m614984[0;39m [32m[0;39m [      no-tenant] [2m---[0;39m [2m[       Thread-2][0;39m [36morg.quartz.core.QuartzScheduler         [0;39m [2m:[0;39m Scheduler temp37_$_NON_CLUSTERED shutdown complete.
[2m2025-07-29 18:48:12.391[0;39m [32m- INFO[0;39m [35m614984[0;39m [32m[0;39m [        default] [2m---[0;39m [2m[group4_Worker-1][0;39m [36mo.s.b.c.l.s.TaskExecutorJobLauncher     [0;39m [2m:[0;39m Job: [SimpleJob: [name=SEND_MESSAGES_TO_SMS_GATEWAY]] launched with the following parameters: [{'run.id':'{value=1, type=class java.lang.Long, identifying=true}'}]
[2m2025-07-29 18:48:12.408[0;39m [32m- INFO[0;39m [35m614984[0;39m [32m[0;39m [        default] [2m---[0;39m [2m[group3_Worker-1][0;39m [36mo.s.b.c.l.s.TaskExecutorJobLauncher     [0;39m [2m:[0;39m Job: [SimpleJob: [name=ADD_PERIODIC_ACCRUAL_ENTRIES]] launched with the following parameters: [{'run.id':'{value=1, type=class java.lang.Long, identifying=true}'}]
[2m2025-07-29 18:48:12.412[0;39m [32m- INFO[0;39m [35m614984[0;39m [32m[0;39m [        default] [2m---[0;39m [2m[duler1_Worker-6][0;39m [36mo.s.b.c.l.s.TaskExecutorJobLauncher     [0;39m [2m:[0;39m Job: [SimpleJob: [name=UPDATE_TRIAL_BALANCE_DETAILS]] launched with the following parameters: [{'run.id':'{value=2, type=class java.lang.Long, identifying=true}'}]
[2m2025-07-29 18:48:12.415[0;39m [32m- INFO[0;39m [35m614984[0;39m [32m[0;39m [        default] [2m---[0;39m [2m[group4_Worker-1][0;39m [36mo.s.batch.core.job.SimpleStepHandler    [0;39m [2m:[0;39m Executing step: [SEND_MESSAGES_TO_SMS_GATEWAY]
[2m2025-07-29 18:48:12.435[0;39m [32m- INFO[0;39m [35m614984[0;39m [32m[0;39m [        default] [2m---[0;39m [2m[group3_Worker-1][0;39m [36mo.s.batch.core.job.SimpleStepHandler    [0;39m [2m:[0;39m Executing step: [ADD_PERIODIC_ACCRUAL_ENTRIES]
[2m2025-07-29 18:48:12.437[0;39m [32m- INFO[0;39m [35m614984[0;39m [32m[0;39m [        default] [2m---[0;39m [2m[duler1_Worker-6][0;39m [36mo.s.batch.core.job.SimpleStepHandler    [0;39m [2m:[0;39m Executing step: [UPDATE_TRIAL_BALANCE_DETAILS]
[2m2025-07-29 18:48:12.453[0;39m [32m- INFO[0;39m [35m614984[0;39m [32m[0;39m [        default] [2m---[0;39m [2m[group4_Worker-1][0;39m [36mo.s.batch.core.step.AbstractStep        [0;39m [2m:[0;39m Step: [SEND_MESSAGES_TO_SMS_GATEWAY] executed in 37ms
[2m2025-07-29 18:48:12.455[0;39m [32m- INFO[0;39m [35m614984[0;39m [32m[0;39m [        default] [2m---[0;39m [2m[duler1_Worker-6][0;39m [36mo.s.batch.core.step.AbstractStep        [0;39m [2m:[0;39m Step: [UPDATE_TRIAL_BALANCE_DETAILS] executed in 17ms
[2m2025-07-29 18:48:12.460[0;39m [32m- INFO[0;39m [35m614984[0;39m [32m[0;39m [        default] [2m---[0;39m [2m[group3_Worker-1][0;39m [36mo.s.batch.core.step.AbstractStep        [0;39m [2m:[0;39m Step: [ADD_PERIODIC_ACCRUAL_ENTRIES] executed in 24ms
[2m2025-07-29 18:48:12.475[0;39m [32m- INFO[0;39m [35m614984[0;39m [32m[0;39m [        default] [2m---[0;39m [2m[duler1_Worker-6][0;39m [36mo.s.b.c.l.s.TaskExecutorJobLauncher     [0;39m [2m:[0;39m Job: [SimpleJob: [name=UPDATE_TRIAL_BALANCE_DETAILS]] completed with the following parameters: [{'run.id':'{value=2, type=class java.lang.Long, identifying=true}'}] and the following status: [COMPLETED] in 55ms
[2m2025-07-29 18:48:12.475[0;39m [32m- INFO[0;39m [35m614984[0;39m [32m[0;39m [        default] [2m---[0;39m [2m[group4_Worker-1][0;39m [36mo.s.b.c.l.s.TaskExecutorJobLauncher     [0;39m [2m:[0;39m Job: [SimpleJob: [name=SEND_MESSAGES_TO_SMS_GATEWAY]] completed with the following parameters: [{'run.id':'{value=1, type=class java.lang.Long, identifying=true}'}] and the following status: [COMPLETED] in 73ms
[2m2025-07-29 18:48:12.480[0;39m [32m- INFO[0;39m [35m614984[0;39m [32m[0;39m [        default] [2m---[0;39m [2m[group3_Worker-1][0;39m [36mo.s.b.c.l.s.TaskExecutorJobLauncher     [0;39m [2m:[0;39m Job: [SimpleJob: [name=ADD_PERIODIC_ACCRUAL_ENTRIES]] completed with the following parameters: [{'run.id':'{value=1, type=class java.lang.Long, identifying=true}'}] and the following status: [COMPLETED] in 64ms
[2m2025-07-29 18:48:12.525[0;39m [32m- INFO[0;39m [35m614984[0;39m [32m[0;39m [        default] [2m---[0;39m [2m[group4_Worker-1][0;39m [36mo.s.b.c.l.s.TaskExecutorJobLauncher     [0;39m [2m:[0;39m Job: [SimpleJob: [name=GET_DELIVERY_REPORTS_FROM_SMS_GATEWAY]] launched with the following parameters: [{'run.id':'{value=1, type=class java.lang.Long, identifying=true}'}]
[2m2025-07-29 18:48:12.538[0;39m [32m- INFO[0;39m [35m614984[0;39m [32m[0;39m [        default] [2m---[0;39m [2m[group3_Worker-1][0;39m [36mo.s.b.c.l.s.TaskExecutorJobLauncher     [0;39m [2m:[0;39m Job: [SimpleJob: [name=ADD_ACCRUAL_ENTRIES]] launched with the following parameters: [{'run.id':'{value=2, type=class java.lang.Long, identifying=true}'}]
[2m2025-07-29 18:48:12.660[0;39m [32m- INFO[0;39m [35m614984[0;39m [32m[0;39m [        default] [2m---[0;39m [2m[group4_Worker-1][0;39m [36mo.s.batch.core.job.SimpleStepHandler    [0;39m [2m:[0;39m Executing step: [GET_DELIVERY_REPORTS_FROM_SMS_GATEWAY]
[2m2025-07-29 18:48:12.680[0;39m [32m- INFO[0;39m [35m614984[0;39m [32m[0;39m [        default] [2m---[0;39m [2m[group3_Worker-1][0;39m [36mo.s.batch.core.job.SimpleStepHandler    [0;39m [2m:[0;39m Executing step: [ADD_ACCRUAL_ENTRIES]
[2m2025-07-29 18:48:12.688[0;39m [32m- INFO[0;39m [35m614984[0;39m [32m[0;39m [        default] [2m---[0;39m [2m[group4_Worker-1][0;39m [36mo.s.batch.core.step.AbstractStep        [0;39m [2m:[0;39m Step: [GET_DELIVERY_REPORTS_FROM_SMS_GATEWAY] executed in 27ms
[2m2025-07-29 18:48:12.704[0;39m [32m- INFO[0;39m [35m614984[0;39m [32m[0;39m [        default] [2m---[0;39m [2m[group3_Worker-1][0;39m [36mo.s.batch.core.step.AbstractStep        [0;39m [2m:[0;39m Step: [ADD_ACCRUAL_ENTRIES] executed in 23ms
[2m2025-07-29 18:48:12.708[0;39m [32m- INFO[0;39m [35m614984[0;39m [32m[0;39m [        default] [2m---[0;39m [2m[group4_Worker-1][0;39m [36mo.s.b.c.l.s.TaskExecutorJobLauncher     [0;39m [2m:[0;39m Job: [SimpleJob: [name=GET_DELIVERY_REPORTS_FROM_SMS_GATEWAY]] completed with the following parameters: [{'run.id':'{value=1, type=class java.lang.Long, identifying=true}'}] and the following status: [COMPLETED] in 174ms
[2m2025-07-29 18:48:12.726[0;39m [32m- INFO[0;39m [35m614984[0;39m [32m[0;39m [        default] [2m---[0;39m [2m[group3_Worker-1][0;39m [36mo.s.b.c.l.s.TaskExecutorJobLauncher     [0;39m [2m:[0;39m Job: [SimpleJob: [name=ADD_ACCRUAL_ENTRIES]] completed with the following parameters: [{'run.id':'{value=2, type=class java.lang.Long, identifying=true}'}] and the following status: [COMPLETED] in 179ms
[2m2025-07-29 18:48:12.784[0;39m [32m- INFO[0;39m [35m614984[0;39m [32m[0;39m [        default] [2m---[0;39m [2m[group3_Worker-1][0;39m [36mo.s.b.c.l.s.TaskExecutorJobLauncher     [0;39m [2m:[0;39m Job: [SimpleJob: [name=ADD_PERIODIC_ACCRUAL_ENTRIES]] launched with the following parameters: [{'run.id':'{value=2, type=class java.lang.Long, identifying=true}'}]
[2m2025-07-29 18:48:12.800[0;39m [32m- INFO[0;39m [35m614984[0;39m [32m[0;39m [        default] [2m---[0;39m [2m[group3_Worker-1][0;39m [36mo.s.batch.core.job.SimpleStepHandler    [0;39m [2m:[0;39m Executing step: [ADD_PERIODIC_ACCRUAL_ENTRIES]
[2m2025-07-29 18:48:12.818[0;39m [32m- INFO[0;39m [35m614984[0;39m [32m[0;39m [        default] [2m---[0;39m [2m[group3_Worker-1][0;39m [36mo.s.batch.core.step.AbstractStep        [0;39m [2m:[0;39m Step: [ADD_PERIODIC_ACCRUAL_ENTRIES] executed in 17ms
[2m2025-07-29 18:48:12.832[0;39m [32m- INFO[0;39m [35m614984[0;39m [32m[0;39m [        default] [2m---[0;39m [2m[group3_Worker-1][0;39m [36mo.s.b.c.l.s.TaskExecutorJobLauncher     [0;39m [2m:[0;39m Job: [SimpleJob: [name=ADD_PERIODIC_ACCRUAL_ENTRIES]] completed with the following parameters: [{'run.id':'{value=2, type=class java.lang.Long, identifying=true}'}] and the following status: [COMPLETED] in 42ms
[2m2025-07-29 18:49:00.052[0;39m [32m- INFO[0;39m [35m614984[0;39m [32m[0;39m [        default] [2m---[0;39m [2m[duler1_Worker-5][0;39m [36mo.s.b.c.l.s.TaskExecutorJobLauncher     [0;39m [2m:[0;39m Job: [SimpleJob: [name=SEND_ASYNCHRONOUS_EVENTS]] launched with the following parameters: [{'run.id':'{value=74, type=class java.lang.Long, identifying=true}'}]
[2m2025-07-29 18:49:00.071[0;39m [32m- INFO[0;39m [35m614984[0;39m [32m[0;39m [        default] [2m---[0;39m [2m[duler1_Worker-5][0;39m [36mo.s.batch.core.job.SimpleStepHandler    [0;39m [2m:[0;39m Executing step: [SEND_ASYNCHRONOUS_EVENTS_STEP]
[2m2025-07-29 18:49:00.091[0;39m [32m- INFO[0;39m [35m614984[0;39m [32m[0;39m [        default] [2m---[0;39m [2m[duler1_Worker-5][0;39m [36mo.s.batch.core.step.AbstractStep        [0;39m [2m:[0;39m Step: [SEND_ASYNCHRONOUS_EVENTS_STEP] executed in 19ms
[2m2025-07-29 18:49:00.110[0;39m [32m- INFO[0;39m [35m614984[0;39m [32m[0;39m [        default] [2m---[0;39m [2m[duler1_Worker-5][0;39m [36mo.s.b.c.l.s.TaskExecutorJobLauncher     [0;39m [2m:[0;39m Job: [SimpleJob: [name=SEND_ASYNCHRONOUS_EVENTS]] completed with the following parameters: [{'run.id':'{value=74, type=class java.lang.Long, identifying=true}'}] and the following status: [COMPLETED] in 52ms
[2m2025-07-29 18:50:00.059[0;39m [32m- INFO[0;39m [35m614984[0;39m [32m[0;39m [        default] [2m---[0;39m [2m[duler1_Worker-1][0;39m [36mo.s.b.c.l.s.TaskExecutorJobLauncher     [0;39m [2m:[0;39m Job: [SimpleJob: [name=EXECUTE_EMAIL]] launched with the following parameters: [{'run.id':'{value=9, type=class java.lang.Long, identifying=true}'}]
[2m2025-07-29 18:50:00.062[0;39m [32m- INFO[0;39m [35m614984[0;39m [32m[0;39m [        default] [2m---[0;39m [2m[duler1_Worker-2][0;39m [36mo.s.b.c.l.s.TaskExecutorJobLauncher     [0;39m [2m:[0;39m Job: [SimpleJob: [name=SEND_ASYNCHRONOUS_EVENTS]] launched with the following parameters: [{'run.id':'{value=75, type=class java.lang.Long, identifying=true}'}]
[2m2025-07-29 18:50:00.081[0;39m [32m- INFO[0;39m [35m614984[0;39m [32m[0;39m [        default] [2m---[0;39m [2m[duler1_Worker-1][0;39m [36mo.s.batch.core.job.SimpleStepHandler    [0;39m [2m:[0;39m Executing step: [EXECUTE_EMAIL]
[2m2025-07-29 18:50:00.083[0;39m [32m- INFO[0;39m [35m614984[0;39m [32m[0;39m [        default] [2m---[0;39m [2m[duler1_Worker-2][0;39m [36mo.s.batch.core.job.SimpleStepHandler    [0;39m [2m:[0;39m Executing step: [SEND_ASYNCHRONOUS_EVENTS_STEP]
[2m2025-07-29 18:50:00.098[0;39m [32m- INFO[0;39m [35m614984[0;39m [32m[0;39m [        default] [2m---[0;39m [2m[duler1_Worker-2][0;39m [36mo.s.batch.core.step.AbstractStep        [0;39m [2m:[0;39m Step: [SEND_ASYNCHRONOUS_EVENTS_STEP] executed in 14ms
[2m2025-07-29 18:50:00.100[0;39m [32m- INFO[0;39m [35m614984[0;39m [32m[0;39m [        default] [2m---[0;39m [2m[duler1_Worker-1][0;39m [36mo.s.batch.core.step.AbstractStep        [0;39m [2m:[0;39m Step: [EXECUTE_EMAIL] executed in 18ms
[2m2025-07-29 18:50:00.115[0;39m [32m- INFO[0;39m [35m614984[0;39m [32m[0;39m [        default] [2m---[0;39m [2m[duler1_Worker-2][0;39m [36mo.s.b.c.l.s.TaskExecutorJobLauncher     [0;39m [2m:[0;39m Job: [SimpleJob: [name=SEND_ASYNCHRONOUS_EVENTS]] completed with the following parameters: [{'run.id':'{value=75, type=class java.lang.Long, identifying=true}'}] and the following status: [COMPLETED] in 46ms
[2m2025-07-29 18:50:00.117[0;39m [32m- INFO[0;39m [35m614984[0;39m [32m[0;39m [        default] [2m---[0;39m [2m[duler1_Worker-1][0;39m [36mo.s.b.c.l.s.TaskExecutorJobLauncher     [0;39m [2m:[0;39m Job: [SimpleJob: [name=EXECUTE_EMAIL]] completed with the following parameters: [{'run.id':'{value=9, type=class java.lang.Long, identifying=true}'}] and the following status: [COMPLETED] in 49ms
[2m2025-07-29 18:51:00.056[0;39m [32m- INFO[0;39m [35m614984[0;39m [32m[0;39m [        default] [2m---[0;39m [2m[duler1_Worker-4][0;39m [36mo.s.b.c.l.s.TaskExecutorJobLauncher     [0;39m [2m:[0;39m Job: [SimpleJob: [name=SEND_ASYNCHRONOUS_EVENTS]] launched with the following parameters: [{'run.id':'{value=76, type=class java.lang.Long, identifying=true}'}]
[2m2025-07-29 18:51:00.076[0;39m [32m- INFO[0;39m [35m614984[0;39m [32m[0;39m [        default] [2m---[0;39m [2m[duler1_Worker-4][0;39m [36mo.s.batch.core.job.SimpleStepHandler    [0;39m [2m:[0;39m Executing step: [SEND_ASYNCHRONOUS_EVENTS_STEP]
[2m2025-07-29 18:51:00.090[0;39m [32m- INFO[0;39m [35m614984[0;39m [32m[0;39m [        default] [2m---[0;39m [2m[duler1_Worker-4][0;39m [36mo.s.batch.core.step.AbstractStep        [0;39m [2m:[0;39m Step: [SEND_ASYNCHRONOUS_EVENTS_STEP] executed in 13ms
[2m2025-07-29 18:51:00.104[0;39m [32m- INFO[0;39m [35m614984[0;39m [32m[0;39m [        default] [2m---[0;39m [2m[duler1_Worker-4][0;39m [36mo.s.b.c.l.s.TaskExecutorJobLauncher     [0;39m [2m:[0;39m Job: [SimpleJob: [name=SEND_ASYNCHRONOUS_EVENTS]] completed with the following parameters: [{'run.id':'{value=76, type=class java.lang.Long, identifying=true}'}] and the following status: [COMPLETED] in 42ms
[2m2025-07-29 18:52:00.059[0;39m [32m- INFO[0;39m [35m614984[0;39m [32m[0;39m [        default] [2m---[0;39m [2m[duler1_Worker-3][0;39m [36mo.s.b.c.l.s.TaskExecutorJobLauncher     [0;39m [2m:[0;39m Job: [SimpleJob: [name=SEND_ASYNCHRONOUS_EVENTS]] launched with the following parameters: [{'run.id':'{value=77, type=class java.lang.Long, identifying=true}'}]
[2m2025-07-29 18:52:00.079[0;39m [32m- INFO[0;39m [35m614984[0;39m [32m[0;39m [        default] [2m---[0;39m [2m[duler1_Worker-3][0;39m [36mo.s.batch.core.job.SimpleStepHandler    [0;39m [2m:[0;39m Executing step: [SEND_ASYNCHRONOUS_EVENTS_STEP]
[2m2025-07-29 18:52:00.097[0;39m [32m- INFO[0;39m [35m614984[0;39m [32m[0;39m [        default] [2m---[0;39m [2m[duler1_Worker-3][0;39m [36mo.s.batch.core.step.AbstractStep        [0;39m [2m:[0;39m Step: [SEND_ASYNCHRONOUS_EVENTS_STEP] executed in 16ms
[2m2025-07-29 18:52:00.113[0;39m [32m- INFO[0;39m [35m614984[0;39m [32m[0;39m [        default] [2m---[0;39m [2m[duler1_Worker-3][0;39m [36mo.s.b.c.l.s.TaskExecutorJobLauncher     [0;39m [2m:[0;39m Job: [SimpleJob: [name=SEND_ASYNCHRONOUS_EVENTS]] completed with the following parameters: [{'run.id':'{value=77, type=class java.lang.Long, identifying=true}'}] and the following status: [COMPLETED] in 48ms
[2m2025-07-29 18:53:00.105[0;39m [32m- INFO[0;39m [35m614984[0;39m [32m[0;39m [        default] [2m---[0;39m [2m[duler1_Worker-7][0;39m [36mo.s.b.c.l.s.TaskExecutorJobLauncher     [0;39m [2m:[0;39m Job: [SimpleJob: [name=SEND_ASYNCHRONOUS_EVENTS]] launched with the following parameters: [{'run.id':'{value=78, type=class java.lang.Long, identifying=true}'}]
[2m2025-07-29 18:53:00.122[0;39m [32m- INFO[0;39m [35m614984[0;39m [32m[0;39m [        default] [2m---[0;39m [2m[duler1_Worker-7][0;39m [36mo.s.batch.core.job.SimpleStepHandler    [0;39m [2m:[0;39m Executing step: [SEND_ASYNCHRONOUS_EVENTS_STEP]
[2m2025-07-29 18:53:00.136[0;39m [32m- INFO[0;39m [35m614984[0;39m [32m[0;39m [        default] [2m---[0;39m [2m[duler1_Worker-7][0;39m [36mo.s.batch.core.step.AbstractStep        [0;39m [2m:[0;39m Step: [SEND_ASYNCHRONOUS_EVENTS_STEP] executed in 14ms
[2m2025-07-29 18:53:00.153[0;39m [32m- INFO[0;39m [35m614984[0;39m [32m[0;39m [        default] [2m---[0;39m [2m[duler1_Worker-7][0;39m [36mo.s.b.c.l.s.TaskExecutorJobLauncher     [0;39m [2m:[0;39m Job: [SimpleJob: [name=SEND_ASYNCHRONOUS_EVENTS]] completed with the following parameters: [{'run.id':'{value=78, type=class java.lang.Long, identifying=true}'}] and the following status: [COMPLETED] in 42ms
[2m2025-07-29 18:54:00.061[0;39m [32m- INFO[0;39m [35m614984[0;39m [32m[0;39m [        default] [2m---[0;39m [2m[duler1_Worker-6][0;39m [36mo.s.b.c.l.s.TaskExecutorJobLauncher     [0;39m [2m:[0;39m Job: [SimpleJob: [name=SEND_ASYNCHRONOUS_EVENTS]] launched with the following parameters: [{'run.id':'{value=79, type=class java.lang.Long, identifying=true}'}]
[2m2025-07-29 18:54:00.088[0;39m [32m- INFO[0;39m [35m614984[0;39m [32m[0;39m [        default] [2m---[0;39m [2m[duler1_Worker-6][0;39m [36mo.s.batch.core.job.SimpleStepHandler    [0;39m [2m:[0;39m Executing step: [SEND_ASYNCHRONOUS_EVENTS_STEP]
[2m2025-07-29 18:54:00.110[0;39m [32m- INFO[0;39m [35m614984[0;39m [32m[0;39m [        default] [2m---[0;39m [2m[duler1_Worker-6][0;39m [36mo.s.batch.core.step.AbstractStep        [0;39m [2m:[0;39m Step: [SEND_ASYNCHRONOUS_EVENTS_STEP] executed in 21ms
[2m2025-07-29 18:54:00.132[0;39m [32m- INFO[0;39m [35m614984[0;39m [32m[0;39m [        default] [2m---[0;39m [2m[duler1_Worker-6][0;39m [36mo.s.b.c.l.s.TaskExecutorJobLauncher     [0;39m [2m:[0;39m Job: [SimpleJob: [name=SEND_ASYNCHRONOUS_EVENTS]] completed with the following parameters: [{'run.id':'{value=79, type=class java.lang.Long, identifying=true}'}] and the following status: [COMPLETED] in 63ms
[2m2025-07-29 18:55:00.056[0;39m [32m- INFO[0;39m [35m614984[0;39m [32m[0;39m [        default] [2m---[0;39m [2m[duler1_Worker-5][0;39m [36mo.s.b.c.l.s.TaskExecutorJobLauncher     [0;39m [2m:[0;39m Job: [SimpleJob: [name=SEND_ASYNCHRONOUS_EVENTS]] launched with the following parameters: [{'run.id':'{value=80, type=class java.lang.Long, identifying=true}'}]
[2m2025-07-29 18:55:00.078[0;39m [32m- INFO[0;39m [35m614984[0;39m [32m[0;39m [        default] [2m---[0;39m [2m[duler1_Worker-5][0;39m [36mo.s.batch.core.job.SimpleStepHandler    [0;39m [2m:[0;39m Executing step: [SEND_ASYNCHRONOUS_EVENTS_STEP]
[2m2025-07-29 18:55:00.094[0;39m [32m- INFO[0;39m [35m614984[0;39m [32m[0;39m [        default] [2m---[0;39m [2m[duler1_Worker-5][0;39m [36mo.s.batch.core.step.AbstractStep        [0;39m [2m:[0;39m Step: [SEND_ASYNCHRONOUS_EVENTS_STEP] executed in 16ms
[2m2025-07-29 18:55:00.113[0;39m [32m- INFO[0;39m [35m614984[0;39m [32m[0;39m [        default] [2m---[0;39m [2m[duler1_Worker-5][0;39m [36mo.s.b.c.l.s.TaskExecutorJobLauncher     [0;39m [2m:[0;39m Job: [SimpleJob: [name=SEND_ASYNCHRONOUS_EVENTS]] completed with the following parameters: [{'run.id':'{value=80, type=class java.lang.Long, identifying=true}'}] and the following status: [COMPLETED] in 48ms
[2m2025-07-29 18:56:00.051[0;39m [32m- INFO[0;39m [35m614984[0;39m [32m[0;39m [        default] [2m---[0;39m [2m[duler1_Worker-2][0;39m [36mo.s.b.c.l.s.TaskExecutorJobLauncher     [0;39m [2m:[0;39m Job: [SimpleJob: [name=SEND_ASYNCHRONOUS_EVENTS]] launched with the following parameters: [{'run.id':'{value=81, type=class java.lang.Long, identifying=true}'}]
[2m2025-07-29 18:56:00.070[0;39m [32m- INFO[0;39m [35m614984[0;39m [32m[0;39m [        default] [2m---[0;39m [2m[duler1_Worker-2][0;39m [36mo.s.batch.core.job.SimpleStepHandler    [0;39m [2m:[0;39m Executing step: [SEND_ASYNCHRONOUS_EVENTS_STEP]
[2m2025-07-29 18:56:00.085[0;39m [32m- INFO[0;39m [35m614984[0;39m [32m[0;39m [        default] [2m---[0;39m [2m[duler1_Worker-2][0;39m [36mo.s.batch.core.step.AbstractStep        [0;39m [2m:[0;39m Step: [SEND_ASYNCHRONOUS_EVENTS_STEP] executed in 14ms
[2m2025-07-29 18:56:00.098[0;39m [32m- INFO[0;39m [35m614984[0;39m [32m[0;39m [        default] [2m---[0;39m [2m[duler1_Worker-2][0;39m [36mo.s.b.c.l.s.TaskExecutorJobLauncher     [0;39m [2m:[0;39m Job: [SimpleJob: [name=SEND_ASYNCHRONOUS_EVENTS]] completed with the following parameters: [{'run.id':'{value=81, type=class java.lang.Long, identifying=true}'}] and the following status: [COMPLETED] in 42ms
[2m2025-07-29 18:57:00.058[0;39m [32m- INFO[0;39m [35m614984[0;39m [32m[0;39m [        default] [2m---[0;39m [2m[duler1_Worker-1][0;39m [36mo.s.b.c.l.s.TaskExecutorJobLauncher     [0;39m [2m:[0;39m Job: [SimpleJob: [name=SEND_ASYNCHRONOUS_EVENTS]] launched with the following parameters: [{'run.id':'{value=82, type=class java.lang.Long, identifying=true}'}]
[2m2025-07-29 18:57:00.080[0;39m [32m- INFO[0;39m [35m614984[0;39m [32m[0;39m [        default] [2m---[0;39m [2m[duler1_Worker-1][0;39m [36mo.s.batch.core.job.SimpleStepHandler    [0;39m [2m:[0;39m Executing step: [SEND_ASYNCHRONOUS_EVENTS_STEP]
[2m2025-07-29 18:57:00.099[0;39m [32m- INFO[0;39m [35m614984[0;39m [32m[0;39m [        default] [2m---[0;39m [2m[duler1_Worker-1][0;39m [36mo.s.batch.core.step.AbstractStep        [0;39m [2m:[0;39m Step: [SEND_ASYNCHRONOUS_EVENTS_STEP] executed in 18ms
[2m2025-07-29 18:57:00.117[0;39m [32m- INFO[0;39m [35m614984[0;39m [32m[0;39m [        default] [2m---[0;39m [2m[duler1_Worker-1][0;39m [36mo.s.b.c.l.s.TaskExecutorJobLauncher     [0;39m [2m:[0;39m Job: [SimpleJob: [name=SEND_ASYNCHRONOUS_EVENTS]] completed with the following parameters: [{'run.id':'{value=82, type=class java.lang.Long, identifying=true}'}] and the following status: [COMPLETED] in 53ms
[2m2025-07-29 18:58:00.068[0;39m [32m- INFO[0;39m [35m614984[0;39m [32m[0;39m [        default] [2m---[0;39m [2m[duler1_Worker-4][0;39m [36mo.s.b.c.l.s.TaskExecutorJobLauncher     [0;39m [2m:[0;39m Job: [SimpleJob: [name=SEND_ASYNCHRONOUS_EVENTS]] launched with the following parameters: [{'run.id':'{value=83, type=class java.lang.Long, identifying=true}'}]
[2m2025-07-29 18:58:00.093[0;39m [32m- INFO[0;39m [35m614984[0;39m [32m[0;39m [        default] [2m---[0;39m [2m[duler1_Worker-4][0;39m [36mo.s.batch.core.job.SimpleStepHandler    [0;39m [2m:[0;39m Executing step: [SEND_ASYNCHRONOUS_EVENTS_STEP]
[2m2025-07-29 18:58:00.115[0;39m [32m- INFO[0;39m [35m614984[0;39m [32m[0;39m [        default] [2m---[0;39m [2m[duler1_Worker-4][0;39m [36mo.s.batch.core.step.AbstractStep        [0;39m [2m:[0;39m Step: [SEND_ASYNCHRONOUS_EVENTS_STEP] executed in 21ms
[2m2025-07-29 18:58:00.136[0;39m [32m- INFO[0;39m [35m614984[0;39m [32m[0;39m [        default] [2m---[0;39m [2m[duler1_Worker-4][0;39m [36mo.s.b.c.l.s.TaskExecutorJobLauncher     [0;39m [2m:[0;39m Job: [SimpleJob: [name=SEND_ASYNCHRONOUS_EVENTS]] completed with the following parameters: [{'run.id':'{value=83, type=class java.lang.Long, identifying=true}'}] and the following status: [COMPLETED] in 60ms
[2m2025-07-29 18:59:00.059[0;39m [32m- INFO[0;39m [35m614984[0;39m [32m[0;39m [        default] [2m---[0;39m [2m[duler1_Worker-3][0;39m [36mo.s.b.c.l.s.TaskExecutorJobLauncher     [0;39m [2m:[0;39m Job: [SimpleJob: [name=SEND_ASYNCHRONOUS_EVENTS]] launched with the following parameters: [{'run.id':'{value=84, type=class java.lang.Long, identifying=true}'}]
[2m2025-07-29 18:59:00.080[0;39m [32m- INFO[0;39m [35m614984[0;39m [32m[0;39m [        default] [2m---[0;39m [2m[duler1_Worker-3][0;39m [36mo.s.batch.core.job.SimpleStepHandler    [0;39m [2m:[0;39m Executing step: [SEND_ASYNCHRONOUS_EVENTS_STEP]
[2m2025-07-29 18:59:00.097[0;39m [32m- INFO[0;39m [35m614984[0;39m [32m[0;39m [        default] [2m---[0;39m [2m[duler1_Worker-3][0;39m [36mo.s.batch.core.step.AbstractStep        [0;39m [2m:[0;39m Step: [SEND_ASYNCHRONOUS_EVENTS_STEP] executed in 16ms
[2m2025-07-29 18:59:00.112[0;39m [32m- INFO[0;39m [35m614984[0;39m [32m[0;39m [        default] [2m---[0;39m [2m[duler1_Worker-3][0;39m [36mo.s.b.c.l.s.TaskExecutorJobLauncher     [0;39m [2m:[0;39m Job: [SimpleJob: [name=SEND_ASYNCHRONOUS_EVENTS]] completed with the following parameters: [{'run.id':'{value=84, type=class java.lang.Long, identifying=true}'}] and the following status: [COMPLETED] in 48ms
[2m2025-07-29 19:00:00.110[0;39m [32m- INFO[0;39m [35m614984[0;39m [32m[0;39m [        default] [2m---[0;39m [2m[duler1_Worker-6][0;39m [36mo.s.b.c.l.s.TaskExecutorJobLauncher     [0;39m [2m:[0;39m Job: [SimpleJob: [name=EXECUTE_REPORT_MAILING_JOBS]] launched with the following parameters: [{'run.id':'{value=7, type=class java.lang.Long, identifying=true}'}]
[2m2025-07-29 19:00:00.113[0;39m [32m- INFO[0;39m [35m614984[0;39m [32m[0;39m [        default] [2m---[0;39m [2m[duler1_Worker-7][0;39m [36mo.s.b.c.l.s.TaskExecutorJobLauncher     [0;39m [2m:[0;39m Job: [SimpleJob: [name=EXECUTE_EMAIL]] launched with the following parameters: [{'run.id':'{value=10, type=class java.lang.Long, identifying=true}'}]
[2m2025-07-29 19:00:00.119[0;39m [32m- INFO[0;39m [35m614984[0;39m [32m[0;39m [        default] [2m---[0;39m [2m[duler1_Worker-2][0;39m [36mo.s.b.c.l.s.TaskExecutorJobLauncher     [0;39m [2m:[0;39m Job: [SimpleJob: [name=UPDATE_EMAIL_OUTBOUND_WITH_CAMPAIGN_MESSAGE]] launched with the following parameters: [{'run.id':'{value=7, type=class java.lang.Long, identifying=true}'}]
[2m2025-07-29 19:00:00.126[0;39m [32m- INFO[0;39m [35m614984[0;39m [32m[0;39m [        default] [2m---[0;39m [2m[duler1_Worker-5][0;39m [36mo.s.b.c.l.s.TaskExecutorJobLauncher     [0;39m [2m:[0;39m Job: [SimpleJob: [name=SEND_ASYNCHRONOUS_EVENTS]] launched with the following parameters: [{'run.id':'{value=85, type=class java.lang.Long, identifying=true}'}]
[2m2025-07-29 19:00:00.137[0;39m [32m- INFO[0;39m [35m614984[0;39m [32m[0;39m [        default] [2m---[0;39m [2m[duler1_Worker-6][0;39m [36mo.s.batch.core.job.SimpleStepHandler    [0;39m [2m:[0;39m Executing step: [EXECUTE_REPORT_MAILING_JOBS]
[2m2025-07-29 19:00:00.139[0;39m [32m- INFO[0;39m [35m614984[0;39m [32m[0;39m [        default] [2m---[0;39m [2m[duler1_Worker-7][0;39m [36mo.s.batch.core.job.SimpleStepHandler    [0;39m [2m:[0;39m Executing step: [EXECUTE_EMAIL]
[2m2025-07-29 19:00:00.143[0;39m [32m- INFO[0;39m [35m614984[0;39m [32m[0;39m [        default] [2m---[0;39m [2m[duler1_Worker-2][0;39m [36mo.s.batch.core.job.SimpleStepHandler    [0;39m [2m:[0;39m Executing step: [UPDATE_EMAIL_OUTBOUND_WITH_CAMPAIGN_MESSAGE]
[2m2025-07-29 19:00:00.151[0;39m [32m- INFO[0;39m [35m614984[0;39m [32m[0;39m [        default] [2m---[0;39m [2m[duler1_Worker-5][0;39m [36mo.s.batch.core.job.SimpleStepHandler    [0;39m [2m:[0;39m Executing step: [SEND_ASYNCHRONOUS_EVENTS_STEP]
[2m2025-07-29 19:00:00.160[0;39m [32m- INFO[0;39m [35m614984[0;39m [32m[0;39m [        default] [2m---[0;39m [2m[duler1_Worker-6][0;39m [36mo.s.batch.core.step.AbstractStep        [0;39m [2m:[0;39m Step: [EXECUTE_REPORT_MAILING_JOBS] executed in 22ms
[2m2025-07-29 19:00:00.161[0;39m [32m- INFO[0;39m [35m614984[0;39m [32m[0;39m [        default] [2m---[0;39m [2m[duler1_Worker-7][0;39m [36mo.s.batch.core.step.AbstractStep        [0;39m [2m:[0;39m Step: [EXECUTE_EMAIL] executed in 21ms
[2m2025-07-29 19:00:00.163[0;39m [32m- INFO[0;39m [35m614984[0;39m [32m[0;39m [        default] [2m---[0;39m [2m[duler1_Worker-2][0;39m [36mo.s.batch.core.step.AbstractStep        [0;39m [2m:[0;39m Step: [UPDATE_EMAIL_OUTBOUND_WITH_CAMPAIGN_MESSAGE] executed in 19ms
[2m2025-07-29 19:00:00.172[0;39m [32m- INFO[0;39m [35m614984[0;39m [32m[0;39m [        default] [2m---[0;39m [2m[duler1_Worker-5][0;39m [36mo.s.batch.core.step.AbstractStep        [0;39m [2m:[0;39m Step: [SEND_ASYNCHRONOUS_EVENTS_STEP] executed in 21ms
[2m2025-07-29 19:00:00.179[0;39m [32m- INFO[0;39m [35m614984[0;39m [32m[0;39m [        default] [2m---[0;39m [2m[duler1_Worker-6][0;39m [36mo.s.b.c.l.s.TaskExecutorJobLauncher     [0;39m [2m:[0;39m Job: [SimpleJob: [name=EXECUTE_REPORT_MAILING_JOBS]] completed with the following parameters: [{'run.id':'{value=7, type=class java.lang.Long, identifying=true}'}] and the following status: [COMPLETED] in 62ms
[2m2025-07-29 19:00:00.181[0;39m [32m- INFO[0;39m [35m614984[0;39m [32m[0;39m [        default] [2m---[0;39m [2m[duler1_Worker-7][0;39m [36mo.s.b.c.l.s.TaskExecutorJobLauncher     [0;39m [2m:[0;39m Job: [SimpleJob: [name=EXECUTE_EMAIL]] completed with the following parameters: [{'run.id':'{value=10, type=class java.lang.Long, identifying=true}'}] and the following status: [COMPLETED] in 60ms
[2m2025-07-29 19:00:00.183[0;39m [32m- INFO[0;39m [35m614984[0;39m [32m[0;39m [        default] [2m---[0;39m [2m[duler1_Worker-2][0;39m [36mo.s.b.c.l.s.TaskExecutorJobLauncher     [0;39m [2m:[0;39m Job: [SimpleJob: [name=UPDATE_EMAIL_OUTBOUND_WITH_CAMPAIGN_MESSAGE]] completed with the following parameters: [{'run.id':'{value=7, type=class java.lang.Long, identifying=true}'}] and the following status: [COMPLETED] in 57ms
[2m2025-07-29 19:00:00.194[0;39m [32m- INFO[0;39m [35m614984[0;39m [32m[0;39m [        default] [2m---[0;39m [2m[duler1_Worker-5][0;39m [36mo.s.b.c.l.s.TaskExecutorJobLauncher     [0;39m [2m:[0;39m Job: [SimpleJob: [name=SEND_ASYNCHRONOUS_EVENTS]] completed with the following parameters: [{'run.id':'{value=85, type=class java.lang.Long, identifying=true}'}] and the following status: [COMPLETED] in 59ms
[2m2025-07-29 19:01:00.058[0;39m [32m- INFO[0;39m [35m614984[0;39m [32m[0;39m [        default] [2m---[0;39m [2m[duler1_Worker-1][0;39m [36mo.s.b.c.l.s.TaskExecutorJobLauncher     [0;39m [2m:[0;39m Job: [SimpleJob: [name=SEND_ASYNCHRONOUS_EVENTS]] launched with the following parameters: [{'run.id':'{value=86, type=class java.lang.Long, identifying=true}'}]
[2m2025-07-29 19:01:00.087[0;39m [32m- INFO[0;39m [35m614984[0;39m [32m[0;39m [        default] [2m---[0;39m [2m[duler1_Worker-1][0;39m [36mo.s.batch.core.job.SimpleStepHandler    [0;39m [2m:[0;39m Executing step: [SEND_ASYNCHRONOUS_EVENTS_STEP]
[2m2025-07-29 19:01:00.106[0;39m [32m- INFO[0;39m [35m614984[0;39m [32m[0;39m [        default] [2m---[0;39m [2m[duler1_Worker-1][0;39m [36mo.s.batch.core.step.AbstractStep        [0;39m [2m:[0;39m Step: [SEND_ASYNCHRONOUS_EVENTS_STEP] executed in 18ms
[2m2025-07-29 19:01:00.125[0;39m [32m- INFO[0;39m [35m614984[0;39m [32m[0;39m [        default] [2m---[0;39m [2m[duler1_Worker-1][0;39m [36mo.s.b.c.l.s.TaskExecutorJobLauncher     [0;39m [2m:[0;39m Job: [SimpleJob: [name=SEND_ASYNCHRONOUS_EVENTS]] completed with the following parameters: [{'run.id':'{value=86, type=class java.lang.Long, identifying=true}'}] and the following status: [COMPLETED] in 60ms
[2m2025-07-29 19:02:00.064[0;39m [32m- INFO[0;39m [35m614984[0;39m [32m[0;39m [        default] [2m---[0;39m [2m[duler1_Worker-4][0;39m [36mo.s.b.c.l.s.TaskExecutorJobLauncher     [0;39m [2m:[0;39m Job: [SimpleJob: [name=SEND_ASYNCHRONOUS_EVENTS]] launched with the following parameters: [{'run.id':'{value=87, type=class java.lang.Long, identifying=true}'}]
[2m2025-07-29 19:02:00.087[0;39m [32m- INFO[0;39m [35m614984[0;39m [32m[0;39m [        default] [2m---[0;39m [2m[duler1_Worker-4][0;39m [36mo.s.batch.core.job.SimpleStepHandler    [0;39m [2m:[0;39m Executing step: [SEND_ASYNCHRONOUS_EVENTS_STEP]
[2m2025-07-29 19:02:00.107[0;39m [32m- INFO[0;39m [35m614984[0;39m [32m[0;39m [        default] [2m---[0;39m [2m[duler1_Worker-4][0;39m [36mo.s.batch.core.step.AbstractStep        [0;39m [2m:[0;39m Step: [SEND_ASYNCHRONOUS_EVENTS_STEP] executed in 19ms
[2m2025-07-29 19:02:00.129[0;39m [32m- INFO[0;39m [35m614984[0;39m [32m[0;39m [        default] [2m---[0;39m [2m[duler1_Worker-4][0;39m [36mo.s.b.c.l.s.TaskExecutorJobLauncher     [0;39m [2m:[0;39m Job: [SimpleJob: [name=SEND_ASYNCHRONOUS_EVENTS]] completed with the following parameters: [{'run.id':'{value=87, type=class java.lang.Long, identifying=true}'}] and the following status: [COMPLETED] in 58ms
[2m2025-07-29 19:03:00.059[0;39m [32m- INFO[0;39m [35m614984[0;39m [32m[0;39m [        default] [2m---[0;39m [2m[duler1_Worker-3][0;39m [36mo.s.b.c.l.s.TaskExecutorJobLauncher     [0;39m [2m:[0;39m Job: [SimpleJob: [name=SEND_ASYNCHRONOUS_EVENTS]] launched with the following parameters: [{'run.id':'{value=88, type=class java.lang.Long, identifying=true}'}]
[2m2025-07-29 19:03:00.082[0;39m [32m- INFO[0;39m [35m614984[0;39m [32m[0;39m [        default] [2m---[0;39m [2m[duler1_Worker-3][0;39m [36mo.s.batch.core.job.SimpleStepHandler    [0;39m [2m:[0;39m Executing step: [SEND_ASYNCHRONOUS_EVENTS_STEP]
[2m2025-07-29 19:03:00.101[0;39m [32m- INFO[0;39m [35m614984[0;39m [32m[0;39m [        default] [2m---[0;39m [2m[duler1_Worker-3][0;39m [36mo.s.batch.core.step.AbstractStep        [0;39m [2m:[0;39m Step: [SEND_ASYNCHRONOUS_EVENTS_STEP] executed in 18ms
[2m2025-07-29 19:03:00.121[0;39m [32m- INFO[0;39m [35m614984[0;39m [32m[0;39m [        default] [2m---[0;39m [2m[duler1_Worker-3][0;39m [36mo.s.b.c.l.s.TaskExecutorJobLauncher     [0;39m [2m:[0;39m Job: [SimpleJob: [name=SEND_ASYNCHRONOUS_EVENTS]] completed with the following parameters: [{'run.id':'{value=88, type=class java.lang.Long, identifying=true}'}] and the following status: [COMPLETED] in 54ms
[2m2025-07-29 19:04:00.140[0;39m [32m- INFO[0;39m [35m614984[0;39m [32m[0;39m [        default] [2m---[0;39m [2m[duler1_Worker-6][0;39m [36mo.s.b.c.l.s.TaskExecutorJobLauncher     [0;39m [2m:[0;39m Job: [SimpleJob: [name=SEND_ASYNCHRONOUS_EVENTS]] launched with the following parameters: [{'run.id':'{value=89, type=class java.lang.Long, identifying=true}'}]
[2m2025-07-29 19:04:00.160[0;39m [32m- INFO[0;39m [35m614984[0;39m [32m[0;39m [        default] [2m---[0;39m [2m[duler1_Worker-6][0;39m [36mo.s.batch.core.job.SimpleStepHandler    [0;39m [2m:[0;39m Executing step: [SEND_ASYNCHRONOUS_EVENTS_STEP]
[2m2025-07-29 19:04:00.178[0;39m [32m- INFO[0;39m [35m614984[0;39m [32m[0;39m [        default] [2m---[0;39m [2m[duler1_Worker-6][0;39m [36mo.s.batch.core.step.AbstractStep        [0;39m [2m:[0;39m Step: [SEND_ASYNCHRONOUS_EVENTS_STEP] executed in 17ms
[2m2025-07-29 19:04:00.200[0;39m [32m- INFO[0;39m [35m614984[0;39m [32m[0;39m [        default] [2m---[0;39m [2m[duler1_Worker-6][0;39m [36mo.s.b.c.l.s.TaskExecutorJobLauncher     [0;39m [2m:[0;39m Job: [SimpleJob: [name=SEND_ASYNCHRONOUS_EVENTS]] completed with the following parameters: [{'run.id':'{value=89, type=class java.lang.Long, identifying=true}'}] and the following status: [COMPLETED] in 53ms
[2m2025-07-29 19:05:00.061[0;39m [32m- INFO[0;39m [35m614984[0;39m [32m[0;39m [        default] [2m---[0;39m [2m[duler1_Worker-7][0;39m [36mo.s.b.c.l.s.TaskExecutorJobLauncher     [0;39m [2m:[0;39m Job: [SimpleJob: [name=SEND_ASYNCHRONOUS_EVENTS]] launched with the following parameters: [{'run.id':'{value=90, type=class java.lang.Long, identifying=true}'}]
[2m2025-07-29 19:05:00.085[0;39m [32m- INFO[0;39m [35m614984[0;39m [32m[0;39m [        default] [2m---[0;39m [2m[duler1_Worker-7][0;39m [36mo.s.batch.core.job.SimpleStepHandler    [0;39m [2m:[0;39m Executing step: [SEND_ASYNCHRONOUS_EVENTS_STEP]
[2m2025-07-29 19:05:00.102[0;39m [32m- INFO[0;39m [35m614984[0;39m [32m[0;39m [        default] [2m---[0;39m [2m[duler1_Worker-7][0;39m [36mo.s.batch.core.step.AbstractStep        [0;39m [2m:[0;39m Step: [SEND_ASYNCHRONOUS_EVENTS_STEP] executed in 17ms
[2m2025-07-29 19:05:00.119[0;39m [32m- INFO[0;39m [35m614984[0;39m [32m[0;39m [        default] [2m---[0;39m [2m[duler1_Worker-7][0;39m [36mo.s.b.c.l.s.TaskExecutorJobLauncher     [0;39m [2m:[0;39m Job: [SimpleJob: [name=SEND_ASYNCHRONOUS_EVENTS]] completed with the following parameters: [{'run.id':'{value=90, type=class java.lang.Long, identifying=true}'}] and the following status: [COMPLETED] in 50ms
[2m2025-07-29 19:06:00.056[0;39m [32m- INFO[0;39m [35m614984[0;39m [32m[0;39m [        default] [2m---[0;39m [2m[duler1_Worker-2][0;39m [36mo.s.b.c.l.s.TaskExecutorJobLauncher     [0;39m [2m:[0;39m Job: [SimpleJob: [name=SEND_ASYNCHRONOUS_EVENTS]] launched with the following parameters: [{'run.id':'{value=91, type=class java.lang.Long, identifying=true}'}]
[2m2025-07-29 19:06:00.077[0;39m [32m- INFO[0;39m [35m614984[0;39m [32m[0;39m [        default] [2m---[0;39m [2m[duler1_Worker-2][0;39m [36mo.s.batch.core.job.SimpleStepHandler    [0;39m [2m:[0;39m Executing step: [SEND_ASYNCHRONOUS_EVENTS_STEP]
[2m2025-07-29 19:06:00.094[0;39m [32m- INFO[0;39m [35m614984[0;39m [32m[0;39m [        default] [2m---[0;39m [2m[duler1_Worker-2][0;39m [36mo.s.batch.core.step.AbstractStep        [0;39m [2m:[0;39m Step: [SEND_ASYNCHRONOUS_EVENTS_STEP] executed in 16ms
[2m2025-07-29 19:06:00.115[0;39m [32m- INFO[0;39m [35m614984[0;39m [32m[0;39m [        default] [2m---[0;39m [2m[duler1_Worker-2][0;39m [36mo.s.b.c.l.s.TaskExecutorJobLauncher     [0;39m [2m:[0;39m Job: [SimpleJob: [name=SEND_ASYNCHRONOUS_EVENTS]] completed with the following parameters: [{'run.id':'{value=91, type=class java.lang.Long, identifying=true}'}] and the following status: [COMPLETED] in 51ms
[2m2025-07-29 19:07:00.066[0;39m [32m- INFO[0;39m [35m614984[0;39m [32m[0;39m [        default] [2m---[0;39m [2m[duler1_Worker-5][0;39m [36mo.s.b.c.l.s.TaskExecutorJobLauncher     [0;39m [2m:[0;39m Job: [SimpleJob: [name=SEND_ASYNCHRONOUS_EVENTS]] launched with the following parameters: [{'run.id':'{value=92, type=class java.lang.Long, identifying=true}'}]
[2m2025-07-29 19:07:00.088[0;39m [32m- INFO[0;39m [35m614984[0;39m [32m[0;39m [        default] [2m---[0;39m [2m[duler1_Worker-5][0;39m [36mo.s.batch.core.job.SimpleStepHandler    [0;39m [2m:[0;39m Executing step: [SEND_ASYNCHRONOUS_EVENTS_STEP]
[2m2025-07-29 19:07:00.106[0;39m [32m- INFO[0;39m [35m614984[0;39m [32m[0;39m [        default] [2m---[0;39m [2m[duler1_Worker-5][0;39m [36mo.s.batch.core.step.AbstractStep        [0;39m [2m:[0;39m Step: [SEND_ASYNCHRONOUS_EVENTS_STEP] executed in 17ms
[2m2025-07-29 19:07:00.126[0;39m [32m- INFO[0;39m [35m614984[0;39m [32m[0;39m [        default] [2m---[0;39m [2m[duler1_Worker-5][0;39m [36mo.s.b.c.l.s.TaskExecutorJobLauncher     [0;39m [2m:[0;39m Job: [SimpleJob: [name=SEND_ASYNCHRONOUS_EVENTS]] completed with the following parameters: [{'run.id':'{value=92, type=class java.lang.Long, identifying=true}'}] and the following status: [COMPLETED] in 51ms
[2m2025-07-29 19:07:33.454[0;39m [33m- WARN[0;39m [35m614984[0;39m [33m[0;39m [        default] [2m---[0;39m [2m[nio-8443-exec-6][0;39m [36m.PlatformResourceNotFoundExceptionMapper[0;39m [2m:[0;39m Exception occurred

org.apache.fineract.accounting.financialactivityaccount.exception.FinancialActivityAccountNotFoundException: Financial Activity account with for the financial Activity with Id 300 does not exist
	at org.apache.fineract.accounting.financialactivityaccount.domain.FinancialActivityAccountRepositoryWrapper.findByFinancialActivityTypeWithNotFoundDetection(FinancialActivityAccountRepositoryWrapper.java:48)
	at org.apache.fineract.accounting.journalentry.service.JournalEntryReadPlatformServiceImpl.retrieveOfficeOpeningBalances(JournalEntryReadPlatformServiceImpl.java:405)
	at org.apache.fineract.accounting.journalentry.api.JournalEntriesApiResource.retrieveOpeningBalance(JournalEntriesApiResource.java:269)
	at java.base/jdk.internal.reflect.DirectMethodHandleAccessor.invoke(DirectMethodHandleAccessor.java:103)
	at java.base/java.lang.reflect.Method.invoke(Method.java:580)
	at org.glassfish.jersey.server.model.internal.ResourceMethodInvocationHandlerFactory.lambda$static$0(ResourceMethodInvocationHandlerFactory.java:52)
	at org.glassfish.jersey.server.model.internal.AbstractJavaResourceMethodDispatcher$1.run(AbstractJavaResourceMethodDispatcher.java:146)
	at org.glassfish.jersey.server.model.internal.AbstractJavaResourceMethodDispatcher.invoke(AbstractJavaResourceMethodDispatcher.java:189)
	at org.glassfish.jersey.server.model.internal.JavaResourceMethodDispatcherProvider$TypeOutInvoker.doDispatch(JavaResourceMethodDispatcherProvider.java:219)
	at org.glassfish.jersey.server.model.internal.AbstractJavaResourceMethodDispatcher.dispatch(AbstractJavaResourceMethodDispatcher.java:93)
	at org.glassfish.jersey.server.model.ResourceMethodInvoker.invoke(ResourceMethodInvoker.java:478)
	at org.glassfish.jersey.server.model.ResourceMethodInvoker.apply(ResourceMethodInvoker.java:400)
	at org.glassfish.jersey.server.model.ResourceMethodInvoker.apply(ResourceMethodInvoker.java:81)
	at org.glassfish.jersey.server.ServerRuntime$1.run(ServerRuntime.java:274)
	at org.glassfish.jersey.internal.Errors$1.call(Errors.java:248)
	at org.glassfish.jersey.internal.Errors$1.call(Errors.java:244)
	at org.glassfish.jersey.internal.Errors.process(Errors.java:292)
	at org.glassfish.jersey.internal.Errors.process(Errors.java:274)
	at org.glassfish.jersey.internal.Errors.process(Errors.java:244)
	at org.glassfish.jersey.process.internal.RequestScope.runInScope(RequestScope.java:266)
	at org.glassfish.jersey.server.ServerRuntime.process(ServerRuntime.java:253)
	at org.glassfish.jersey.server.ApplicationHandler.handle(ApplicationHandler.java:696)
	at org.glassfish.jersey.servlet.WebComponent.serviceImpl(WebComponent.java:397)
	at org.glassfish.jersey.servlet.WebComponent.service(WebComponent.java:349)
	at org.glassfish.jersey.servlet.ServletContainer.service(ServletContainer.java:358)
	at org.glassfish.jersey.servlet.ServletContainer.service(ServletContainer.java:312)
	at org.glassfish.jersey.servlet.ServletContainer.service(ServletContainer.java:205)
	at org.apache.catalina.core.ApplicationFilterChain.internalDoFilter(ApplicationFilterChain.java:195)
	at org.apache.catalina.core.ApplicationFilterChain.doFilter(ApplicationFilterChain.java:140)
	at org.apache.tomcat.websocket.server.WsFilter.doFilter(WsFilter.java:51)
	at org.apache.catalina.core.ApplicationFilterChain.internalDoFilter(ApplicationFilterChain.java:164)
	at org.apache.catalina.core.ApplicationFilterChain.doFilter(ApplicationFilterChain.java:140)
	at org.springframework.web.filter.RequestContextFilter.doFilterInternal(RequestContextFilter.java:100)
	at org.springframework.web.filter.OncePerRequestFilter.doFilter(OncePerRequestFilter.java:116)
	at org.apache.catalina.core.ApplicationFilterChain.internalDoFilter(ApplicationFilterChain.java:164)
	at org.apache.catalina.core.ApplicationFilterChain.doFilter(ApplicationFilterChain.java:140)
	at org.springframework.web.filter.CompositeFilter$VirtualFilterChain.doFilter(CompositeFilter.java:108)
	at org.springframework.security.web.FilterChainProxy.lambda$doFilterInternal$3(FilterChainProxy.java:231)
	at org.springframework.security.web.ObservationFilterChainDecorator$FilterObservation$SimpleFilterObservation.lambda$wrap$1(ObservationFilterChainDecorator.java:479)
	at org.springframework.security.web.ObservationFilterChainDecorator$AroundFilterObservation$SimpleAroundFilterObservation.lambda$wrap$1(ObservationFilterChainDecorator.java:340)
	at org.springframework.security.web.ObservationFilterChainDecorator.lambda$wrapSecured$0(ObservationFilterChainDecorator.java:82)
	at org.springframework.security.web.ObservationFilterChainDecorator$VirtualFilterChain.doFilter(ObservationFilterChainDecorator.java:128)
	at org.springframework.security.web.access.intercept.AuthorizationFilter.doFilter(AuthorizationFilter.java:101)
	at org.springframework.security.web.ObservationFilterChainDecorator$ObservationFilter.wrapFilter(ObservationFilterChainDecorator.java:240)
	at org.springframework.security.web.ObservationFilterChainDecorator$ObservationFilter.doFilter(ObservationFilterChainDecorator.java:227)
	at org.springframework.security.web.ObservationFilterChainDecorator$VirtualFilterChain.doFilter(ObservationFilterChainDecorator.java:137)
	at org.apache.fineract.infrastructure.core.filters.IdempotencyStoreFilter.doFilterInternal(IdempotencyStoreFilter.java:57)
	at org.springframework.web.filter.OncePerRequestFilter.doFilter(OncePerRequestFilter.java:116)
	at org.springframework.security.web.ObservationFilterChainDecorator$ObservationFilter.wrapFilter(ObservationFilterChainDecorator.java:240)
	at org.springframework.security.web.ObservationFilterChainDecorator$ObservationFilter.doFilter(ObservationFilterChainDecorator.java:227)
	at org.springframework.security.web.ObservationFilterChainDecorator$VirtualFilterChain.doFilter(ObservationFilterChainDecorator.java:137)
	at org.apache.fineract.infrastructure.jobs.filter.LoanCOBApiFilter.proceed(LoanCOBApiFilter.java:95)
	at org.apache.fineract.infrastructure.jobs.filter.LoanCOBApiFilter.doFilterInternal(LoanCOBApiFilter.java:70)
	at org.springframework.web.filter.OncePerRequestFilter.doFilter(OncePerRequestFilter.java:116)
	at org.springframework.security.web.ObservationFilterChainDecorator$ObservationFilter.wrapFilter(ObservationFilterChainDecorator.java:240)
	at org.springframework.security.web.ObservationFilterChainDecorator$ObservationFilter.doFilter(ObservationFilterChainDecorator.java:227)
	at org.springframework.security.web.ObservationFilterChainDecorator$VirtualFilterChain.doFilter(ObservationFilterChainDecorator.java:137)
	at org.apache.fineract.infrastructure.security.filter.InsecureTwoFactorAuthenticationFilter.doFilter(InsecureTwoFactorAuthenticationFilter.java:76)
	at org.springframework.security.web.ObservationFilterChainDecorator$ObservationFilter.wrapFilter(ObservationFilterChainDecorator.java:240)
	at org.springframework.security.web.ObservationFilterChainDecorator$ObservationFilter.doFilter(ObservationFilterChainDecorator.java:227)
	at org.springframework.security.web.ObservationFilterChainDecorator$VirtualFilterChain.doFilter(ObservationFilterChainDecorator.java:137)
	at org.apache.fineract.infrastructure.instancemode.filter.FineractInstanceModeApiFilter.proceed(FineractInstanceModeApiFilter.java:84)
	at org.apache.fineract.infrastructure.instancemode.filter.FineractInstanceModeApiFilter.doFilterInternal(FineractInstanceModeApiFilter.java:65)
	at org.springframework.web.filter.OncePerRequestFilter.doFilter(OncePerRequestFilter.java:116)
	at org.springframework.security.web.ObservationFilterChainDecorator$ObservationFilter.wrapFilter(ObservationFilterChainDecorator.java:240)
	at org.springframework.security.web.ObservationFilterChainDecorator$ObservationFilter.doFilter(ObservationFilterChainDecorator.java:227)
	at org.springframework.security.web.ObservationFilterChainDecorator$VirtualFilterChain.doFilter(ObservationFilterChainDecorator.java:137)
	at org.apache.fineract.infrastructure.core.filters.CorrelationHeaderFilter.doFilterInternal(CorrelationHeaderFilter.java:51)
	at org.springframework.web.filter.OncePerRequestFilter.doFilter(OncePerRequestFilter.java:116)
	at org.springframework.security.web.ObservationFilterChainDecorator$ObservationFilter.wrapFilter(ObservationFilterChainDecorator.java:240)
	at org.springframework.security.web.ObservationFilterChainDecorator$ObservationFilter.doFilter(ObservationFilterChainDecorator.java:227)
	at org.springframework.security.web.ObservationFilterChainDecorator$VirtualFilterChain.doFilter(ObservationFilterChainDecorator.java:137)
	at org.apache.fineract.infrastructure.core.filters.RequestResponseFilter.doFilterInternal(RequestResponseFilter.java:39)
	at org.springframework.web.filter.OncePerRequestFilter.doFilter(OncePerRequestFilter.java:116)
	at org.springframework.security.web.ObservationFilterChainDecorator$ObservationFilter.wrapFilter(ObservationFilterChainDecorator.java:240)
	at org.springframework.security.web.ObservationFilterChainDecorator$ObservationFilter.doFilter(ObservationFilterChainDecorator.java:227)
	at org.springframework.security.web.ObservationFilterChainDecorator$VirtualFilterChain.doFilter(ObservationFilterChainDecorator.java:137)
	at org.springframework.security.web.access.ExceptionTranslationFilter.doFilter(ExceptionTranslationFilter.java:126)
	at org.springframework.security.web.access.ExceptionTranslationFilter.doFilter(ExceptionTranslationFilter.java:120)
	at org.springframework.security.web.ObservationFilterChainDecorator$ObservationFilter.wrapFilter(ObservationFilterChainDecorator.java:240)
	at org.springframework.security.web.ObservationFilterChainDecorator$ObservationFilter.doFilter(ObservationFilterChainDecorator.java:227)
	at org.springframework.security.web.ObservationFilterChainDecorator$VirtualFilterChain.doFilter(ObservationFilterChainDecorator.java:137)
	at org.springframework.security.web.session.SessionManagementFilter.doFilter(SessionManagementFilter.java:131)
	at org.springframework.security.web.session.SessionManagementFilter.doFilter(SessionManagementFilter.java:85)
	at org.springframework.security.web.ObservationFilterChainDecorator$ObservationFilter.wrapFilter(ObservationFilterChainDecorator.java:240)
	at org.springframework.security.web.ObservationFilterChainDecorator$ObservationFilter.doFilter(ObservationFilterChainDecorator.java:227)
	at org.springframework.security.web.ObservationFilterChainDecorator$VirtualFilterChain.doFilter(ObservationFilterChainDecorator.java:137)
	at org.springframework.security.web.authentication.AnonymousAuthenticationFilter.doFilter(AnonymousAuthenticationFilter.java:100)
	at org.springframework.security.web.ObservationFilterChainDecorator$ObservationFilter.wrapFilter(ObservationFilterChainDecorator.java:240)
	at org.springframework.security.web.ObservationFilterChainDecorator$ObservationFilter.doFilter(ObservationFilterChainDecorator.java:227)
	at org.springframework.security.web.ObservationFilterChainDecorator$VirtualFilterChain.doFilter(ObservationFilterChainDecorator.java:137)
	at org.springframework.security.web.servletapi.SecurityContextHolderAwareRequestFilter.doFilter(SecurityContextHolderAwareRequestFilter.java:179)
	at org.springframework.security.web.ObservationFilterChainDecorator$ObservationFilter.wrapFilter(ObservationFilterChainDecorator.java:240)
	at org.springframework.security.web.ObservationFilterChainDecorator$ObservationFilter.doFilter(ObservationFilterChainDecorator.java:227)
	at org.springframework.security.web.ObservationFilterChainDecorator$VirtualFilterChain.doFilter(ObservationFilterChainDecorator.java:137)
	at org.springframework.security.web.savedrequest.RequestCacheAwareFilter.doFilter(RequestCacheAwareFilter.java:63)
	at org.springframework.security.web.ObservationFilterChainDecorator$ObservationFilter.wrapFilter(ObservationFilterChainDecorator.java:240)
	at org.springframework.security.web.ObservationFilterChainDecorator$ObservationFilter.doFilter(ObservationFilterChainDecorator.java:227)
	at org.springframework.security.web.ObservationFilterChainDecorator$VirtualFilterChain.doFilter(ObservationFilterChainDecorator.java:137)
	at org.springframework.security.web.authentication.www.BasicAuthenticationFilter.doFilterInternal(BasicAuthenticationFilter.java:213)
	at org.springframework.web.filter.OncePerRequestFilter.doFilter(OncePerRequestFilter.java:116)
	at org.springframework.security.web.ObservationFilterChainDecorator$ObservationFilter.wrapFilter(ObservationFilterChainDecorator.java:240)
	at org.springframework.security.web.ObservationFilterChainDecorator$ObservationFilter.doFilter(ObservationFilterChainDecorator.java:227)
	at org.springframework.security.web.ObservationFilterChainDecorator$VirtualFilterChain.doFilter(ObservationFilterChainDecorator.java:137)
	at org.springframework.security.web.authentication.logout.LogoutFilter.doFilter(LogoutFilter.java:107)
	at org.springframework.security.web.authentication.logout.LogoutFilter.doFilter(LogoutFilter.java:93)
	at org.springframework.security.web.ObservationFilterChainDecorator$ObservationFilter.wrapFilter(ObservationFilterChainDecorator.java:240)
	at org.springframework.security.web.ObservationFilterChainDecorator$ObservationFilter.doFilter(ObservationFilterChainDecorator.java:227)
	at org.springframework.security.web.ObservationFilterChainDecorator$VirtualFilterChain.doFilter(ObservationFilterChainDecorator.java:137)
	at org.springframework.web.filter.CorsFilter.doFilterInternal(CorsFilter.java:91)
	at org.springframework.web.filter.OncePerRequestFilter.doFilter(OncePerRequestFilter.java:116)
	at org.springframework.security.web.ObservationFilterChainDecorator$ObservationFilter.wrapFilter(ObservationFilterChainDecorator.java:240)
	at org.springframework.security.web.ObservationFilterChainDecorator$ObservationFilter.doFilter(ObservationFilterChainDecorator.java:227)
	at org.springframework.security.web.ObservationFilterChainDecorator$VirtualFilterChain.doFilter(ObservationFilterChainDecorator.java:137)
	at org.springframework.security.web.header.HeaderWriterFilter.doHeadersAfter(HeaderWriterFilter.java:90)
	at org.springframework.security.web.header.HeaderWriterFilter.doFilterInternal(HeaderWriterFilter.java:75)
	at org.springframework.web.filter.OncePerRequestFilter.doFilter(OncePerRequestFilter.java:116)
	at org.springframework.security.web.ObservationFilterChainDecorator$ObservationFilter.wrapFilter(ObservationFilterChainDecorator.java:240)
	at org.springframework.security.web.ObservationFilterChainDecorator$ObservationFilter.doFilter(ObservationFilterChainDecorator.java:227)
	at org.springframework.security.web.ObservationFilterChainDecorator$VirtualFilterChain.doFilter(ObservationFilterChainDecorator.java:137)
	at org.springframework.security.web.context.SecurityContextHolderFilter.doFilter(SecurityContextHolderFilter.java:82)
	at org.springframework.security.web.context.SecurityContextHolderFilter.doFilter(SecurityContextHolderFilter.java:69)
	at org.springframework.security.web.ObservationFilterChainDecorator$ObservationFilter.wrapFilter(ObservationFilterChainDecorator.java:240)
	at org.springframework.security.web.ObservationFilterChainDecorator$ObservationFilter.doFilter(ObservationFilterChainDecorator.java:227)
	at org.springframework.security.web.ObservationFilterChainDecorator$VirtualFilterChain.doFilter(ObservationFilterChainDecorator.java:137)
	at org.springframework.security.web.authentication.www.BasicAuthenticationFilter.doFilterInternal(BasicAuthenticationFilter.java:213)
	at org.apache.fineract.infrastructure.security.filter.TenantAwareBasicAuthenticationFilter.doFilterInternal(TenantAwareBasicAuthenticationFilter.java:154)
	at org.springframework.web.filter.OncePerRequestFilter.doFilter(OncePerRequestFilter.java:116)
	at org.springframework.security.web.ObservationFilterChainDecorator$ObservationFilter.wrapFilter(ObservationFilterChainDecorator.java:240)
	at org.springframework.security.web.ObservationFilterChainDecorator$ObservationFilter.doFilter(ObservationFilterChainDecorator.java:227)
	at org.springframework.security.web.ObservationFilterChainDecorator$VirtualFilterChain.doFilter(ObservationFilterChainDecorator.java:137)
	at org.springframework.security.web.context.request.async.WebAsyncManagerIntegrationFilter.doFilterInternal(WebAsyncManagerIntegrationFilter.java:62)
	at org.springframework.web.filter.OncePerRequestFilter.doFilter(OncePerRequestFilter.java:116)
	at org.springframework.security.web.ObservationFilterChainDecorator$ObservationFilter.wrapFilter(ObservationFilterChainDecorator.java:240)
	at org.springframework.security.web.ObservationFilterChainDecorator$ObservationFilter.doFilter(ObservationFilterChainDecorator.java:227)
	at org.springframework.security.web.ObservationFilterChainDecorator$VirtualFilterChain.doFilter(ObservationFilterChainDecorator.java:137)
	at org.springframework.security.web.access.channel.ChannelProcessingFilter.doFilter(ChannelProcessingFilter.java:133)
	at org.springframework.security.web.ObservationFilterChainDecorator$ObservationFilter.wrapFilter(ObservationFilterChainDecorator.java:240)
	at org.springframework.security.web.ObservationFilterChainDecorator$ObservationFilter.doFilter(ObservationFilterChainDecorator.java:227)
	at org.springframework.security.web.ObservationFilterChainDecorator$VirtualFilterChain.doFilter(ObservationFilterChainDecorator.java:137)
	at org.springframework.security.web.session.DisableEncodeUrlFilter.doFilterInternal(DisableEncodeUrlFilter.java:42)
	at org.springframework.web.filter.OncePerRequestFilter.doFilter(OncePerRequestFilter.java:116)
	at org.springframework.security.web.ObservationFilterChainDecorator$ObservationFilter.wrapFilter(ObservationFilterChainDecorator.java:240)
	at org.springframework.security.web.ObservationFilterChainDecorator$AroundFilterObservation$SimpleAroundFilterObservation.lambda$wrap$0(ObservationFilterChainDecorator.java:323)
	at org.springframework.security.web.ObservationFilterChainDecorator$ObservationFilter.doFilter(ObservationFilterChainDecorator.java:224)
	at org.springframework.security.web.ObservationFilterChainDecorator$VirtualFilterChain.doFilter(ObservationFilterChainDecorator.java:137)
	at org.springframework.security.web.FilterChainProxy.doFilterInternal(FilterChainProxy.java:233)
	at org.springframework.security.web.FilterChainProxy.doFilter(FilterChainProxy.java:191)
	at org.springframework.web.filter.CompositeFilter$VirtualFilterChain.doFilter(CompositeFilter.java:113)
	at org.springframework.web.servlet.handler.HandlerMappingIntrospector.lambda$createCacheFilter$3(HandlerMappingIntrospector.java:243)
	at org.springframework.web.filter.CompositeFilter$VirtualFilterChain.doFilter(CompositeFilter.java:113)
	at org.springframework.web.filter.CompositeFilter.doFilter(CompositeFilter.java:74)
	at org.springframework.security.config.annotation.web.configuration.WebMvcSecurityConfiguration$CompositeFilterChainProxy.doFilter(WebMvcSecurityConfiguration.java:238)
	at org.springframework.web.filter.DelegatingFilterProxy.invokeDelegate(DelegatingFilterProxy.java:362)
	at org.springframework.web.filter.DelegatingFilterProxy.doFilter(DelegatingFilterProxy.java:278)
	at org.apache.catalina.core.ApplicationFilterChain.internalDoFilter(ApplicationFilterChain.java:164)
	at org.apache.catalina.core.ApplicationFilterChain.doFilter(ApplicationFilterChain.java:140)
	at org.springframework.web.filter.FormContentFilter.doFilterInternal(FormContentFilter.java:93)
	at org.springframework.web.filter.OncePerRequestFilter.doFilter(OncePerRequestFilter.java:116)
	at org.apache.catalina.core.ApplicationFilterChain.internalDoFilter(ApplicationFilterChain.java:164)
	at org.apache.catalina.core.ApplicationFilterChain.doFilter(ApplicationFilterChain.java:140)
	at org.springframework.web.filter.ServerHttpObservationFilter.doFilterInternal(ServerHttpObservationFilter.java:114)
	at org.springframework.web.filter.OncePerRequestFilter.doFilter(OncePerRequestFilter.java:116)
	at org.apache.catalina.core.ApplicationFilterChain.internalDoFilter(ApplicationFilterChain.java:164)
	at org.apache.catalina.core.ApplicationFilterChain.doFilter(ApplicationFilterChain.java:140)
	at org.springframework.web.filter.CharacterEncodingFilter.doFilterInternal(CharacterEncodingFilter.java:201)
	at org.springframework.web.filter.OncePerRequestFilter.doFilter(OncePerRequestFilter.java:116)
	at org.apache.catalina.core.ApplicationFilterChain.internalDoFilter(ApplicationFilterChain.java:164)
	at org.apache.catalina.core.ApplicationFilterChain.doFilter(ApplicationFilterChain.java:140)
	at org.springframework.web.filter.OncePerRequestFilter.doFilter(OncePerRequestFilter.java:101)
	at org.apache.catalina.core.ApplicationFilterChain.internalDoFilter(ApplicationFilterChain.java:164)
	at org.apache.catalina.core.ApplicationFilterChain.doFilter(ApplicationFilterChain.java:140)
	at org.apache.catalina.core.StandardWrapperValve.invoke(StandardWrapperValve.java:167)
	at org.apache.catalina.core.StandardContextValve.invoke(StandardContextValve.java:90)
	at org.apache.catalina.authenticator.AuthenticatorBase.invoke(AuthenticatorBase.java:483)
	at org.apache.catalina.core.StandardHostValve.invoke(StandardHostValve.java:115)
	at org.apache.catalina.valves.ErrorReportValve.invoke(ErrorReportValve.java:93)
	at org.apache.catalina.core.StandardEngineValve.invoke(StandardEngineValve.java:74)
	at org.apache.catalina.connector.CoyoteAdapter.service(CoyoteAdapter.java:344)
	at org.apache.coyote.http11.Http11Processor.service(Http11Processor.java:397)
	at org.apache.coyote.AbstractProcessorLight.process(AbstractProcessorLight.java:63)
	at org.apache.coyote.AbstractProtocol$ConnectionHandler.process(AbstractProtocol.java:905)
	at org.apache.tomcat.util.net.NioEndpoint$SocketProcessor.doRun(NioEndpoint.java:1743)
	at org.apache.tomcat.util.net.SocketProcessorBase.run(SocketProcessorBase.java:52)
	at org.apache.tomcat.util.threads.ThreadPoolExecutor.runWorker(ThreadPoolExecutor.java:1190)
	at org.apache.tomcat.util.threads.ThreadPoolExecutor$Worker.run(ThreadPoolExecutor.java:659)
	at org.apache.tomcat.util.threads.TaskThread$WrappingRunnable.run(TaskThread.java:63)
	at java.base/java.lang.Thread.run(Thread.java:1583)

[2m2025-07-29 19:08:00.060[0;39m [32m- INFO[0;39m [35m614984[0;39m [32m[0;39m [        default] [2m---[0;39m [2m[duler1_Worker-1][0;39m [36mo.s.b.c.l.s.TaskExecutorJobLauncher     [0;39m [2m:[0;39m Job: [SimpleJob: [name=SEND_ASYNCHRONOUS_EVENTS]] launched with the following parameters: [{'run.id':'{value=93, type=class java.lang.Long, identifying=true}'}]
[2m2025-07-29 19:08:00.079[0;39m [32m- INFO[0;39m [35m614984[0;39m [32m[0;39m [        default] [2m---[0;39m [2m[duler1_Worker-1][0;39m [36mo.s.batch.core.job.SimpleStepHandler    [0;39m [2m:[0;39m Executing step: [SEND_ASYNCHRONOUS_EVENTS_STEP]
[2m2025-07-29 19:08:00.097[0;39m [32m- INFO[0;39m [35m614984[0;39m [32m[0;39m [        default] [2m---[0;39m [2m[duler1_Worker-1][0;39m [36mo.s.batch.core.step.AbstractStep        [0;39m [2m:[0;39m Step: [SEND_ASYNCHRONOUS_EVENTS_STEP] executed in 17ms
[2m2025-07-29 19:08:00.120[0;39m [32m- INFO[0;39m [35m614984[0;39m [32m[0;39m [        default] [2m---[0;39m [2m[duler1_Worker-1][0;39m [36mo.s.b.c.l.s.TaskExecutorJobLauncher     [0;39m [2m:[0;39m Job: [SimpleJob: [name=SEND_ASYNCHRONOUS_EVENTS]] completed with the following parameters: [{'run.id':'{value=93, type=class java.lang.Long, identifying=true}'}] and the following status: [COMPLETED] in 50ms
[2m2025-07-29 19:09:00.100[0;39m [32m- INFO[0;39m [35m614984[0;39m [32m[0;39m [        default] [2m---[0;39m [2m[duler1_Worker-4][0;39m [36mo.s.b.c.l.s.TaskExecutorJobLauncher     [0;39m [2m:[0;39m Job: [SimpleJob: [name=SEND_ASYNCHRONOUS_EVENTS]] launched with the following parameters: [{'run.id':'{value=94, type=class java.lang.Long, identifying=true}'}]
[2m2025-07-29 19:09:00.117[0;39m [32m- INFO[0;39m [35m614984[0;39m [32m[0;39m [        default] [2m---[0;39m [2m[duler1_Worker-4][0;39m [36mo.s.batch.core.job.SimpleStepHandler    [0;39m [2m:[0;39m Executing step: [SEND_ASYNCHRONOUS_EVENTS_STEP]
[2m2025-07-29 19:09:00.135[0;39m [32m- INFO[0;39m [35m614984[0;39m [32m[0;39m [        default] [2m---[0;39m [2m[duler1_Worker-4][0;39m [36mo.s.batch.core.step.AbstractStep        [0;39m [2m:[0;39m Step: [SEND_ASYNCHRONOUS_EVENTS_STEP] executed in 17ms
[2m2025-07-29 19:09:00.153[0;39m [32m- INFO[0;39m [35m614984[0;39m [32m[0;39m [        default] [2m---[0;39m [2m[duler1_Worker-4][0;39m [36mo.s.b.c.l.s.TaskExecutorJobLauncher     [0;39m [2m:[0;39m Job: [SimpleJob: [name=SEND_ASYNCHRONOUS_EVENTS]] completed with the following parameters: [{'run.id':'{value=94, type=class java.lang.Long, identifying=true}'}] and the following status: [COMPLETED] in 48ms
[2m2025-07-29 19:10:00.055[0;39m [32m- INFO[0;39m [35m614984[0;39m [32m[0;39m [        default] [2m---[0;39m [2m[duler1_Worker-6][0;39m [36mo.s.b.c.l.s.TaskExecutorJobLauncher     [0;39m [2m:[0;39m Job: [SimpleJob: [name=SEND_ASYNCHRONOUS_EVENTS]] launched with the following parameters: [{'run.id':'{value=95, type=class java.lang.Long, identifying=true}'}]
[2m2025-07-29 19:10:00.059[0;39m [32m- INFO[0;39m [35m614984[0;39m [32m[0;39m [        default] [2m---[0;39m [2m[duler1_Worker-3][0;39m [36mo.s.b.c.l.s.TaskExecutorJobLauncher     [0;39m [2m:[0;39m Job: [SimpleJob: [name=EXECUTE_EMAIL]] launched with the following parameters: [{'run.id':'{value=11, type=class java.lang.Long, identifying=true}'}]
[2m2025-07-29 19:10:00.072[0;39m [32m- INFO[0;39m [35m614984[0;39m [32m[0;39m [        default] [2m---[0;39m [2m[duler1_Worker-6][0;39m [36mo.s.batch.core.job.SimpleStepHandler    [0;39m [2m:[0;39m Executing step: [SEND_ASYNCHRONOUS_EVENTS_STEP]
[2m2025-07-29 19:10:00.075[0;39m [32m- INFO[0;39m [35m614984[0;39m [32m[0;39m [        default] [2m---[0;39m [2m[duler1_Worker-3][0;39m [36mo.s.batch.core.job.SimpleStepHandler    [0;39m [2m:[0;39m Executing step: [EXECUTE_EMAIL]
[2m2025-07-29 19:10:00.086[0;39m [32m- INFO[0;39m [35m614984[0;39m [32m[0;39m [        default] [2m---[0;39m [2m[duler1_Worker-6][0;39m [36mo.s.batch.core.step.AbstractStep        [0;39m [2m:[0;39m Step: [SEND_ASYNCHRONOUS_EVENTS_STEP] executed in 13ms
[2m2025-07-29 19:10:00.091[0;39m [32m- INFO[0;39m [35m614984[0;39m [32m[0;39m [        default] [2m---[0;39m [2m[duler1_Worker-3][0;39m [36mo.s.batch.core.step.AbstractStep        [0;39m [2m:[0;39m Step: [EXECUTE_EMAIL] executed in 16ms
[2m2025-07-29 19:10:00.102[0;39m [32m- INFO[0;39m [35m614984[0;39m [32m[0;39m [        default] [2m---[0;39m [2m[duler1_Worker-6][0;39m [36mo.s.b.c.l.s.TaskExecutorJobLauncher     [0;39m [2m:[0;39m Job: [SimpleJob: [name=SEND_ASYNCHRONOUS_EVENTS]] completed with the following parameters: [{'run.id':'{value=95, type=class java.lang.Long, identifying=true}'}] and the following status: [COMPLETED] in 41ms
[2m2025-07-29 19:10:00.110[0;39m [32m- INFO[0;39m [35m614984[0;39m [32m[0;39m [        default] [2m---[0;39m [2m[duler1_Worker-3][0;39m [36mo.s.b.c.l.s.TaskExecutorJobLauncher     [0;39m [2m:[0;39m Job: [SimpleJob: [name=EXECUTE_EMAIL]] completed with the following parameters: [{'run.id':'{value=11, type=class java.lang.Long, identifying=true}'}] and the following status: [COMPLETED] in 45ms
[2m2025-07-29 19:11:00.059[0;39m [32m- INFO[0;39m [35m614984[0;39m [32m[0;39m [        default] [2m---[0;39m [2m[duler1_Worker-7][0;39m [36mo.s.b.c.l.s.TaskExecutorJobLauncher     [0;39m [2m:[0;39m Job: [SimpleJob: [name=SEND_ASYNCHRONOUS_EVENTS]] launched with the following parameters: [{'run.id':'{value=96, type=class java.lang.Long, identifying=true}'}]
[2m2025-07-29 19:11:00.083[0;39m [32m- INFO[0;39m [35m614984[0;39m [32m[0;39m [        default] [2m---[0;39m [2m[duler1_Worker-7][0;39m [36mo.s.batch.core.job.SimpleStepHandler    [0;39m [2m:[0;39m Executing step: [SEND_ASYNCHRONOUS_EVENTS_STEP]
[2m2025-07-29 19:11:00.101[0;39m [32m- INFO[0;39m [35m614984[0;39m [32m[0;39m [        default] [2m---[0;39m [2m[duler1_Worker-7][0;39m [36mo.s.batch.core.step.AbstractStep        [0;39m [2m:[0;39m Step: [SEND_ASYNCHRONOUS_EVENTS_STEP] executed in 18ms
[2m2025-07-29 19:11:00.119[0;39m [32m- INFO[0;39m [35m614984[0;39m [32m[0;39m [        default] [2m---[0;39m [2m[duler1_Worker-7][0;39m [36mo.s.b.c.l.s.TaskExecutorJobLauncher     [0;39m [2m:[0;39m Job: [SimpleJob: [name=SEND_ASYNCHRONOUS_EVENTS]] completed with the following parameters: [{'run.id':'{value=96, type=class java.lang.Long, identifying=true}'}] and the following status: [COMPLETED] in 54ms
[2m2025-07-29 19:12:00.065[0;39m [32m- INFO[0;39m [35m614984[0;39m [32m[0;39m [        default] [2m---[0;39m [2m[duler1_Worker-2][0;39m [36mo.s.b.c.l.s.TaskExecutorJobLauncher     [0;39m [2m:[0;39m Job: [SimpleJob: [name=SEND_ASYNCHRONOUS_EVENTS]] launched with the following parameters: [{'run.id':'{value=97, type=class java.lang.Long, identifying=true}'}]
[2m2025-07-29 19:12:00.090[0;39m [32m- INFO[0;39m [35m614984[0;39m [32m[0;39m [        default] [2m---[0;39m [2m[duler1_Worker-2][0;39m [36mo.s.batch.core.job.SimpleStepHandler    [0;39m [2m:[0;39m Executing step: [SEND_ASYNCHRONOUS_EVENTS_STEP]
[2m2025-07-29 19:12:00.107[0;39m [32m- INFO[0;39m [35m614984[0;39m [32m[0;39m [        default] [2m---[0;39m [2m[duler1_Worker-2][0;39m [36mo.s.batch.core.step.AbstractStep        [0;39m [2m:[0;39m Step: [SEND_ASYNCHRONOUS_EVENTS_STEP] executed in 17ms
[2m2025-07-29 19:12:00.126[0;39m [32m- INFO[0;39m [35m614984[0;39m [32m[0;39m [        default] [2m---[0;39m [2m[duler1_Worker-2][0;39m [36mo.s.b.c.l.s.TaskExecutorJobLauncher     [0;39m [2m:[0;39m Job: [SimpleJob: [name=SEND_ASYNCHRONOUS_EVENTS]] completed with the following parameters: [{'run.id':'{value=97, type=class java.lang.Long, identifying=true}'}] and the following status: [COMPLETED] in 54ms
[2m2025-07-29 19:13:00.056[0;39m [32m- INFO[0;39m [35m614984[0;39m [32m[0;39m [        default] [2m---[0;39m [2m[duler1_Worker-5][0;39m [36mo.s.b.c.l.s.TaskExecutorJobLauncher     [0;39m [2m:[0;39m Job: [SimpleJob: [name=SEND_ASYNCHRONOUS_EVENTS]] launched with the following parameters: [{'run.id':'{value=98, type=class java.lang.Long, identifying=true}'}]
[2m2025-07-29 19:13:00.086[0;39m [32m- INFO[0;39m [35m614984[0;39m [32m[0;39m [        default] [2m---[0;39m [2m[duler1_Worker-5][0;39m [36mo.s.batch.core.job.SimpleStepHandler    [0;39m [2m:[0;39m Executing step: [SEND_ASYNCHRONOUS_EVENTS_STEP]
[2m2025-07-29 19:13:00.103[0;39m [32m- INFO[0;39m [35m614984[0;39m [32m[0;39m [        default] [2m---[0;39m [2m[duler1_Worker-5][0;39m [36mo.s.batch.core.step.AbstractStep        [0;39m [2m:[0;39m Step: [SEND_ASYNCHRONOUS_EVENTS_STEP] executed in 16ms
[2m2025-07-29 19:13:00.122[0;39m [32m- INFO[0;39m [35m614984[0;39m [32m[0;39m [        default] [2m---[0;39m [2m[duler1_Worker-5][0;39m [36mo.s.b.c.l.s.TaskExecutorJobLauncher     [0;39m [2m:[0;39m Job: [SimpleJob: [name=SEND_ASYNCHRONOUS_EVENTS]] completed with the following parameters: [{'run.id':'{value=98, type=class java.lang.Long, identifying=true}'}] and the following status: [COMPLETED] in 59ms
[2m2025-07-29 19:14:00.071[0;39m [32m- INFO[0;39m [35m614984[0;39m [32m[0;39m [        default] [2m---[0;39m [2m[duler1_Worker-1][0;39m [36mo.s.b.c.l.s.TaskExecutorJobLauncher     [0;39m [2m:[0;39m Job: [SimpleJob: [name=SEND_ASYNCHRONOUS_EVENTS]] launched with the following parameters: [{'run.id':'{value=99, type=class java.lang.Long, identifying=true}'}]
[2m2025-07-29 19:14:00.093[0;39m [32m- INFO[0;39m [35m614984[0;39m [32m[0;39m [        default] [2m---[0;39m [2m[duler1_Worker-1][0;39m [36mo.s.batch.core.job.SimpleStepHandler    [0;39m [2m:[0;39m Executing step: [SEND_ASYNCHRONOUS_EVENTS_STEP]
[2m2025-07-29 19:14:00.112[0;39m [32m- INFO[0;39m [35m614984[0;39m [32m[0;39m [        default] [2m---[0;39m [2m[duler1_Worker-1][0;39m [36mo.s.batch.core.step.AbstractStep        [0;39m [2m:[0;39m Step: [SEND_ASYNCHRONOUS_EVENTS_STEP] executed in 19ms
[2m2025-07-29 19:14:00.132[0;39m [32m- INFO[0;39m [35m614984[0;39m [32m[0;39m [        default] [2m---[0;39m [2m[duler1_Worker-1][0;39m [36mo.s.b.c.l.s.TaskExecutorJobLauncher     [0;39m [2m:[0;39m Job: [SimpleJob: [name=SEND_ASYNCHRONOUS_EVENTS]] completed with the following parameters: [{'run.id':'{value=99, type=class java.lang.Long, identifying=true}'}] and the following status: [COMPLETED] in 54ms
[2m2025-07-29 19:15:00.062[0;39m [32m- INFO[0;39m [35m614984[0;39m [32m[0;39m [        default] [2m---[0;39m [2m[duler1_Worker-4][0;39m [36mo.s.b.c.l.s.TaskExecutorJobLauncher     [0;39m [2m:[0;39m Job: [SimpleJob: [name=EXECUTE_REPORT_MAILING_JOBS]] launched with the following parameters: [{'run.id':'{value=8, type=class java.lang.Long, identifying=true}'}]
[2m2025-07-29 19:15:00.066[0;39m [32m- INFO[0;39m [35m614984[0;39m [32m[0;39m [        default] [2m---[0;39m [2m[duler1_Worker-6][0;39m [36mo.s.b.c.l.s.TaskExecutorJobLauncher     [0;39m [2m:[0;39m Job: [SimpleJob: [name=SEND_ASYNCHRONOUS_EVENTS]] launched with the following parameters: [{'run.id':'{value=100, type=class java.lang.Long, identifying=true}'}]
[2m2025-07-29 19:15:00.073[0;39m [32m- INFO[0;39m [35m614984[0;39m [32m[0;39m [        default] [2m---[0;39m [2m[duler1_Worker-3][0;39m [36mo.s.b.c.l.s.TaskExecutorJobLauncher     [0;39m [2m:[0;39m Job: [SimpleJob: [name=UPDATE_EMAIL_OUTBOUND_WITH_CAMPAIGN_MESSAGE]] launched with the following parameters: [{'run.id':'{value=8, type=class java.lang.Long, identifying=true}'}]
[2m2025-07-29 19:15:00.090[0;39m [32m- INFO[0;39m [35m614984[0;39m [32m[0;39m [        default] [2m---[0;39m [2m[duler1_Worker-4][0;39m [36mo.s.batch.core.job.SimpleStepHandler    [0;39m [2m:[0;39m Executing step: [EXECUTE_REPORT_MAILING_JOBS]
[2m2025-07-29 19:15:00.092[0;39m [32m- INFO[0;39m [35m614984[0;39m [32m[0;39m [        default] [2m---[0;39m [2m[duler1_Worker-6][0;39m [36mo.s.batch.core.job.SimpleStepHandler    [0;39m [2m:[0;39m Executing step: [SEND_ASYNCHRONOUS_EVENTS_STEP]
[2m2025-07-29 19:15:00.096[0;39m [32m- INFO[0;39m [35m614984[0;39m [32m[0;39m [        default] [2m---[0;39m [2m[duler1_Worker-3][0;39m [36mo.s.batch.core.job.SimpleStepHandler    [0;39m [2m:[0;39m Executing step: [UPDATE_EMAIL_OUTBOUND_WITH_CAMPAIGN_MESSAGE]
[2m2025-07-29 19:15:00.106[0;39m [32m- INFO[0;39m [35m614984[0;39m [32m[0;39m [        default] [2m---[0;39m [2m[duler1_Worker-4][0;39m [36mo.s.batch.core.step.AbstractStep        [0;39m [2m:[0;39m Step: [EXECUTE_REPORT_MAILING_JOBS] executed in 16ms
[2m2025-07-29 19:15:00.108[0;39m [32m- INFO[0;39m [35m614984[0;39m [32m[0;39m [        default] [2m---[0;39m [2m[duler1_Worker-6][0;39m [36mo.s.batch.core.step.AbstractStep        [0;39m [2m:[0;39m Step: [SEND_ASYNCHRONOUS_EVENTS_STEP] executed in 16ms
[2m2025-07-29 19:15:00.114[0;39m [32m- INFO[0;39m [35m614984[0;39m [32m[0;39m [        default] [2m---[0;39m [2m[duler1_Worker-3][0;39m [36mo.s.batch.core.step.AbstractStep        [0;39m [2m:[0;39m Step: [UPDATE_EMAIL_OUTBOUND_WITH_CAMPAIGN_MESSAGE] executed in 18ms
[2m2025-07-29 19:15:00.126[0;39m [32m- INFO[0;39m [35m614984[0;39m [32m[0;39m [        default] [2m---[0;39m [2m[duler1_Worker-4][0;39m [36mo.s.b.c.l.s.TaskExecutorJobLauncher     [0;39m [2m:[0;39m Job: [SimpleJob: [name=EXECUTE_REPORT_MAILING_JOBS]] completed with the following parameters: [{'run.id':'{value=8, type=class java.lang.Long, identifying=true}'}] and the following status: [COMPLETED] in 56ms
[2m2025-07-29 19:15:00.128[0;39m [32m- INFO[0;39m [35m614984[0;39m [32m[0;39m [        default] [2m---[0;39m [2m[duler1_Worker-6][0;39m [36mo.s.b.c.l.s.TaskExecutorJobLauncher     [0;39m [2m:[0;39m Job: [SimpleJob: [name=SEND_ASYNCHRONOUS_EVENTS]] completed with the following parameters: [{'run.id':'{value=100, type=class java.lang.Long, identifying=true}'}] and the following status: [COMPLETED] in 54ms
[2m2025-07-29 19:15:00.134[0;39m [32m- INFO[0;39m [35m614984[0;39m [32m[0;39m [        default] [2m---[0;39m [2m[duler1_Worker-3][0;39m [36mo.s.b.c.l.s.TaskExecutorJobLauncher     [0;39m [2m:[0;39m Job: [SimpleJob: [name=UPDATE_EMAIL_OUTBOUND_WITH_CAMPAIGN_MESSAGE]] completed with the following parameters: [{'run.id':'{value=8, type=class java.lang.Long, identifying=true}'}] and the following status: [COMPLETED] in 53ms
[2m2025-07-29 19:16:00.117[0;39m [32m- INFO[0;39m [35m614984[0;39m [32m[0;39m [        default] [2m---[0;39m [2m[duler1_Worker-7][0;39m [36mo.s.b.c.l.s.TaskExecutorJobLauncher     [0;39m [2m:[0;39m Job: [SimpleJob: [name=SEND_ASYNCHRONOUS_EVENTS]] launched with the following parameters: [{'run.id':'{value=101, type=class java.lang.Long, identifying=true}'}]
[2m2025-07-29 19:16:00.141[0;39m [32m- INFO[0;39m [35m614984[0;39m [32m[0;39m [        default] [2m---[0;39m [2m[duler1_Worker-7][0;39m [36mo.s.batch.core.job.SimpleStepHandler    [0;39m [2m:[0;39m Executing step: [SEND_ASYNCHRONOUS_EVENTS_STEP]
[2m2025-07-29 19:16:00.163[0;39m [32m- INFO[0;39m [35m614984[0;39m [32m[0;39m [        default] [2m---[0;39m [2m[duler1_Worker-7][0;39m [36mo.s.batch.core.step.AbstractStep        [0;39m [2m:[0;39m Step: [SEND_ASYNCHRONOUS_EVENTS_STEP] executed in 21ms
[2m2025-07-29 19:16:00.184[0;39m [32m- INFO[0;39m [35m614984[0;39m [32m[0;39m [        default] [2m---[0;39m [2m[duler1_Worker-7][0;39m [36mo.s.b.c.l.s.TaskExecutorJobLauncher     [0;39m [2m:[0;39m Job: [SimpleJob: [name=SEND_ASYNCHRONOUS_EVENTS]] completed with the following parameters: [{'run.id':'{value=101, type=class java.lang.Long, identifying=true}'}] and the following status: [COMPLETED] in 58ms
[2m2025-07-29 19:17:00.057[0;39m [32m- INFO[0;39m [35m614984[0;39m [32m[0;39m [        default] [2m---[0;39m [2m[duler1_Worker-2][0;39m [36mo.s.b.c.l.s.TaskExecutorJobLauncher     [0;39m [2m:[0;39m Job: [SimpleJob: [name=SEND_ASYNCHRONOUS_EVENTS]] launched with the following parameters: [{'run.id':'{value=102, type=class java.lang.Long, identifying=true}'}]
[2m2025-07-29 19:17:00.079[0;39m [32m- INFO[0;39m [35m614984[0;39m [32m[0;39m [        default] [2m---[0;39m [2m[duler1_Worker-2][0;39m [36mo.s.batch.core.job.SimpleStepHandler    [0;39m [2m:[0;39m Executing step: [SEND_ASYNCHRONOUS_EVENTS_STEP]
[2m2025-07-29 19:17:00.095[0;39m [32m- INFO[0;39m [35m614984[0;39m [32m[0;39m [        default] [2m---[0;39m [2m[duler1_Worker-2][0;39m [36mo.s.batch.core.step.AbstractStep        [0;39m [2m:[0;39m Step: [SEND_ASYNCHRONOUS_EVENTS_STEP] executed in 15ms
[2m2025-07-29 19:17:00.114[0;39m [32m- INFO[0;39m [35m614984[0;39m [32m[0;39m [        default] [2m---[0;39m [2m[duler1_Worker-2][0;39m [36mo.s.b.c.l.s.TaskExecutorJobLauncher     [0;39m [2m:[0;39m Job: [SimpleJob: [name=SEND_ASYNCHRONOUS_EVENTS]] completed with the following parameters: [{'run.id':'{value=102, type=class java.lang.Long, identifying=true}'}] and the following status: [COMPLETED] in 49ms
[2m2025-07-29 19:18:00.041[0;39m [32m- INFO[0;39m [35m614984[0;39m [32m[0;39m [        default] [2m---[0;39m [2m[duler1_Worker-5][0;39m [36mo.s.b.c.l.s.TaskExecutorJobLauncher     [0;39m [2m:[0;39m Job: [SimpleJob: [name=SEND_ASYNCHRONOUS_EVENTS]] launched with the following parameters: [{'run.id':'{value=103, type=class java.lang.Long, identifying=true}'}]
[2m2025-07-29 19:18:00.060[0;39m [32m- INFO[0;39m [35m614984[0;39m [32m[0;39m [        default] [2m---[0;39m [2m[duler1_Worker-5][0;39m [36mo.s.batch.core.job.SimpleStepHandler    [0;39m [2m:[0;39m Executing step: [SEND_ASYNCHRONOUS_EVENTS_STEP]
[2m2025-07-29 19:18:00.077[0;39m [32m- INFO[0;39m [35m614984[0;39m [32m[0;39m [        default] [2m---[0;39m [2m[duler1_Worker-5][0;39m [36mo.s.batch.core.step.AbstractStep        [0;39m [2m:[0;39m Step: [SEND_ASYNCHRONOUS_EVENTS_STEP] executed in 17ms
[2m2025-07-29 19:18:00.094[0;39m [32m- INFO[0;39m [35m614984[0;39m [32m[0;39m [        default] [2m---[0;39m [2m[duler1_Worker-5][0;39m [36mo.s.b.c.l.s.TaskExecutorJobLauncher     [0;39m [2m:[0;39m Job: [SimpleJob: [name=SEND_ASYNCHRONOUS_EVENTS]] completed with the following parameters: [{'run.id':'{value=103, type=class java.lang.Long, identifying=true}'}] and the following status: [COMPLETED] in 47ms
[2m2025-07-29 19:19:00.050[0;39m [32m- INFO[0;39m [35m614984[0;39m [32m[0;39m [        default] [2m---[0;39m [2m[duler1_Worker-1][0;39m [36mo.s.b.c.l.s.TaskExecutorJobLauncher     [0;39m [2m:[0;39m Job: [SimpleJob: [name=SEND_ASYNCHRONOUS_EVENTS]] launched with the following parameters: [{'run.id':'{value=104, type=class java.lang.Long, identifying=true}'}]
[2m2025-07-29 19:19:00.070[0;39m [32m- INFO[0;39m [35m614984[0;39m [32m[0;39m [        default] [2m---[0;39m [2m[duler1_Worker-1][0;39m [36mo.s.batch.core.job.SimpleStepHandler    [0;39m [2m:[0;39m Executing step: [SEND_ASYNCHRONOUS_EVENTS_STEP]
[2m2025-07-29 19:19:00.088[0;39m [32m- INFO[0;39m [35m614984[0;39m [32m[0;39m [        default] [2m---[0;39m [2m[duler1_Worker-1][0;39m [36mo.s.batch.core.step.AbstractStep        [0;39m [2m:[0;39m Step: [SEND_ASYNCHRONOUS_EVENTS_STEP] executed in 17ms
[2m2025-07-29 19:19:00.107[0;39m [32m- INFO[0;39m [35m614984[0;39m [32m[0;39m [        default] [2m---[0;39m [2m[duler1_Worker-1][0;39m [36mo.s.b.c.l.s.TaskExecutorJobLauncher     [0;39m [2m:[0;39m Job: [SimpleJob: [name=SEND_ASYNCHRONOUS_EVENTS]] completed with the following parameters: [{'run.id':'{value=104, type=class java.lang.Long, identifying=true}'}] and the following status: [COMPLETED] in 48ms
[2m2025-07-29 19:20:00.047[0;39m [32m- INFO[0;39m [35m614984[0;39m [32m[0;39m [        default] [2m---[0;39m [2m[duler1_Worker-4][0;39m [36mo.s.b.c.l.s.TaskExecutorJobLauncher     [0;39m [2m:[0;39m Job: [SimpleJob: [name=EXECUTE_EMAIL]] launched with the following parameters: [{'run.id':'{value=12, type=class java.lang.Long, identifying=true}'}]
[2m2025-07-29 19:20:00.050[0;39m [32m- INFO[0;39m [35m614984[0;39m [32m[0;39m [        default] [2m---[0;39m [2m[duler1_Worker-6][0;39m [36mo.s.b.c.l.s.TaskExecutorJobLauncher     [0;39m [2m:[0;39m Job: [SimpleJob: [name=SEND_ASYNCHRONOUS_EVENTS]] launched with the following parameters: [{'run.id':'{value=105, type=class java.lang.Long, identifying=true}'}]
[2m2025-07-29 19:20:00.062[0;39m [32m- INFO[0;39m [35m614984[0;39m [32m[0;39m [        default] [2m---[0;39m [2m[duler1_Worker-4][0;39m [36mo.s.batch.core.job.SimpleStepHandler    [0;39m [2m:[0;39m Executing step: [EXECUTE_EMAIL]
[2m2025-07-29 19:20:00.070[0;39m [32m- INFO[0;39m [35m614984[0;39m [32m[0;39m [        default] [2m---[0;39m [2m[duler1_Worker-6][0;39m [36mo.s.batch.core.job.SimpleStepHandler    [0;39m [2m:[0;39m Executing step: [SEND_ASYNCHRONOUS_EVENTS_STEP]
[2m2025-07-29 19:20:00.082[0;39m [32m- INFO[0;39m [35m614984[0;39m [32m[0;39m [        default] [2m---[0;39m [2m[duler1_Worker-4][0;39m [36mo.s.batch.core.step.AbstractStep        [0;39m [2m:[0;39m Step: [EXECUTE_EMAIL] executed in 19ms
[2m2025-07-29 19:20:00.085[0;39m [32m- INFO[0;39m [35m614984[0;39m [32m[0;39m [        default] [2m---[0;39m [2m[duler1_Worker-6][0;39m [36mo.s.batch.core.step.AbstractStep        [0;39m [2m:[0;39m Step: [SEND_ASYNCHRONOUS_EVENTS_STEP] executed in 13ms
[2m2025-07-29 19:20:00.093[0;39m [32m- INFO[0;39m [35m614984[0;39m [32m[0;39m [        default] [2m---[0;39m [2m[duler1_Worker-4][0;39m [36mo.s.b.c.l.s.TaskExecutorJobLauncher     [0;39m [2m:[0;39m Job: [SimpleJob: [name=EXECUTE_EMAIL]] completed with the following parameters: [{'run.id':'{value=12, type=class java.lang.Long, identifying=true}'}] and the following status: [COMPLETED] in 42ms
[2m2025-07-29 19:20:00.100[0;39m [32m- INFO[0;39m [35m614984[0;39m [32m[0;39m [        default] [2m---[0;39m [2m[duler1_Worker-6][0;39m [36mo.s.b.c.l.s.TaskExecutorJobLauncher     [0;39m [2m:[0;39m Job: [SimpleJob: [name=SEND_ASYNCHRONOUS_EVENTS]] completed with the following parameters: [{'run.id':'{value=105, type=class java.lang.Long, identifying=true}'}] and the following status: [COMPLETED] in 44ms
[2m2025-07-29 19:21:00.102[0;39m [32m- INFO[0;39m [35m614984[0;39m [32m[0;39m [        default] [2m---[0;39m [2m[duler1_Worker-3][0;39m [36mo.s.b.c.l.s.TaskExecutorJobLauncher     [0;39m [2m:[0;39m Job: [SimpleJob: [name=SEND_ASYNCHRONOUS_EVENTS]] launched with the following parameters: [{'run.id':'{value=106, type=class java.lang.Long, identifying=true}'}]
[2m2025-07-29 19:21:00.122[0;39m [32m- INFO[0;39m [35m614984[0;39m [32m[0;39m [        default] [2m---[0;39m [2m[duler1_Worker-3][0;39m [36mo.s.batch.core.job.SimpleStepHandler    [0;39m [2m:[0;39m Executing step: [SEND_ASYNCHRONOUS_EVENTS_STEP]
[2m2025-07-29 19:21:00.137[0;39m [32m- INFO[0;39m [35m614984[0;39m [32m[0;39m [        default] [2m---[0;39m [2m[duler1_Worker-3][0;39m [36mo.s.batch.core.step.AbstractStep        [0;39m [2m:[0;39m Step: [SEND_ASYNCHRONOUS_EVENTS_STEP] executed in 14ms
[2m2025-07-29 19:21:00.150[0;39m [32m- INFO[0;39m [35m614984[0;39m [32m[0;39m [        default] [2m---[0;39m [2m[duler1_Worker-3][0;39m [36mo.s.b.c.l.s.TaskExecutorJobLauncher     [0;39m [2m:[0;39m Job: [SimpleJob: [name=SEND_ASYNCHRONOUS_EVENTS]] completed with the following parameters: [{'run.id':'{value=106, type=class java.lang.Long, identifying=true}'}] and the following status: [COMPLETED] in 43ms
[2m2025-07-29 19:22:00.050[0;39m [32m- INFO[0;39m [35m614984[0;39m [32m[0;39m [        default] [2m---[0;39m [2m[duler1_Worker-7][0;39m [36mo.s.b.c.l.s.TaskExecutorJobLauncher     [0;39m [2m:[0;39m Job: [SimpleJob: [name=SEND_ASYNCHRONOUS_EVENTS]] launched with the following parameters: [{'run.id':'{value=107, type=class java.lang.Long, identifying=true}'}]
[2m2025-07-29 19:22:00.065[0;39m [32m- INFO[0;39m [35m614984[0;39m [32m[0;39m [        default] [2m---[0;39m [2m[duler1_Worker-7][0;39m [36mo.s.batch.core.job.SimpleStepHandler    [0;39m [2m:[0;39m Executing step: [SEND_ASYNCHRONOUS_EVENTS_STEP]
[2m2025-07-29 19:22:00.080[0;39m [32m- INFO[0;39m [35m614984[0;39m [32m[0;39m [        default] [2m---[0;39m [2m[duler1_Worker-7][0;39m [36mo.s.batch.core.step.AbstractStep        [0;39m [2m:[0;39m Step: [SEND_ASYNCHRONOUS_EVENTS_STEP] executed in 14ms
[2m2025-07-29 19:22:00.093[0;39m [32m- INFO[0;39m [35m614984[0;39m [32m[0;39m [        default] [2m---[0;39m [2m[duler1_Worker-7][0;39m [36mo.s.b.c.l.s.TaskExecutorJobLauncher     [0;39m [2m:[0;39m Job: [SimpleJob: [name=SEND_ASYNCHRONOUS_EVENTS]] completed with the following parameters: [{'run.id':'{value=107, type=class java.lang.Long, identifying=true}'}] and the following status: [COMPLETED] in 38ms
[2m2025-07-29 19:23:00.047[0;39m [32m- INFO[0;39m [35m614984[0;39m [32m[0;39m [        default] [2m---[0;39m [2m[duler1_Worker-2][0;39m [36mo.s.b.c.l.s.TaskExecutorJobLauncher     [0;39m [2m:[0;39m Job: [SimpleJob: [name=SEND_ASYNCHRONOUS_EVENTS]] launched with the following parameters: [{'run.id':'{value=108, type=class java.lang.Long, identifying=true}'}]
[2m2025-07-29 19:23:00.063[0;39m [32m- INFO[0;39m [35m614984[0;39m [32m[0;39m [        default] [2m---[0;39m [2m[duler1_Worker-2][0;39m [36mo.s.batch.core.job.SimpleStepHandler    [0;39m [2m:[0;39m Executing step: [SEND_ASYNCHRONOUS_EVENTS_STEP]
[2m2025-07-29 19:23:00.075[0;39m [32m- INFO[0;39m [35m614984[0;39m [32m[0;39m [        default] [2m---[0;39m [2m[duler1_Worker-2][0;39m [36mo.s.batch.core.step.AbstractStep        [0;39m [2m:[0;39m Step: [SEND_ASYNCHRONOUS_EVENTS_STEP] executed in 11ms
[2m2025-07-29 19:23:00.086[0;39m [32m- INFO[0;39m [35m614984[0;39m [32m[0;39m [        default] [2m---[0;39m [2m[duler1_Worker-2][0;39m [36mo.s.b.c.l.s.TaskExecutorJobLauncher     [0;39m [2m:[0;39m Job: [SimpleJob: [name=SEND_ASYNCHRONOUS_EVENTS]] completed with the following parameters: [{'run.id':'{value=108, type=class java.lang.Long, identifying=true}'}] and the following status: [COMPLETED] in 35ms
[2m2025-07-29 19:24:00.099[0;39m [32m- INFO[0;39m [35m614984[0;39m [32m[0;39m [        default] [2m---[0;39m [2m[duler1_Worker-5][0;39m [36mo.s.b.c.l.s.TaskExecutorJobLauncher     [0;39m [2m:[0;39m Job: [SimpleJob: [name=SEND_ASYNCHRONOUS_EVENTS]] launched with the following parameters: [{'run.id':'{value=109, type=class java.lang.Long, identifying=true}'}]
[2m2025-07-29 19:24:00.115[0;39m [32m- INFO[0;39m [35m614984[0;39m [32m[0;39m [        default] [2m---[0;39m [2m[duler1_Worker-5][0;39m [36mo.s.batch.core.job.SimpleStepHandler    [0;39m [2m:[0;39m Executing step: [SEND_ASYNCHRONOUS_EVENTS_STEP]
[2m2025-07-29 19:24:00.131[0;39m [32m- INFO[0;39m [35m614984[0;39m [32m[0;39m [        default] [2m---[0;39m [2m[duler1_Worker-5][0;39m [36mo.s.batch.core.step.AbstractStep        [0;39m [2m:[0;39m Step: [SEND_ASYNCHRONOUS_EVENTS_STEP] executed in 15ms
[2m2025-07-29 19:24:00.148[0;39m [32m- INFO[0;39m [35m614984[0;39m [32m[0;39m [        default] [2m---[0;39m [2m[duler1_Worker-5][0;39m [36mo.s.b.c.l.s.TaskExecutorJobLauncher     [0;39m [2m:[0;39m Job: [SimpleJob: [name=SEND_ASYNCHRONOUS_EVENTS]] completed with the following parameters: [{'run.id':'{value=109, type=class java.lang.Long, identifying=true}'}] and the following status: [COMPLETED] in 40ms
[2m2025-07-29 19:25:00.057[0;39m [32m- INFO[0;39m [35m614984[0;39m [32m[0;39m [        default] [2m---[0;39m [2m[duler1_Worker-1][0;39m [36mo.s.b.c.l.s.TaskExecutorJobLauncher     [0;39m [2m:[0;39m Job: [SimpleJob: [name=SEND_ASYNCHRONOUS_EVENTS]] launched with the following parameters: [{'run.id':'{value=110, type=class java.lang.Long, identifying=true}'}]
[2m2025-07-29 19:25:00.075[0;39m [32m- INFO[0;39m [35m614984[0;39m [32m[0;39m [        default] [2m---[0;39m [2m[duler1_Worker-1][0;39m [36mo.s.batch.core.job.SimpleStepHandler    [0;39m [2m:[0;39m Executing step: [SEND_ASYNCHRONOUS_EVENTS_STEP]
[2m2025-07-29 19:25:00.089[0;39m [32m- INFO[0;39m [35m614984[0;39m [32m[0;39m [        default] [2m---[0;39m [2m[duler1_Worker-1][0;39m [36mo.s.batch.core.step.AbstractStep        [0;39m [2m:[0;39m Step: [SEND_ASYNCHRONOUS_EVENTS_STEP] executed in 13ms
[2m2025-07-29 19:25:00.100[0;39m [32m- INFO[0;39m [35m614984[0;39m [32m[0;39m [        default] [2m---[0;39m [2m[duler1_Worker-1][0;39m [36mo.s.b.c.l.s.TaskExecutorJobLauncher     [0;39m [2m:[0;39m Job: [SimpleJob: [name=SEND_ASYNCHRONOUS_EVENTS]] completed with the following parameters: [{'run.id':'{value=110, type=class java.lang.Long, identifying=true}'}] and the following status: [COMPLETED] in 38ms
[2m2025-07-29 19:26:00.101[0;39m [32m- INFO[0;39m [35m614984[0;39m [32m[0;39m [        default] [2m---[0;39m [2m[duler1_Worker-4][0;39m [36mo.s.b.c.l.s.TaskExecutorJobLauncher     [0;39m [2m:[0;39m Job: [SimpleJob: [name=SEND_ASYNCHRONOUS_EVENTS]] launched with the following parameters: [{'run.id':'{value=111, type=class java.lang.Long, identifying=true}'}]
[2m2025-07-29 19:26:00.116[0;39m [32m- INFO[0;39m [35m614984[0;39m [32m[0;39m [        default] [2m---[0;39m [2m[duler1_Worker-4][0;39m [36mo.s.batch.core.job.SimpleStepHandler    [0;39m [2m:[0;39m Executing step: [SEND_ASYNCHRONOUS_EVENTS_STEP]
[2m2025-07-29 19:26:00.129[0;39m [32m- INFO[0;39m [35m614984[0;39m [32m[0;39m [        default] [2m---[0;39m [2m[duler1_Worker-4][0;39m [36mo.s.batch.core.step.AbstractStep        [0;39m [2m:[0;39m Step: [SEND_ASYNCHRONOUS_EVENTS_STEP] executed in 13ms
[2m2025-07-29 19:26:00.143[0;39m [32m- INFO[0;39m [35m614984[0;39m [32m[0;39m [        default] [2m---[0;39m [2m[duler1_Worker-4][0;39m [36mo.s.b.c.l.s.TaskExecutorJobLauncher     [0;39m [2m:[0;39m Job: [SimpleJob: [name=SEND_ASYNCHRONOUS_EVENTS]] completed with the following parameters: [{'run.id':'{value=111, type=class java.lang.Long, identifying=true}'}] and the following status: [COMPLETED] in 36ms
[2m2025-07-29 19:27:00.048[0;39m [32m- INFO[0;39m [35m614984[0;39m [32m[0;39m [        default] [2m---[0;39m [2m[duler1_Worker-6][0;39m [36mo.s.b.c.l.s.TaskExecutorJobLauncher     [0;39m [2m:[0;39m Job: [SimpleJob: [name=SEND_ASYNCHRONOUS_EVENTS]] launched with the following parameters: [{'run.id':'{value=112, type=class java.lang.Long, identifying=true}'}]
[2m2025-07-29 19:27:00.065[0;39m [32m- INFO[0;39m [35m614984[0;39m [32m[0;39m [        default] [2m---[0;39m [2m[duler1_Worker-6][0;39m [36mo.s.batch.core.job.SimpleStepHandler    [0;39m [2m:[0;39m Executing step: [SEND_ASYNCHRONOUS_EVENTS_STEP]
[2m2025-07-29 19:27:00.078[0;39m [32m- INFO[0;39m [35m614984[0;39m [32m[0;39m [        default] [2m---[0;39m [2m[duler1_Worker-6][0;39m [36mo.s.batch.core.step.AbstractStep        [0;39m [2m:[0;39m Step: [SEND_ASYNCHRONOUS_EVENTS_STEP] executed in 12ms
[2m2025-07-29 19:27:00.089[0;39m [32m- INFO[0;39m [35m614984[0;39m [32m[0;39m [        default] [2m---[0;39m [2m[duler1_Worker-6][0;39m [36mo.s.b.c.l.s.TaskExecutorJobLauncher     [0;39m [2m:[0;39m Job: [SimpleJob: [name=SEND_ASYNCHRONOUS_EVENTS]] completed with the following parameters: [{'run.id':'{value=112, type=class java.lang.Long, identifying=true}'}] and the following status: [COMPLETED] in 37ms
[2m2025-07-29 19:28:00.101[0;39m [32m- INFO[0;39m [35m614984[0;39m [32m[0;39m [        default] [2m---[0;39m [2m[duler1_Worker-3][0;39m [36mo.s.b.c.l.s.TaskExecutorJobLauncher     [0;39m [2m:[0;39m Job: [SimpleJob: [name=SEND_ASYNCHRONOUS_EVENTS]] launched with the following parameters: [{'run.id':'{value=113, type=class java.lang.Long, identifying=true}'}]
[2m2025-07-29 19:28:00.116[0;39m [32m- INFO[0;39m [35m614984[0;39m [32m[0;39m [        default] [2m---[0;39m [2m[duler1_Worker-3][0;39m [36mo.s.batch.core.job.SimpleStepHandler    [0;39m [2m:[0;39m Executing step: [SEND_ASYNCHRONOUS_EVENTS_STEP]
[2m2025-07-29 19:28:00.128[0;39m [32m- INFO[0;39m [35m614984[0;39m [32m[0;39m [        default] [2m---[0;39m [2m[duler1_Worker-3][0;39m [36mo.s.batch.core.step.AbstractStep        [0;39m [2m:[0;39m Step: [SEND_ASYNCHRONOUS_EVENTS_STEP] executed in 11ms
[2m2025-07-29 19:28:00.139[0;39m [32m- INFO[0;39m [35m614984[0;39m [32m[0;39m [        default] [2m---[0;39m [2m[duler1_Worker-3][0;39m [36mo.s.b.c.l.s.TaskExecutorJobLauncher     [0;39m [2m:[0;39m Job: [SimpleJob: [name=SEND_ASYNCHRONOUS_EVENTS]] completed with the following parameters: [{'run.id':'{value=113, type=class java.lang.Long, identifying=true}'}] and the following status: [COMPLETED] in 33ms
[2m2025-07-29 19:29:00.044[0;39m [32m- INFO[0;39m [35m614984[0;39m [32m[0;39m [        default] [2m---[0;39m [2m[duler1_Worker-7][0;39m [36mo.s.b.c.l.s.TaskExecutorJobLauncher     [0;39m [2m:[0;39m Job: [SimpleJob: [name=SEND_ASYNCHRONOUS_EVENTS]] launched with the following parameters: [{'run.id':'{value=114, type=class java.lang.Long, identifying=true}'}]
[2m2025-07-29 19:29:00.061[0;39m [32m- INFO[0;39m [35m614984[0;39m [32m[0;39m [        default] [2m---[0;39m [2m[duler1_Worker-7][0;39m [36mo.s.batch.core.job.SimpleStepHandler    [0;39m [2m:[0;39m Executing step: [SEND_ASYNCHRONOUS_EVENTS_STEP]
[2m2025-07-29 19:29:00.073[0;39m [32m- INFO[0;39m [35m614984[0;39m [32m[0;39m [        default] [2m---[0;39m [2m[duler1_Worker-7][0;39m [36mo.s.batch.core.step.AbstractStep        [0;39m [2m:[0;39m Step: [SEND_ASYNCHRONOUS_EVENTS_STEP] executed in 11ms
[2m2025-07-29 19:29:00.085[0;39m [32m- INFO[0;39m [35m614984[0;39m [32m[0;39m [        default] [2m---[0;39m [2m[duler1_Worker-7][0;39m [36mo.s.b.c.l.s.TaskExecutorJobLauncher     [0;39m [2m:[0;39m Job: [SimpleJob: [name=SEND_ASYNCHRONOUS_EVENTS]] completed with the following parameters: [{'run.id':'{value=114, type=class java.lang.Long, identifying=true}'}] and the following status: [COMPLETED] in 36ms
[2m2025-07-29 19:30:00.046[0;39m [32m- INFO[0;39m [35m614984[0;39m [32m[0;39m [        default] [2m---[0;39m [2m[duler1_Worker-2][0;39m [36mo.s.b.c.l.s.TaskExecutorJobLauncher     [0;39m [2m:[0;39m Job: [SimpleJob: [name=EXECUTE_EMAIL]] launched with the following parameters: [{'run.id':'{value=13, type=class java.lang.Long, identifying=true}'}]
[2m2025-07-29 19:30:00.047[0;39m [32m- INFO[0;39m [35m614984[0;39m [32m[0;39m [        default] [2m---[0;39m [2m[duler1_Worker-1][0;39m [36mo.s.b.c.l.s.TaskExecutorJobLauncher     [0;39m [2m:[0;39m Job: [SimpleJob: [name=SEND_ASYNCHRONOUS_EVENTS]] launched with the following parameters: [{'run.id':'{value=115, type=class java.lang.Long, identifying=true}'}]
[2m2025-07-29 19:30:00.058[0;39m [32m- INFO[0;39m [35m614984[0;39m [32m[0;39m [        default] [2m---[0;39m [2m[duler1_Worker-5][0;39m [36mo.s.b.c.l.s.TaskExecutorJobLauncher     [0;39m [2m:[0;39m Job: [SimpleJob: [name=EXECUTE_REPORT_MAILING_JOBS]] launched with the following parameters: [{'run.id':'{value=9, type=class java.lang.Long, identifying=true}'}]
[2m2025-07-29 19:30:00.062[0;39m [32m- INFO[0;39m [35m614984[0;39m [32m[0;39m [        default] [2m---[0;39m [2m[duler1_Worker-4][0;39m [36mo.s.b.c.l.s.TaskExecutorJobLauncher     [0;39m [2m:[0;39m Job: [SimpleJob: [name=UPDATE_EMAIL_OUTBOUND_WITH_CAMPAIGN_MESSAGE]] launched with the following parameters: [{'run.id':'{value=9, type=class java.lang.Long, identifying=true}'}]
[2m2025-07-29 19:30:00.066[0;39m [32m- INFO[0;39m [35m614984[0;39m [32m[0;39m [        default] [2m---[0;39m [2m[duler1_Worker-2][0;39m [36mo.s.batch.core.job.SimpleStepHandler    [0;39m [2m:[0;39m Executing step: [EXECUTE_EMAIL]
[2m2025-07-29 19:30:00.067[0;39m [32m- INFO[0;39m [35m614984[0;39m [32m[0;39m [        default] [2m---[0;39m [2m[duler1_Worker-1][0;39m [36mo.s.batch.core.job.SimpleStepHandler    [0;39m [2m:[0;39m Executing step: [SEND_ASYNCHRONOUS_EVENTS_STEP]
[2m2025-07-29 19:30:00.077[0;39m [32m- INFO[0;39m [35m614984[0;39m [32m[0;39m [        default] [2m---[0;39m [2m[duler1_Worker-5][0;39m [36mo.s.batch.core.job.SimpleStepHandler    [0;39m [2m:[0;39m Executing step: [EXECUTE_REPORT_MAILING_JOBS]
[2m2025-07-29 19:30:00.079[0;39m [32m- INFO[0;39m [35m614984[0;39m [32m[0;39m [        default] [2m---[0;39m [2m[duler1_Worker-1][0;39m [36mo.s.batch.core.step.AbstractStep        [0;39m [2m:[0;39m Step: [SEND_ASYNCHRONOUS_EVENTS_STEP] executed in 11ms
[2m2025-07-29 19:30:00.081[0;39m [32m- INFO[0;39m [35m614984[0;39m [32m[0;39m [        default] [2m---[0;39m [2m[duler1_Worker-4][0;39m [36mo.s.batch.core.job.SimpleStepHandler    [0;39m [2m:[0;39m Executing step: [UPDATE_EMAIL_OUTBOUND_WITH_CAMPAIGN_MESSAGE]
[2m2025-07-29 19:30:00.081[0;39m [32m- INFO[0;39m [35m614984[0;39m [32m[0;39m [        default] [2m---[0;39m [2m[duler1_Worker-2][0;39m [36mo.s.batch.core.step.AbstractStep        [0;39m [2m:[0;39m Step: [EXECUTE_EMAIL] executed in 15ms
[2m2025-07-29 19:30:00.092[0;39m [32m- INFO[0;39m [35m614984[0;39m [32m[0;39m [        default] [2m---[0;39m [2m[duler1_Worker-5][0;39m [36mo.s.batch.core.step.AbstractStep        [0;39m [2m:[0;39m Step: [EXECUTE_REPORT_MAILING_JOBS] executed in 15ms
[2m2025-07-29 19:30:00.094[0;39m [32m- INFO[0;39m [35m614984[0;39m [32m[0;39m [        default] [2m---[0;39m [2m[duler1_Worker-1][0;39m [36mo.s.b.c.l.s.TaskExecutorJobLauncher     [0;39m [2m:[0;39m Job: [SimpleJob: [name=SEND_ASYNCHRONOUS_EVENTS]] completed with the following parameters: [{'run.id':'{value=115, type=class java.lang.Long, identifying=true}'}] and the following status: [COMPLETED] in 41ms
[2m2025-07-29 19:30:00.096[0;39m [32m- INFO[0;39m [35m614984[0;39m [32m[0;39m [        default] [2m---[0;39m [2m[duler1_Worker-4][0;39m [36mo.s.batch.core.step.AbstractStep        [0;39m [2m:[0;39m Step: [UPDATE_EMAIL_OUTBOUND_WITH_CAMPAIGN_MESSAGE] executed in 14ms
[2m2025-07-29 19:30:00.098[0;39m [32m- INFO[0;39m [35m614984[0;39m [32m[0;39m [        default] [2m---[0;39m [2m[duler1_Worker-2][0;39m [36mo.s.b.c.l.s.TaskExecutorJobLauncher     [0;39m [2m:[0;39m Job: [SimpleJob: [name=EXECUTE_EMAIL]] completed with the following parameters: [{'run.id':'{value=13, type=class java.lang.Long, identifying=true}'}] and the following status: [COMPLETED] in 46ms
[2m2025-07-29 19:30:00.108[0;39m [32m- INFO[0;39m [35m614984[0;39m [32m[0;39m [        default] [2m---[0;39m [2m[duler1_Worker-5][0;39m [36mo.s.b.c.l.s.TaskExecutorJobLauncher     [0;39m [2m:[0;39m Job: [SimpleJob: [name=EXECUTE_REPORT_MAILING_JOBS]] completed with the following parameters: [{'run.id':'{value=9, type=class java.lang.Long, identifying=true}'}] and the following status: [COMPLETED] in 43ms
[2m2025-07-29 19:30:00.109[0;39m [32m- INFO[0;39m [35m614984[0;39m [32m[0;39m [        default] [2m---[0;39m [2m[duler1_Worker-4][0;39m [36mo.s.b.c.l.s.TaskExecutorJobLauncher     [0;39m [2m:[0;39m Job: [SimpleJob: [name=UPDATE_EMAIL_OUTBOUND_WITH_CAMPAIGN_MESSAGE]] completed with the following parameters: [{'run.id':'{value=9, type=class java.lang.Long, identifying=true}'}] and the following status: [COMPLETED] in 41ms
[2m2025-07-29 19:31:00.054[0;39m [32m- INFO[0;39m [35m614984[0;39m [32m[0;39m [        default] [2m---[0;39m [2m[duler1_Worker-6][0;39m [36mo.s.b.c.l.s.TaskExecutorJobLauncher     [0;39m [2m:[0;39m Job: [SimpleJob: [name=SEND_ASYNCHRONOUS_EVENTS]] launched with the following parameters: [{'run.id':'{value=116, type=class java.lang.Long, identifying=true}'}]
[2m2025-07-29 19:31:00.073[0;39m [32m- INFO[0;39m [35m614984[0;39m [32m[0;39m [        default] [2m---[0;39m [2m[duler1_Worker-6][0;39m [36mo.s.batch.core.job.SimpleStepHandler    [0;39m [2m:[0;39m Executing step: [SEND_ASYNCHRONOUS_EVENTS_STEP]
[2m2025-07-29 19:31:00.085[0;39m [32m- INFO[0;39m [35m614984[0;39m [32m[0;39m [        default] [2m---[0;39m [2m[duler1_Worker-6][0;39m [36mo.s.batch.core.step.AbstractStep        [0;39m [2m:[0;39m Step: [SEND_ASYNCHRONOUS_EVENTS_STEP] executed in 12ms
[2m2025-07-29 19:31:00.102[0;39m [32m- INFO[0;39m [35m614984[0;39m [32m[0;39m [        default] [2m---[0;39m [2m[duler1_Worker-6][0;39m [36mo.s.b.c.l.s.TaskExecutorJobLauncher     [0;39m [2m:[0;39m Job: [SimpleJob: [name=SEND_ASYNCHRONOUS_EVENTS]] completed with the following parameters: [{'run.id':'{value=116, type=class java.lang.Long, identifying=true}'}] and the following status: [COMPLETED] in 41ms
[2m2025-07-29 19:32:00.057[0;39m [32m- INFO[0;39m [35m614984[0;39m [32m[0;39m [        default] [2m---[0;39m [2m[duler1_Worker-3][0;39m [36mo.s.b.c.l.s.TaskExecutorJobLauncher     [0;39m [2m:[0;39m Job: [SimpleJob: [name=SEND_ASYNCHRONOUS_EVENTS]] launched with the following parameters: [{'run.id':'{value=117, type=class java.lang.Long, identifying=true}'}]
[2m2025-07-29 19:32:00.075[0;39m [32m- INFO[0;39m [35m614984[0;39m [32m[0;39m [        default] [2m---[0;39m [2m[duler1_Worker-3][0;39m [36mo.s.batch.core.job.SimpleStepHandler    [0;39m [2m:[0;39m Executing step: [SEND_ASYNCHRONOUS_EVENTS_STEP]
[2m2025-07-29 19:32:00.096[0;39m [32m- INFO[0;39m [35m614984[0;39m [32m[0;39m [        default] [2m---[0;39m [2m[duler1_Worker-3][0;39m [36mo.s.batch.core.step.AbstractStep        [0;39m [2m:[0;39m Step: [SEND_ASYNCHRONOUS_EVENTS_STEP] executed in 20ms
[2m2025-07-29 19:32:00.112[0;39m [32m- INFO[0;39m [35m614984[0;39m [32m[0;39m [        default] [2m---[0;39m [2m[duler1_Worker-3][0;39m [36mo.s.b.c.l.s.TaskExecutorJobLauncher     [0;39m [2m:[0;39m Job: [SimpleJob: [name=SEND_ASYNCHRONOUS_EVENTS]] completed with the following parameters: [{'run.id':'{value=117, type=class java.lang.Long, identifying=true}'}] and the following status: [COMPLETED] in 49ms
[2m2025-07-29 19:33:00.039[0;39m [32m- INFO[0;39m [35m614984[0;39m [32m[0;39m [        default] [2m---[0;39m [2m[duler1_Worker-7][0;39m [36mo.s.b.c.l.s.TaskExecutorJobLauncher     [0;39m [2m:[0;39m Job: [SimpleJob: [name=SEND_ASYNCHRONOUS_EVENTS]] launched with the following parameters: [{'run.id':'{value=118, type=class java.lang.Long, identifying=true}'}]
[2m2025-07-29 19:33:00.053[0;39m [32m- INFO[0;39m [35m614984[0;39m [32m[0;39m [        default] [2m---[0;39m [2m[duler1_Worker-7][0;39m [36mo.s.batch.core.job.SimpleStepHandler    [0;39m [2m:[0;39m Executing step: [SEND_ASYNCHRONOUS_EVENTS_STEP]
[2m2025-07-29 19:33:00.067[0;39m [32m- INFO[0;39m [35m614984[0;39m [32m[0;39m [        default] [2m---[0;39m [2m[duler1_Worker-7][0;39m [36mo.s.batch.core.step.AbstractStep        [0;39m [2m:[0;39m Step: [SEND_ASYNCHRONOUS_EVENTS_STEP] executed in 13ms
[2m2025-07-29 19:33:00.082[0;39m [32m- INFO[0;39m [35m614984[0;39m [32m[0;39m [        default] [2m---[0;39m [2m[duler1_Worker-7][0;39m [36mo.s.b.c.l.s.TaskExecutorJobLauncher     [0;39m [2m:[0;39m Job: [SimpleJob: [name=SEND_ASYNCHRONOUS_EVENTS]] completed with the following parameters: [{'run.id':'{value=118, type=class java.lang.Long, identifying=true}'}] and the following status: [COMPLETED] in 37ms
[2m2025-07-29 19:34:00.049[0;39m [32m- INFO[0;39m [35m614984[0;39m [32m[0;39m [        default] [2m---[0;39m [2m[duler1_Worker-1][0;39m [36mo.s.b.c.l.s.TaskExecutorJobLauncher     [0;39m [2m:[0;39m Job: [SimpleJob: [name=SEND_ASYNCHRONOUS_EVENTS]] launched with the following parameters: [{'run.id':'{value=119, type=class java.lang.Long, identifying=true}'}]
[2m2025-07-29 19:34:00.066[0;39m [32m- INFO[0;39m [35m614984[0;39m [32m[0;39m [        default] [2m---[0;39m [2m[duler1_Worker-1][0;39m [36mo.s.batch.core.job.SimpleStepHandler    [0;39m [2m:[0;39m Executing step: [SEND_ASYNCHRONOUS_EVENTS_STEP]
[2m2025-07-29 19:34:00.082[0;39m [32m- INFO[0;39m [35m614984[0;39m [32m[0;39m [        default] [2m---[0;39m [2m[duler1_Worker-1][0;39m [36mo.s.batch.core.step.AbstractStep        [0;39m [2m:[0;39m Step: [SEND_ASYNCHRONOUS_EVENTS_STEP] executed in 16ms
[2m2025-07-29 19:34:00.095[0;39m [32m- INFO[0;39m [35m614984[0;39m [32m[0;39m [        default] [2m---[0;39m [2m[duler1_Worker-1][0;39m [36mo.s.b.c.l.s.TaskExecutorJobLauncher     [0;39m [2m:[0;39m Job: [SimpleJob: [name=SEND_ASYNCHRONOUS_EVENTS]] completed with the following parameters: [{'run.id':'{value=119, type=class java.lang.Long, identifying=true}'}] and the following status: [COMPLETED] in 40ms
[2m2025-07-29 19:35:00.050[0;39m [32m- INFO[0;39m [35m614984[0;39m [32m[0;39m [        default] [2m---[0;39m [2m[duler1_Worker-2][0;39m [36mo.s.b.c.l.s.TaskExecutorJobLauncher     [0;39m [2m:[0;39m Job: [SimpleJob: [name=SEND_ASYNCHRONOUS_EVENTS]] launched with the following parameters: [{'run.id':'{value=120, type=class java.lang.Long, identifying=true}'}]
[2m2025-07-29 19:35:00.067[0;39m [32m- INFO[0;39m [35m614984[0;39m [32m[0;39m [        default] [2m---[0;39m [2m[duler1_Worker-2][0;39m [36mo.s.batch.core.job.SimpleStepHandler    [0;39m [2m:[0;39m Executing step: [SEND_ASYNCHRONOUS_EVENTS_STEP]
[2m2025-07-29 19:35:00.080[0;39m [32m- INFO[0;39m [35m614984[0;39m [32m[0;39m [        default] [2m---[0;39m [2m[duler1_Worker-2][0;39m [36mo.s.batch.core.step.AbstractStep        [0;39m [2m:[0;39m Step: [SEND_ASYNCHRONOUS_EVENTS_STEP] executed in 13ms
[2m2025-07-29 19:35:00.093[0;39m [32m- INFO[0;39m [35m614984[0;39m [32m[0;39m [        default] [2m---[0;39m [2m[duler1_Worker-2][0;39m [36mo.s.b.c.l.s.TaskExecutorJobLauncher     [0;39m [2m:[0;39m Job: [SimpleJob: [name=SEND_ASYNCHRONOUS_EVENTS]] completed with the following parameters: [{'run.id':'{value=120, type=class java.lang.Long, identifying=true}'}] and the following status: [COMPLETED] in 37ms
[2m2025-07-29 19:36:00.047[0;39m [32m- INFO[0;39m [35m614984[0;39m [32m[0;39m [        default] [2m---[0;39m [2m[duler1_Worker-5][0;39m [36mo.s.b.c.l.s.TaskExecutorJobLauncher     [0;39m [2m:[0;39m Job: [SimpleJob: [name=SEND_ASYNCHRONOUS_EVENTS]] launched with the following parameters: [{'run.id':'{value=121, type=class java.lang.Long, identifying=true}'}]
[2m2025-07-29 19:36:00.065[0;39m [32m- INFO[0;39m [35m614984[0;39m [32m[0;39m [        default] [2m---[0;39m [2m[duler1_Worker-5][0;39m [36mo.s.batch.core.job.SimpleStepHandler    [0;39m [2m:[0;39m Executing step: [SEND_ASYNCHRONOUS_EVENTS_STEP]
[2m2025-07-29 19:36:00.078[0;39m [32m- INFO[0;39m [35m614984[0;39m [32m[0;39m [        default] [2m---[0;39m [2m[duler1_Worker-5][0;39m [36mo.s.batch.core.step.AbstractStep        [0;39m [2m:[0;39m Step: [SEND_ASYNCHRONOUS_EVENTS_STEP] executed in 12ms
[2m2025-07-29 19:36:00.089[0;39m [32m- INFO[0;39m [35m614984[0;39m [32m[0;39m [        default] [2m---[0;39m [2m[duler1_Worker-5][0;39m [36mo.s.b.c.l.s.TaskExecutorJobLauncher     [0;39m [2m:[0;39m Job: [SimpleJob: [name=SEND_ASYNCHRONOUS_EVENTS]] completed with the following parameters: [{'run.id':'{value=121, type=class java.lang.Long, identifying=true}'}] and the following status: [COMPLETED] in 38ms
[2m2025-07-29 19:37:00.099[0;39m [32m- INFO[0;39m [35m614984[0;39m [32m[0;39m [        default] [2m---[0;39m [2m[duler1_Worker-4][0;39m [36mo.s.b.c.l.s.TaskExecutorJobLauncher     [0;39m [2m:[0;39m Job: [SimpleJob: [name=SEND_ASYNCHRONOUS_EVENTS]] launched with the following parameters: [{'run.id':'{value=122, type=class java.lang.Long, identifying=true}'}]
[2m2025-07-29 19:37:00.113[0;39m [32m- INFO[0;39m [35m614984[0;39m [32m[0;39m [        default] [2m---[0;39m [2m[duler1_Worker-4][0;39m [36mo.s.batch.core.job.SimpleStepHandler    [0;39m [2m:[0;39m Executing step: [SEND_ASYNCHRONOUS_EVENTS_STEP]
[2m2025-07-29 19:37:00.126[0;39m [32m- INFO[0;39m [35m614984[0;39m [32m[0;39m [        default] [2m---[0;39m [2m[duler1_Worker-4][0;39m [36mo.s.batch.core.step.AbstractStep        [0;39m [2m:[0;39m Step: [SEND_ASYNCHRONOUS_EVENTS_STEP] executed in 11ms
[2m2025-07-29 19:37:00.138[0;39m [32m- INFO[0;39m [35m614984[0;39m [32m[0;39m [        default] [2m---[0;39m [2m[duler1_Worker-4][0;39m [36mo.s.b.c.l.s.TaskExecutorJobLauncher     [0;39m [2m:[0;39m Job: [SimpleJob: [name=SEND_ASYNCHRONOUS_EVENTS]] completed with the following parameters: [{'run.id':'{value=122, type=class java.lang.Long, identifying=true}'}] and the following status: [COMPLETED] in 34ms
[2m2025-07-29 19:38:00.047[0;39m [32m- INFO[0;39m [35m614984[0;39m [32m[0;39m [        default] [2m---[0;39m [2m[duler1_Worker-6][0;39m [36mo.s.b.c.l.s.TaskExecutorJobLauncher     [0;39m [2m:[0;39m Job: [SimpleJob: [name=SEND_ASYNCHRONOUS_EVENTS]] launched with the following parameters: [{'run.id':'{value=123, type=class java.lang.Long, identifying=true}'}]
[2m2025-07-29 19:38:00.062[0;39m [32m- INFO[0;39m [35m614984[0;39m [32m[0;39m [        default] [2m---[0;39m [2m[duler1_Worker-6][0;39m [36mo.s.batch.core.job.SimpleStepHandler    [0;39m [2m:[0;39m Executing step: [SEND_ASYNCHRONOUS_EVENTS_STEP]
[2m2025-07-29 19:38:00.073[0;39m [32m- INFO[0;39m [35m614984[0;39m [32m[0;39m [        default] [2m---[0;39m [2m[duler1_Worker-6][0;39m [36mo.s.batch.core.step.AbstractStep        [0;39m [2m:[0;39m Step: [SEND_ASYNCHRONOUS_EVENTS_STEP] executed in 10ms
[2m2025-07-29 19:38:00.083[0;39m [32m- INFO[0;39m [35m614984[0;39m [32m[0;39m [        default] [2m---[0;39m [2m[duler1_Worker-6][0;39m [36mo.s.b.c.l.s.TaskExecutorJobLauncher     [0;39m [2m:[0;39m Job: [SimpleJob: [name=SEND_ASYNCHRONOUS_EVENTS]] completed with the following parameters: [{'run.id':'{value=123, type=class java.lang.Long, identifying=true}'}] and the following status: [COMPLETED] in 31ms
[2m2025-07-29 19:39:00.051[0;39m [32m- INFO[0;39m [35m614984[0;39m [32m[0;39m [        default] [2m---[0;39m [2m[duler1_Worker-3][0;39m [36mo.s.b.c.l.s.TaskExecutorJobLauncher     [0;39m [2m:[0;39m Job: [SimpleJob: [name=SEND_ASYNCHRONOUS_EVENTS]] launched with the following parameters: [{'run.id':'{value=124, type=class java.lang.Long, identifying=true}'}]
[2m2025-07-29 19:39:00.069[0;39m [32m- INFO[0;39m [35m614984[0;39m [32m[0;39m [        default] [2m---[0;39m [2m[duler1_Worker-3][0;39m [36mo.s.batch.core.job.SimpleStepHandler    [0;39m [2m:[0;39m Executing step: [SEND_ASYNCHRONOUS_EVENTS_STEP]
[2m2025-07-29 19:39:00.080[0;39m [32m- INFO[0;39m [35m614984[0;39m [32m[0;39m [        default] [2m---[0;39m [2m[duler1_Worker-3][0;39m [36mo.s.batch.core.step.AbstractStep        [0;39m [2m:[0;39m Step: [SEND_ASYNCHRONOUS_EVENTS_STEP] executed in 11ms
[2m2025-07-29 19:39:00.095[0;39m [32m- INFO[0;39m [35m614984[0;39m [32m[0;39m [        default] [2m---[0;39m [2m[duler1_Worker-3][0;39m [36mo.s.b.c.l.s.TaskExecutorJobLauncher     [0;39m [2m:[0;39m Job: [SimpleJob: [name=SEND_ASYNCHRONOUS_EVENTS]] completed with the following parameters: [{'run.id':'{value=124, type=class java.lang.Long, identifying=true}'}] and the following status: [COMPLETED] in 38ms
[2m2025-07-29 19:40:00.104[0;39m [32m- INFO[0;39m [35m614984[0;39m [32m[0;39m [        default] [2m---[0;39m [2m[duler1_Worker-1][0;39m [36mo.s.b.c.l.s.TaskExecutorJobLauncher     [0;39m [2m:[0;39m Job: [SimpleJob: [name=SEND_ASYNCHRONOUS_EVENTS]] launched with the following parameters: [{'run.id':'{value=125, type=class java.lang.Long, identifying=true}'}]
[2m2025-07-29 19:40:00.106[0;39m [32m- INFO[0;39m [35m614984[0;39m [32m[0;39m [        default] [2m---[0;39m [2m[duler1_Worker-7][0;39m [36mo.s.b.c.l.s.TaskExecutorJobLauncher     [0;39m [2m:[0;39m Job: [SimpleJob: [name=EXECUTE_EMAIL]] launched with the following parameters: [{'run.id':'{value=14, type=class java.lang.Long, identifying=true}'}]
[2m2025-07-29 19:40:00.123[0;39m [32m- INFO[0;39m [35m614984[0;39m [32m[0;39m [        default] [2m---[0;39m [2m[duler1_Worker-1][0;39m [36mo.s.batch.core.job.SimpleStepHandler    [0;39m [2m:[0;39m Executing step: [SEND_ASYNCHRONOUS_EVENTS_STEP]
[2m2025-07-29 19:40:00.125[0;39m [32m- INFO[0;39m [35m614984[0;39m [32m[0;39m [        default] [2m---[0;39m [2m[duler1_Worker-7][0;39m [36mo.s.batch.core.job.SimpleStepHandler    [0;39m [2m:[0;39m Executing step: [EXECUTE_EMAIL]
[2m2025-07-29 19:40:00.138[0;39m [32m- INFO[0;39m [35m614984[0;39m [32m[0;39m [        default] [2m---[0;39m [2m[duler1_Worker-1][0;39m [36mo.s.batch.core.step.AbstractStep        [0;39m [2m:[0;39m Step: [SEND_ASYNCHRONOUS_EVENTS_STEP] executed in 14ms
[2m2025-07-29 19:40:00.142[0;39m [32m- INFO[0;39m [35m614984[0;39m [32m[0;39m [        default] [2m---[0;39m [2m[duler1_Worker-7][0;39m [36mo.s.batch.core.step.AbstractStep        [0;39m [2m:[0;39m Step: [EXECUTE_EMAIL] executed in 16ms
[2m2025-07-29 19:40:00.152[0;39m [32m- INFO[0;39m [35m614984[0;39m [32m[0;39m [        default] [2m---[0;39m [2m[duler1_Worker-1][0;39m [36mo.s.b.c.l.s.TaskExecutorJobLauncher     [0;39m [2m:[0;39m Job: [SimpleJob: [name=SEND_ASYNCHRONOUS_EVENTS]] completed with the following parameters: [{'run.id':'{value=125, type=class java.lang.Long, identifying=true}'}] and the following status: [COMPLETED] in 42ms
[2m2025-07-29 19:40:00.159[0;39m [32m- INFO[0;39m [35m614984[0;39m [32m[0;39m [        default] [2m---[0;39m [2m[duler1_Worker-7][0;39m [36mo.s.b.c.l.s.TaskExecutorJobLauncher     [0;39m [2m:[0;39m Job: [SimpleJob: [name=EXECUTE_EMAIL]] completed with the following parameters: [{'run.id':'{value=14, type=class java.lang.Long, identifying=true}'}] and the following status: [COMPLETED] in 47ms
[2m2025-07-29 19:41:00.040[0;39m [32m- INFO[0;39m [35m614984[0;39m [32m[0;39m [        default] [2m---[0;39m [2m[duler1_Worker-2][0;39m [36mo.s.b.c.l.s.TaskExecutorJobLauncher     [0;39m [2m:[0;39m Job: [SimpleJob: [name=SEND_ASYNCHRONOUS_EVENTS]] launched with the following parameters: [{'run.id':'{value=126, type=class java.lang.Long, identifying=true}'}]
[2m2025-07-29 19:41:00.051[0;39m [32m- INFO[0;39m [35m614984[0;39m [32m[0;39m [        default] [2m---[0;39m [2m[duler1_Worker-2][0;39m [36mo.s.batch.core.job.SimpleStepHandler    [0;39m [2m:[0;39m Executing step: [SEND_ASYNCHRONOUS_EVENTS_STEP]
[2m2025-07-29 19:41:00.062[0;39m [32m- INFO[0;39m [35m614984[0;39m [32m[0;39m [        default] [2m---[0;39m [2m[duler1_Worker-2][0;39m [36mo.s.batch.core.step.AbstractStep        [0;39m [2m:[0;39m Step: [SEND_ASYNCHRONOUS_EVENTS_STEP] executed in 11ms
[2m2025-07-29 19:41:00.074[0;39m [32m- INFO[0;39m [35m614984[0;39m [32m[0;39m [        default] [2m---[0;39m [2m[duler1_Worker-2][0;39m [36mo.s.b.c.l.s.TaskExecutorJobLauncher     [0;39m [2m:[0;39m Job: [SimpleJob: [name=SEND_ASYNCHRONOUS_EVENTS]] completed with the following parameters: [{'run.id':'{value=126, type=class java.lang.Long, identifying=true}'}] and the following status: [COMPLETED] in 30ms
[2m2025-07-29 19:42:00.102[0;39m [32m- INFO[0;39m [35m614984[0;39m [32m[0;39m [        default] [2m---[0;39m [2m[duler1_Worker-5][0;39m [36mo.s.b.c.l.s.TaskExecutorJobLauncher     [0;39m [2m:[0;39m Job: [SimpleJob: [name=SEND_ASYNCHRONOUS_EVENTS]] launched with the following parameters: [{'run.id':'{value=127, type=class java.lang.Long, identifying=true}'}]
[2m2025-07-29 19:42:00.113[0;39m [32m- INFO[0;39m [35m614984[0;39m [32m[0;39m [        default] [2m---[0;39m [2m[duler1_Worker-5][0;39m [36mo.s.batch.core.job.SimpleStepHandler    [0;39m [2m:[0;39m Executing step: [SEND_ASYNCHRONOUS_EVENTS_STEP]
[2m2025-07-29 19:42:00.128[0;39m [32m- INFO[0;39m [35m614984[0;39m [32m[0;39m [        default] [2m---[0;39m [2m[duler1_Worker-5][0;39m [36mo.s.batch.core.step.AbstractStep        [0;39m [2m:[0;39m Step: [SEND_ASYNCHRONOUS_EVENTS_STEP] executed in 14ms
[2m2025-07-29 19:42:00.141[0;39m [32m- INFO[0;39m [35m614984[0;39m [32m[0;39m [        default] [2m---[0;39m [2m[duler1_Worker-5][0;39m [36mo.s.b.c.l.s.TaskExecutorJobLauncher     [0;39m [2m:[0;39m Job: [SimpleJob: [name=SEND_ASYNCHRONOUS_EVENTS]] completed with the following parameters: [{'run.id':'{value=127, type=class java.lang.Long, identifying=true}'}] and the following status: [COMPLETED] in 34ms
[2m2025-07-29 19:43:00.053[0;39m [32m- INFO[0;39m [35m614984[0;39m [32m[0;39m [        default] [2m---[0;39m [2m[duler1_Worker-4][0;39m [36mo.s.b.c.l.s.TaskExecutorJobLauncher     [0;39m [2m:[0;39m Job: [SimpleJob: [name=SEND_ASYNCHRONOUS_EVENTS]] launched with the following parameters: [{'run.id':'{value=128, type=class java.lang.Long, identifying=true}'}]
[2m2025-07-29 19:43:00.070[0;39m [32m- INFO[0;39m [35m614984[0;39m [32m[0;39m [        default] [2m---[0;39m [2m[duler1_Worker-4][0;39m [36mo.s.batch.core.job.SimpleStepHandler    [0;39m [2m:[0;39m Executing step: [SEND_ASYNCHRONOUS_EVENTS_STEP]
[2m2025-07-29 19:43:00.085[0;39m [32m- INFO[0;39m [35m614984[0;39m [32m[0;39m [        default] [2m---[0;39m [2m[duler1_Worker-4][0;39m [36mo.s.batch.core.step.AbstractStep        [0;39m [2m:[0;39m Step: [SEND_ASYNCHRONOUS_EVENTS_STEP] executed in 14ms
[2m2025-07-29 19:43:00.094[0;39m [32m- INFO[0;39m [35m614984[0;39m [32m[0;39m [        default] [2m---[0;39m [2m[duler1_Worker-4][0;39m [36mo.s.b.c.l.s.TaskExecutorJobLauncher     [0;39m [2m:[0;39m Job: [SimpleJob: [name=SEND_ASYNCHRONOUS_EVENTS]] completed with the following parameters: [{'run.id':'{value=128, type=class java.lang.Long, identifying=true}'}] and the following status: [COMPLETED] in 37ms
[2m2025-07-29 19:44:00.971[0;39m [32m- INFO[0;39m [35m614984[0;39m [32m[0;39m [        default] [2m---[0;39m [2m[duler1_Worker-6][0;39m [36mo.s.b.c.l.s.TaskExecutorJobLauncher     [0;39m [2m:[0;39m Job: [SimpleJob: [name=SEND_ASYNCHRONOUS_EVENTS]] launched with the following parameters: [{'run.id':'{value=129, type=class java.lang.Long, identifying=true}'}]
[2m2025-07-29 19:44:01.792[0;39m [32m- INFO[0;39m [35m614984[0;39m [32m[0;39m [        default] [2m---[0;39m [2m[duler1_Worker-6][0;39m [36mo.s.batch.core.job.SimpleStepHandler    [0;39m [2m:[0;39m Executing step: [SEND_ASYNCHRONOUS_EVENTS_STEP]
[2m2025-07-29 19:44:02.698[0;39m [32m- INFO[0;39m [35m614984[0;39m [32m[0;39m [        default] [2m---[0;39m [2m[duler1_Worker-6][0;39m [36mo.s.batch.core.step.AbstractStep        [0;39m [2m:[0;39m Step: [SEND_ASYNCHRONOUS_EVENTS_STEP] executed in 906ms
[2m2025-07-29 19:44:03.689[0;39m [32m- INFO[0;39m [35m614984[0;39m [32m[0;39m [        default] [2m---[0;39m [2m[duler1_Worker-6][0;39m [36mo.s.b.c.l.s.TaskExecutorJobLauncher     [0;39m [2m:[0;39m Job: [SimpleJob: [name=SEND_ASYNCHRONOUS_EVENTS]] completed with the following parameters: [{'run.id':'{value=129, type=class java.lang.Long, identifying=true}'}] and the following status: [COMPLETED] in 2s387ms
[2m2025-07-29 19:45:00.101[0;39m [32m- INFO[0;39m [35m614984[0;39m [32m[0;39m [        default] [2m---[0;39m [2m[duler1_Worker-3][0;39m [36mo.s.b.c.l.s.TaskExecutorJobLauncher     [0;39m [2m:[0;39m Job: [SimpleJob: [name=EXECUTE_REPORT_MAILING_JOBS]] launched with the following parameters: [{'run.id':'{value=10, type=class java.lang.Long, identifying=true}'}]
[2m2025-07-29 19:45:00.103[0;39m [32m- INFO[0;39m [35m614984[0;39m [32m[0;39m [        default] [2m---[0;39m [2m[duler1_Worker-7][0;39m [36mo.s.b.c.l.s.TaskExecutorJobLauncher     [0;39m [2m:[0;39m Job: [SimpleJob: [name=UPDATE_EMAIL_OUTBOUND_WITH_CAMPAIGN_MESSAGE]] launched with the following parameters: [{'run.id':'{value=10, type=class java.lang.Long, identifying=true}'}]
[2m2025-07-29 19:45:00.109[0;39m [32m- INFO[0;39m [35m614984[0;39m [32m[0;39m [        default] [2m---[0;39m [2m[duler1_Worker-1][0;39m [36mo.s.b.c.l.s.TaskExecutorJobLauncher     [0;39m [2m:[0;39m Job: [SimpleJob: [name=SEND_ASYNCHRONOUS_EVENTS]] launched with the following parameters: [{'run.id':'{value=130, type=class java.lang.Long, identifying=true}'}]
[2m2025-07-29 19:45:00.121[0;39m [32m- INFO[0;39m [35m614984[0;39m [32m[0;39m [        default] [2m---[0;39m [2m[duler1_Worker-3][0;39m [36mo.s.batch.core.job.SimpleStepHandler    [0;39m [2m:[0;39m Executing step: [EXECUTE_REPORT_MAILING_JOBS]
[2m2025-07-29 19:45:00.123[0;39m [32m- INFO[0;39m [35m614984[0;39m [32m[0;39m [        default] [2m---[0;39m [2m[duler1_Worker-7][0;39m [36mo.s.batch.core.job.SimpleStepHandler    [0;39m [2m:[0;39m Executing step: [UPDATE_EMAIL_OUTBOUND_WITH_CAMPAIGN_MESSAGE]
[2m2025-07-29 19:45:00.127[0;39m [32m- INFO[0;39m [35m614984[0;39m [32m[0;39m [        default] [2m---[0;39m [2m[duler1_Worker-1][0;39m [36mo.s.batch.core.job.SimpleStepHandler    [0;39m [2m:[0;39m Executing step: [SEND_ASYNCHRONOUS_EVENTS_STEP]
[2m2025-07-29 19:45:00.136[0;39m [32m- INFO[0;39m [35m614984[0;39m [32m[0;39m [        default] [2m---[0;39m [2m[duler1_Worker-3][0;39m [36mo.s.batch.core.step.AbstractStep        [0;39m [2m:[0;39m Step: [EXECUTE_REPORT_MAILING_JOBS] executed in 14ms
[2m2025-07-29 19:45:00.138[0;39m [32m- INFO[0;39m [35m614984[0;39m [32m[0;39m [        default] [2m---[0;39m [2m[duler1_Worker-7][0;39m [36mo.s.batch.core.step.AbstractStep        [0;39m [2m:[0;39m Step: [UPDATE_EMAIL_OUTBOUND_WITH_CAMPAIGN_MESSAGE] executed in 14ms
[2m2025-07-29 19:45:00.144[0;39m [32m- INFO[0;39m [35m614984[0;39m [32m[0;39m [        default] [2m---[0;39m [2m[duler1_Worker-1][0;39m [36mo.s.batch.core.step.AbstractStep        [0;39m [2m:[0;39m Step: [SEND_ASYNCHRONOUS_EVENTS_STEP] executed in 16ms
[2m2025-07-29 19:45:00.151[0;39m [32m- INFO[0;39m [35m614984[0;39m [32m[0;39m [        default] [2m---[0;39m [2m[duler1_Worker-3][0;39m [36mo.s.b.c.l.s.TaskExecutorJobLauncher     [0;39m [2m:[0;39m Job: [SimpleJob: [name=EXECUTE_REPORT_MAILING_JOBS]] completed with the following parameters: [{'run.id':'{value=10, type=class java.lang.Long, identifying=true}'}] and the following status: [COMPLETED] in 44ms
[2m2025-07-29 19:45:00.154[0;39m [32m- INFO[0;39m [35m614984[0;39m [32m[0;39m [        default] [2m---[0;39m [2m[duler1_Worker-7][0;39m [36mo.s.b.c.l.s.TaskExecutorJobLauncher     [0;39m [2m:[0;39m Job: [SimpleJob: [name=UPDATE_EMAIL_OUTBOUND_WITH_CAMPAIGN_MESSAGE]] completed with the following parameters: [{'run.id':'{value=10, type=class java.lang.Long, identifying=true}'}] and the following status: [COMPLETED] in 44ms
[2m2025-07-29 19:45:00.161[0;39m [32m- INFO[0;39m [35m614984[0;39m [32m[0;39m [        default] [2m---[0;39m [2m[duler1_Worker-1][0;39m [36mo.s.b.c.l.s.TaskExecutorJobLauncher     [0;39m [2m:[0;39m Job: [SimpleJob: [name=SEND_ASYNCHRONOUS_EVENTS]] completed with the following parameters: [{'run.id':'{value=130, type=class java.lang.Long, identifying=true}'}] and the following status: [COMPLETED] in 47ms
[2m2025-07-29 19:46:00.099[0;39m [32m- INFO[0;39m [35m614984[0;39m [32m[0;39m [        default] [2m---[0;39m [2m[duler1_Worker-2][0;39m [36mo.s.b.c.l.s.TaskExecutorJobLauncher     [0;39m [2m:[0;39m Job: [SimpleJob: [name=SEND_ASYNCHRONOUS_EVENTS]] launched with the following parameters: [{'run.id':'{value=131, type=class java.lang.Long, identifying=true}'}]
[2m2025-07-29 19:46:00.114[0;39m [32m- INFO[0;39m [35m614984[0;39m [32m[0;39m [        default] [2m---[0;39m [2m[duler1_Worker-2][0;39m [36mo.s.batch.core.job.SimpleStepHandler    [0;39m [2m:[0;39m Executing step: [SEND_ASYNCHRONOUS_EVENTS_STEP]
[2m2025-07-29 19:46:00.126[0;39m [32m- INFO[0;39m [35m614984[0;39m [32m[0;39m [        default] [2m---[0;39m [2m[duler1_Worker-2][0;39m [36mo.s.batch.core.step.AbstractStep        [0;39m [2m:[0;39m Step: [SEND_ASYNCHRONOUS_EVENTS_STEP] executed in 11ms
[2m2025-07-29 19:46:00.137[0;39m [32m- INFO[0;39m [35m614984[0;39m [32m[0;39m [        default] [2m---[0;39m [2m[duler1_Worker-2][0;39m [36mo.s.b.c.l.s.TaskExecutorJobLauncher     [0;39m [2m:[0;39m Job: [SimpleJob: [name=SEND_ASYNCHRONOUS_EVENTS]] completed with the following parameters: [{'run.id':'{value=131, type=class java.lang.Long, identifying=true}'}] and the following status: [COMPLETED] in 33ms
[2m2025-07-29 19:47:00.068[0;39m [32m- INFO[0;39m [35m614984[0;39m [32m[0;39m [        default] [2m---[0;39m [2m[duler1_Worker-5][0;39m [36mo.s.b.c.l.s.TaskExecutorJobLauncher     [0;39m [2m:[0;39m Job: [SimpleJob: [name=SEND_ASYNCHRONOUS_EVENTS]] launched with the following parameters: [{'run.id':'{value=132, type=class java.lang.Long, identifying=true}'}]
[2m2025-07-29 19:47:00.083[0;39m [32m- INFO[0;39m [35m614984[0;39m [32m[0;39m [        default] [2m---[0;39m [2m[duler1_Worker-5][0;39m [36mo.s.batch.core.job.SimpleStepHandler    [0;39m [2m:[0;39m Executing step: [SEND_ASYNCHRONOUS_EVENTS_STEP]
[2m2025-07-29 19:47:00.094[0;39m [32m- INFO[0;39m [35m614984[0;39m [32m[0;39m [        default] [2m---[0;39m [2m[duler1_Worker-5][0;39m [36mo.s.batch.core.step.AbstractStep        [0;39m [2m:[0;39m Step: [SEND_ASYNCHRONOUS_EVENTS_STEP] executed in 11ms
[2m2025-07-29 19:47:00.106[0;39m [32m- INFO[0;39m [35m614984[0;39m [32m[0;39m [        default] [2m---[0;39m [2m[duler1_Worker-5][0;39m [36mo.s.b.c.l.s.TaskExecutorJobLauncher     [0;39m [2m:[0;39m Job: [SimpleJob: [name=SEND_ASYNCHRONOUS_EVENTS]] completed with the following parameters: [{'run.id':'{value=132, type=class java.lang.Long, identifying=true}'}] and the following status: [COMPLETED] in 32ms
[2m2025-07-29 19:48:00.099[0;39m [32m- INFO[0;39m [35m614984[0;39m [32m[0;39m [        default] [2m---[0;39m [2m[duler1_Worker-4][0;39m [36mo.s.b.c.l.s.TaskExecutorJobLauncher     [0;39m [2m:[0;39m Job: [SimpleJob: [name=SEND_ASYNCHRONOUS_EVENTS]] launched with the following parameters: [{'run.id':'{value=133, type=class java.lang.Long, identifying=true}'}]
[2m2025-07-29 19:48:00.116[0;39m [32m- INFO[0;39m [35m614984[0;39m [32m[0;39m [        default] [2m---[0;39m [2m[duler1_Worker-4][0;39m [36mo.s.batch.core.job.SimpleStepHandler    [0;39m [2m:[0;39m Executing step: [SEND_ASYNCHRONOUS_EVENTS_STEP]
[2m2025-07-29 19:48:00.131[0;39m [32m- INFO[0;39m [35m614984[0;39m [32m[0;39m [        default] [2m---[0;39m [2m[duler1_Worker-4][0;39m [36mo.s.batch.core.step.AbstractStep        [0;39m [2m:[0;39m Step: [SEND_ASYNCHRONOUS_EVENTS_STEP] executed in 15ms
[2m2025-07-29 19:48:00.144[0;39m [32m- INFO[0;39m [35m614984[0;39m [32m[0;39m [        default] [2m---[0;39m [2m[duler1_Worker-4][0;39m [36mo.s.b.c.l.s.TaskExecutorJobLauncher     [0;39m [2m:[0;39m Job: [SimpleJob: [name=SEND_ASYNCHRONOUS_EVENTS]] completed with the following parameters: [{'run.id':'{value=133, type=class java.lang.Long, identifying=true}'}] and the following status: [COMPLETED] in 40ms
[2m2025-07-29 19:49:00.051[0;39m [32m- INFO[0;39m [35m614984[0;39m [32m[0;39m [        default] [2m---[0;39m [2m[duler1_Worker-6][0;39m [36mo.s.b.c.l.s.TaskExecutorJobLauncher     [0;39m [2m:[0;39m Job: [SimpleJob: [name=SEND_ASYNCHRONOUS_EVENTS]] launched with the following parameters: [{'run.id':'{value=134, type=class java.lang.Long, identifying=true}'}]
[2m2025-07-29 19:49:00.066[0;39m [32m- INFO[0;39m [35m614984[0;39m [32m[0;39m [        default] [2m---[0;39m [2m[duler1_Worker-6][0;39m [36mo.s.batch.core.job.SimpleStepHandler    [0;39m [2m:[0;39m Executing step: [SEND_ASYNCHRONOUS_EVENTS_STEP]
[2m2025-07-29 19:49:00.079[0;39m [32m- INFO[0;39m [35m614984[0;39m [32m[0;39m [        default] [2m---[0;39m [2m[duler1_Worker-6][0;39m [36mo.s.batch.core.step.AbstractStep        [0;39m [2m:[0;39m Step: [SEND_ASYNCHRONOUS_EVENTS_STEP] executed in 13ms
[2m2025-07-29 19:49:00.090[0;39m [32m- INFO[0;39m [35m614984[0;39m [32m[0;39m [        default] [2m---[0;39m [2m[duler1_Worker-6][0;39m [36mo.s.b.c.l.s.TaskExecutorJobLauncher     [0;39m [2m:[0;39m Job: [SimpleJob: [name=SEND_ASYNCHRONOUS_EVENTS]] completed with the following parameters: [{'run.id':'{value=134, type=class java.lang.Long, identifying=true}'}] and the following status: [COMPLETED] in 34ms
[2m2025-07-29 19:50:00.105[0;39m [32m- INFO[0;39m [35m614984[0;39m [32m[0;39m [        default] [2m---[0;39m [2m[duler1_Worker-7][0;39m [36mo.s.b.c.l.s.TaskExecutorJobLauncher     [0;39m [2m:[0;39m Job: [SimpleJob: [name=SEND_ASYNCHRONOUS_EVENTS]] launched with the following parameters: [{'run.id':'{value=135, type=class java.lang.Long, identifying=true}'}]
[2m2025-07-29 19:50:00.110[0;39m [32m- INFO[0;39m [35m614984[0;39m [32m[0;39m [        default] [2m---[0;39m [2m[duler1_Worker-3][0;39m [36mo.s.b.c.l.s.TaskExecutorJobLauncher     [0;39m [2m:[0;39m Job: [SimpleJob: [name=EXECUTE_EMAIL]] launched with the following parameters: [{'run.id':'{value=15, type=class java.lang.Long, identifying=true}'}]
[2m2025-07-29 19:50:00.125[0;39m [32m- INFO[0;39m [35m614984[0;39m [32m[0;39m [        default] [2m---[0;39m [2m[duler1_Worker-7][0;39m [36mo.s.batch.core.job.SimpleStepHandler    [0;39m [2m:[0;39m Executing step: [SEND_ASYNCHRONOUS_EVENTS_STEP]
[2m2025-07-29 19:50:00.127[0;39m [32m- INFO[0;39m [35m614984[0;39m [32m[0;39m [        default] [2m---[0;39m [2m[duler1_Worker-3][0;39m [36mo.s.batch.core.job.SimpleStepHandler    [0;39m [2m:[0;39m Executing step: [EXECUTE_EMAIL]
[2m2025-07-29 19:50:00.140[0;39m [32m- INFO[0;39m [35m614984[0;39m [32m[0;39m [        default] [2m---[0;39m [2m[duler1_Worker-7][0;39m [36mo.s.batch.core.step.AbstractStep        [0;39m [2m:[0;39m Step: [SEND_ASYNCHRONOUS_EVENTS_STEP] executed in 14ms
[2m2025-07-29 19:50:00.145[0;39m [32m- INFO[0;39m [35m614984[0;39m [32m[0;39m [        default] [2m---[0;39m [2m[duler1_Worker-3][0;39m [36mo.s.batch.core.step.AbstractStep        [0;39m [2m:[0;39m Step: [EXECUTE_EMAIL] executed in 17ms
[2m2025-07-29 19:50:00.155[0;39m [32m- INFO[0;39m [35m614984[0;39m [32m[0;39m [        default] [2m---[0;39m [2m[duler1_Worker-7][0;39m [36mo.s.b.c.l.s.TaskExecutorJobLauncher     [0;39m [2m:[0;39m Job: [SimpleJob: [name=SEND_ASYNCHRONOUS_EVENTS]] completed with the following parameters: [{'run.id':'{value=135, type=class java.lang.Long, identifying=true}'}] and the following status: [COMPLETED] in 44ms
[2m2025-07-29 19:50:00.162[0;39m [32m- INFO[0;39m [35m614984[0;39m [32m[0;39m [        default] [2m---[0;39m [2m[duler1_Worker-3][0;39m [36mo.s.b.c.l.s.TaskExecutorJobLauncher     [0;39m [2m:[0;39m Job: [SimpleJob: [name=EXECUTE_EMAIL]] completed with the following parameters: [{'run.id':'{value=15, type=class java.lang.Long, identifying=true}'}] and the following status: [COMPLETED] in 46ms
[2m2025-07-29 19:51:00.097[0;39m [32m- INFO[0;39m [35m614984[0;39m [32m[0;39m [        default] [2m---[0;39m [2m[duler1_Worker-1][0;39m [36mo.s.b.c.l.s.TaskExecutorJobLauncher     [0;39m [2m:[0;39m Job: [SimpleJob: [name=SEND_ASYNCHRONOUS_EVENTS]] launched with the following parameters: [{'run.id':'{value=136, type=class java.lang.Long, identifying=true}'}]
[2m2025-07-29 19:51:00.113[0;39m [32m- INFO[0;39m [35m614984[0;39m [32m[0;39m [        default] [2m---[0;39m [2m[duler1_Worker-1][0;39m [36mo.s.batch.core.job.SimpleStepHandler    [0;39m [2m:[0;39m Executing step: [SEND_ASYNCHRONOUS_EVENTS_STEP]
[2m2025-07-29 19:51:00.126[0;39m [32m- INFO[0;39m [35m614984[0;39m [32m[0;39m [        default] [2m---[0;39m [2m[duler1_Worker-1][0;39m [36mo.s.batch.core.step.AbstractStep        [0;39m [2m:[0;39m Step: [SEND_ASYNCHRONOUS_EVENTS_STEP] executed in 13ms
[2m2025-07-29 19:51:00.139[0;39m [32m- INFO[0;39m [35m614984[0;39m [32m[0;39m [        default] [2m---[0;39m [2m[duler1_Worker-1][0;39m [36mo.s.b.c.l.s.TaskExecutorJobLauncher     [0;39m [2m:[0;39m Job: [SimpleJob: [name=SEND_ASYNCHRONOUS_EVENTS]] completed with the following parameters: [{'run.id':'{value=136, type=class java.lang.Long, identifying=true}'}] and the following status: [COMPLETED] in 37ms
[2m2025-07-29 19:52:00.095[0;39m [32m- INFO[0;39m [35m614984[0;39m [32m[0;39m [        default] [2m---[0;39m [2m[duler1_Worker-2][0;39m [36mo.s.b.c.l.s.TaskExecutorJobLauncher     [0;39m [2m:[0;39m Job: [SimpleJob: [name=SEND_ASYNCHRONOUS_EVENTS]] launched with the following parameters: [{'run.id':'{value=137, type=class java.lang.Long, identifying=true}'}]
[2m2025-07-29 19:52:00.111[0;39m [32m- INFO[0;39m [35m614984[0;39m [32m[0;39m [        default] [2m---[0;39m [2m[duler1_Worker-2][0;39m [36mo.s.batch.core.job.SimpleStepHandler    [0;39m [2m:[0;39m Executing step: [SEND_ASYNCHRONOUS_EVENTS_STEP]
[2m2025-07-29 19:52:00.123[0;39m [32m- INFO[0;39m [35m614984[0;39m [32m[0;39m [        default] [2m---[0;39m [2m[duler1_Worker-2][0;39m [36mo.s.batch.core.step.AbstractStep        [0;39m [2m:[0;39m Step: [SEND_ASYNCHRONOUS_EVENTS_STEP] executed in 12ms
[2m2025-07-29 19:52:00.134[0;39m [32m- INFO[0;39m [35m614984[0;39m [32m[0;39m [        default] [2m---[0;39m [2m[duler1_Worker-2][0;39m [36mo.s.b.c.l.s.TaskExecutorJobLauncher     [0;39m [2m:[0;39m Job: [SimpleJob: [name=SEND_ASYNCHRONOUS_EVENTS]] completed with the following parameters: [{'run.id':'{value=137, type=class java.lang.Long, identifying=true}'}] and the following status: [COMPLETED] in 34ms
[2m2025-07-29 19:53:00.100[0;39m [32m- INFO[0;39m [35m614984[0;39m [32m[0;39m [        default] [2m---[0;39m [2m[duler1_Worker-5][0;39m [36mo.s.b.c.l.s.TaskExecutorJobLauncher     [0;39m [2m:[0;39m Job: [SimpleJob: [name=SEND_ASYNCHRONOUS_EVENTS]] launched with the following parameters: [{'run.id':'{value=138, type=class java.lang.Long, identifying=true}'}]
[2m2025-07-29 19:53:00.113[0;39m [32m- INFO[0;39m [35m614984[0;39m [32m[0;39m [        default] [2m---[0;39m [2m[duler1_Worker-5][0;39m [36mo.s.batch.core.job.SimpleStepHandler    [0;39m [2m:[0;39m Executing step: [SEND_ASYNCHRONOUS_EVENTS_STEP]
[2m2025-07-29 19:53:00.123[0;39m [32m- INFO[0;39m [35m614984[0;39m [32m[0;39m [        default] [2m---[0;39m [2m[duler1_Worker-5][0;39m [36mo.s.batch.core.step.AbstractStep        [0;39m [2m:[0;39m Step: [SEND_ASYNCHRONOUS_EVENTS_STEP] executed in 10ms
[2m2025-07-29 19:53:00.135[0;39m [32m- INFO[0;39m [35m614984[0;39m [32m[0;39m [        default] [2m---[0;39m [2m[duler1_Worker-5][0;39m [36mo.s.b.c.l.s.TaskExecutorJobLauncher     [0;39m [2m:[0;39m Job: [SimpleJob: [name=SEND_ASYNCHRONOUS_EVENTS]] completed with the following parameters: [{'run.id':'{value=138, type=class java.lang.Long, identifying=true}'}] and the following status: [COMPLETED] in 30ms
[2m2025-07-29 19:54:00.097[0;39m [32m- INFO[0;39m [35m614984[0;39m [32m[0;39m [        default] [2m---[0;39m [2m[duler1_Worker-4][0;39m [36mo.s.b.c.l.s.TaskExecutorJobLauncher     [0;39m [2m:[0;39m Job: [SimpleJob: [name=SEND_ASYNCHRONOUS_EVENTS]] launched with the following parameters: [{'run.id':'{value=139, type=class java.lang.Long, identifying=true}'}]
[2m2025-07-29 19:54:00.116[0;39m [32m- INFO[0;39m [35m614984[0;39m [32m[0;39m [        default] [2m---[0;39m [2m[duler1_Worker-4][0;39m [36mo.s.batch.core.job.SimpleStepHandler    [0;39m [2m:[0;39m Executing step: [SEND_ASYNCHRONOUS_EVENTS_STEP]
[2m2025-07-29 19:54:00.132[0;39m [32m- INFO[0;39m [35m614984[0;39m [32m[0;39m [        default] [2m---[0;39m [2m[duler1_Worker-4][0;39m [36mo.s.batch.core.step.AbstractStep        [0;39m [2m:[0;39m Step: [SEND_ASYNCHRONOUS_EVENTS_STEP] executed in 15ms
[2m2025-07-29 19:54:00.143[0;39m [32m- INFO[0;39m [35m614984[0;39m [32m[0;39m [        default] [2m---[0;39m [2m[duler1_Worker-4][0;39m [36mo.s.b.c.l.s.TaskExecutorJobLauncher     [0;39m [2m:[0;39m Job: [SimpleJob: [name=SEND_ASYNCHRONOUS_EVENTS]] completed with the following parameters: [{'run.id':'{value=139, type=class java.lang.Long, identifying=true}'}] and the following status: [COMPLETED] in 42ms
[2m2025-07-29 19:55:00.098[0;39m [32m- INFO[0;39m [35m614984[0;39m [32m[0;39m [        default] [2m---[0;39m [2m[duler1_Worker-6][0;39m [36mo.s.b.c.l.s.TaskExecutorJobLauncher     [0;39m [2m:[0;39m Job: [SimpleJob: [name=SEND_ASYNCHRONOUS_EVENTS]] launched with the following parameters: [{'run.id':'{value=140, type=class java.lang.Long, identifying=true}'}]
[2m2025-07-29 19:55:00.111[0;39m [32m- INFO[0;39m [35m614984[0;39m [32m[0;39m [        default] [2m---[0;39m [2m[duler1_Worker-6][0;39m [36mo.s.batch.core.job.SimpleStepHandler    [0;39m [2m:[0;39m Executing step: [SEND_ASYNCHRONOUS_EVENTS_STEP]
[2m2025-07-29 19:55:00.123[0;39m [32m- INFO[0;39m [35m614984[0;39m [32m[0;39m [        default] [2m---[0;39m [2m[duler1_Worker-6][0;39m [36mo.s.batch.core.step.AbstractStep        [0;39m [2m:[0;39m Step: [SEND_ASYNCHRONOUS_EVENTS_STEP] executed in 12ms
[2m2025-07-29 19:55:00.136[0;39m [32m- INFO[0;39m [35m614984[0;39m [32m[0;39m [        default] [2m---[0;39m [2m[duler1_Worker-6][0;39m [36mo.s.b.c.l.s.TaskExecutorJobLauncher     [0;39m [2m:[0;39m Job: [SimpleJob: [name=SEND_ASYNCHRONOUS_EVENTS]] completed with the following parameters: [{'run.id':'{value=140, type=class java.lang.Long, identifying=true}'}] and the following status: [COMPLETED] in 34ms
[2m2025-07-29 19:56:00.102[0;39m [32m- INFO[0;39m [35m614984[0;39m [32m[0;39m [        default] [2m---[0;39m [2m[duler1_Worker-7][0;39m [36mo.s.b.c.l.s.TaskExecutorJobLauncher     [0;39m [2m:[0;39m Job: [SimpleJob: [name=SEND_ASYNCHRONOUS_EVENTS]] launched with the following parameters: [{'run.id':'{value=141, type=class java.lang.Long, identifying=true}'}]
[2m2025-07-29 19:56:00.117[0;39m [32m- INFO[0;39m [35m614984[0;39m [32m[0;39m [        default] [2m---[0;39m [2m[duler1_Worker-7][0;39m [36mo.s.batch.core.job.SimpleStepHandler    [0;39m [2m:[0;39m Executing step: [SEND_ASYNCHRONOUS_EVENTS_STEP]
[2m2025-07-29 19:56:00.130[0;39m [32m- INFO[0;39m [35m614984[0;39m [32m[0;39m [        default] [2m---[0;39m [2m[duler1_Worker-7][0;39m [36mo.s.batch.core.step.AbstractStep        [0;39m [2m:[0;39m Step: [SEND_ASYNCHRONOUS_EVENTS_STEP] executed in 13ms
[2m2025-07-29 19:56:00.143[0;39m [32m- INFO[0;39m [35m614984[0;39m [32m[0;39m [        default] [2m---[0;39m [2m[duler1_Worker-7][0;39m [36mo.s.b.c.l.s.TaskExecutorJobLauncher     [0;39m [2m:[0;39m Job: [SimpleJob: [name=SEND_ASYNCHRONOUS_EVENTS]] completed with the following parameters: [{'run.id':'{value=141, type=class java.lang.Long, identifying=true}'}] and the following status: [COMPLETED] in 36ms
[2m2025-07-29 19:57:00.068[0;39m [32m- INFO[0;39m [35m614984[0;39m [32m[0;39m [        default] [2m---[0;39m [2m[duler1_Worker-3][0;39m [36mo.s.b.c.l.s.TaskExecutorJobLauncher     [0;39m [2m:[0;39m Job: [SimpleJob: [name=SEND_ASYNCHRONOUS_EVENTS]] launched with the following parameters: [{'run.id':'{value=142, type=class java.lang.Long, identifying=true}'}]
[2m2025-07-29 19:57:00.084[0;39m [32m- INFO[0;39m [35m614984[0;39m [32m[0;39m [        default] [2m---[0;39m [2m[duler1_Worker-3][0;39m [36mo.s.batch.core.job.SimpleStepHandler    [0;39m [2m:[0;39m Executing step: [SEND_ASYNCHRONOUS_EVENTS_STEP]
[2m2025-07-29 19:57:00.097[0;39m [32m- INFO[0;39m [35m614984[0;39m [32m[0;39m [        default] [2m---[0;39m [2m[duler1_Worker-3][0;39m [36mo.s.batch.core.step.AbstractStep        [0;39m [2m:[0;39m Step: [SEND_ASYNCHRONOUS_EVENTS_STEP] executed in 13ms
[2m2025-07-29 19:57:00.121[0;39m [32m- INFO[0;39m [35m614984[0;39m [32m[0;39m [        default] [2m---[0;39m [2m[duler1_Worker-3][0;39m [36mo.s.b.c.l.s.TaskExecutorJobLauncher     [0;39m [2m:[0;39m Job: [SimpleJob: [name=SEND_ASYNCHRONOUS_EVENTS]] completed with the following parameters: [{'run.id':'{value=142, type=class java.lang.Long, identifying=true}'}] and the following status: [COMPLETED] in 42ms
[2m2025-07-29 19:58:00.050[0;39m [32m- INFO[0;39m [35m614984[0;39m [32m[0;39m [        default] [2m---[0;39m [2m[duler1_Worker-1][0;39m [36mo.s.b.c.l.s.TaskExecutorJobLauncher     [0;39m [2m:[0;39m Job: [SimpleJob: [name=SEND_ASYNCHRONOUS_EVENTS]] launched with the following parameters: [{'run.id':'{value=143, type=class java.lang.Long, identifying=true}'}]
[2m2025-07-29 19:58:00.064[0;39m [32m- INFO[0;39m [35m614984[0;39m [32m[0;39m [        default] [2m---[0;39m [2m[duler1_Worker-1][0;39m [36mo.s.batch.core.job.SimpleStepHandler    [0;39m [2m:[0;39m Executing step: [SEND_ASYNCHRONOUS_EVENTS_STEP]
[2m2025-07-29 19:58:00.075[0;39m [32m- INFO[0;39m [35m614984[0;39m [32m[0;39m [        default] [2m---[0;39m [2m[duler1_Worker-1][0;39m [36mo.s.batch.core.step.AbstractStep        [0;39m [2m:[0;39m Step: [SEND_ASYNCHRONOUS_EVENTS_STEP] executed in 10ms
[2m2025-07-29 19:58:00.087[0;39m [32m- INFO[0;39m [35m614984[0;39m [32m[0;39m [        default] [2m---[0;39m [2m[duler1_Worker-1][0;39m [36mo.s.b.c.l.s.TaskExecutorJobLauncher     [0;39m [2m:[0;39m Job: [SimpleJob: [name=SEND_ASYNCHRONOUS_EVENTS]] completed with the following parameters: [{'run.id':'{value=143, type=class java.lang.Long, identifying=true}'}] and the following status: [COMPLETED] in 32ms
[2m2025-07-29 19:59:00.039[0;39m [32m- INFO[0;39m [35m614984[0;39m [32m[0;39m [        default] [2m---[0;39m [2m[duler1_Worker-2][0;39m [36mo.s.b.c.l.s.TaskExecutorJobLauncher     [0;39m [2m:[0;39m Job: [SimpleJob: [name=SEND_ASYNCHRONOUS_EVENTS]] launched with the following parameters: [{'run.id':'{value=144, type=class java.lang.Long, identifying=true}'}]
[2m2025-07-29 19:59:00.051[0;39m [32m- INFO[0;39m [35m614984[0;39m [32m[0;39m [        default] [2m---[0;39m [2m[duler1_Worker-2][0;39m [36mo.s.batch.core.job.SimpleStepHandler    [0;39m [2m:[0;39m Executing step: [SEND_ASYNCHRONOUS_EVENTS_STEP]
[2m2025-07-29 19:59:00.064[0;39m [32m- INFO[0;39m [35m614984[0;39m [32m[0;39m [        default] [2m---[0;39m [2m[duler1_Worker-2][0;39m [36mo.s.batch.core.step.AbstractStep        [0;39m [2m:[0;39m Step: [SEND_ASYNCHRONOUS_EVENTS_STEP] executed in 13ms
[2m2025-07-29 19:59:00.076[0;39m [32m- INFO[0;39m [35m614984[0;39m [32m[0;39m [        default] [2m---[0;39m [2m[duler1_Worker-2][0;39m [36mo.s.b.c.l.s.TaskExecutorJobLauncher     [0;39m [2m:[0;39m Job: [SimpleJob: [name=SEND_ASYNCHRONOUS_EVENTS]] completed with the following parameters: [{'run.id':'{value=144, type=class java.lang.Long, identifying=true}'}] and the following status: [COMPLETED] in 32ms
[2m2025-07-29 20:00:00.058[0;39m [32m- INFO[0;39m [35m614984[0;39m [32m[0;39m [        default] [2m---[0;39m [2m[duler1_Worker-5][0;39m [36mo.s.b.c.l.s.TaskExecutorJobLauncher     [0;39m [2m:[0;39m Job: [SimpleJob: [name=EXECUTE_EMAIL]] launched with the following parameters: [{'run.id':'{value=16, type=class java.lang.Long, identifying=true}'}]
[2m2025-07-29 20:00:00.060[0;39m [32m- INFO[0;39m [35m614984[0;39m [32m[0;39m [        default] [2m---[0;39m [2m[duler1_Worker-4][0;39m [36mo.s.b.c.l.s.TaskExecutorJobLauncher     [0;39m [2m:[0;39m Job: [SimpleJob: [name=EXECUTE_REPORT_MAILING_JOBS]] launched with the following parameters: [{'run.id':'{value=11, type=class java.lang.Long, identifying=true}'}]
[2m2025-07-29 20:00:00.068[0;39m [32m- INFO[0;39m [35m614984[0;39m [32m[0;39m [        default] [2m---[0;39m [2m[duler1_Worker-6][0;39m [36mo.s.b.c.l.s.TaskExecutorJobLauncher     [0;39m [2m:[0;39m Job: [SimpleJob: [name=SEND_ASYNCHRONOUS_EVENTS]] launched with the following parameters: [{'run.id':'{value=145, type=class java.lang.Long, identifying=true}'}]
[2m2025-07-29 20:00:00.069[0;39m [32m- INFO[0;39m [35m614984[0;39m [32m[0;39m [        default] [2m---[0;39m [2m[duler1_Worker-7][0;39m [36mo.s.b.c.l.s.TaskExecutorJobLauncher     [0;39m [2m:[0;39m Job: [SimpleJob: [name=UPDATE_EMAIL_OUTBOUND_WITH_CAMPAIGN_MESSAGE]] launched with the following parameters: [{'run.id':'{value=11, type=class java.lang.Long, identifying=true}'}]
[2m2025-07-29 20:00:00.075[0;39m [32m- INFO[0;39m [35m614984[0;39m [32m[0;39m [        default] [2m---[0;39m [2m[duler1_Worker-5][0;39m [36mo.s.batch.core.job.SimpleStepHandler    [0;39m [2m:[0;39m Executing step: [EXECUTE_EMAIL]
[2m2025-07-29 20:00:00.088[0;39m [32m- INFO[0;39m [35m614984[0;39m [32m[0;39m [        default] [2m---[0;39m [2m[duler1_Worker-4][0;39m [36mo.s.batch.core.job.SimpleStepHandler    [0;39m [2m:[0;39m Executing step: [EXECUTE_REPORT_MAILING_JOBS]
[2m2025-07-29 20:00:00.096[0;39m [32m- INFO[0;39m [35m614984[0;39m [32m[0;39m [        default] [2m---[0;39m [2m[duler1_Worker-6][0;39m [36mo.s.batch.core.job.SimpleStepHandler    [0;39m [2m:[0;39m Executing step: [SEND_ASYNCHRONOUS_EVENTS_STEP]
[2m2025-07-29 20:00:00.098[0;39m [32m- INFO[0;39m [35m614984[0;39m [32m[0;39m [        default] [2m---[0;39m [2m[duler1_Worker-7][0;39m [36mo.s.batch.core.job.SimpleStepHandler    [0;39m [2m:[0;39m Executing step: [UPDATE_EMAIL_OUTBOUND_WITH_CAMPAIGN_MESSAGE]
[2m2025-07-29 20:00:00.100[0;39m [32m- INFO[0;39m [35m614984[0;39m [32m[0;39m [        default] [2m---[0;39m [2m[duler1_Worker-5][0;39m [36mo.s.batch.core.step.AbstractStep        [0;39m [2m:[0;39m Step: [EXECUTE_EMAIL] executed in 24ms
[2m2025-07-29 20:00:00.110[0;39m [32m- INFO[0;39m [35m614984[0;39m [32m[0;39m [        default] [2m---[0;39m [2m[duler1_Worker-4][0;39m [36mo.s.batch.core.step.AbstractStep        [0;39m [2m:[0;39m Step: [EXECUTE_REPORT_MAILING_JOBS] executed in 22ms
[2m2025-07-29 20:00:00.112[0;39m [32m- INFO[0;39m [35m614984[0;39m [32m[0;39m [        default] [2m---[0;39m [2m[duler1_Worker-6][0;39m [36mo.s.batch.core.step.AbstractStep        [0;39m [2m:[0;39m Step: [SEND_ASYNCHRONOUS_EVENTS_STEP] executed in 15ms
[2m2025-07-29 20:00:00.114[0;39m [32m- INFO[0;39m [35m614984[0;39m [32m[0;39m [        default] [2m---[0;39m [2m[duler1_Worker-7][0;39m [36mo.s.batch.core.step.AbstractStep        [0;39m [2m:[0;39m Step: [UPDATE_EMAIL_OUTBOUND_WITH_CAMPAIGN_MESSAGE] executed in 15ms
[2m2025-07-29 20:00:00.118[0;39m [32m- INFO[0;39m [35m614984[0;39m [32m[0;39m [        default] [2m---[0;39m [2m[duler1_Worker-5][0;39m [36mo.s.b.c.l.s.TaskExecutorJobLauncher     [0;39m [2m:[0;39m Job: [SimpleJob: [name=EXECUTE_EMAIL]] completed with the following parameters: [{'run.id':'{value=16, type=class java.lang.Long, identifying=true}'}] and the following status: [COMPLETED] in 53ms
[2m2025-07-29 20:00:00.135[0;39m [32m- INFO[0;39m [35m614984[0;39m [32m[0;39m [        default] [2m---[0;39m [2m[duler1_Worker-4][0;39m [36mo.s.b.c.l.s.TaskExecutorJobLauncher     [0;39m [2m:[0;39m Job: [SimpleJob: [name=EXECUTE_REPORT_MAILING_JOBS]] completed with the following parameters: [{'run.id':'{value=11, type=class java.lang.Long, identifying=true}'}] and the following status: [COMPLETED] in 60ms
[2m2025-07-29 20:00:00.138[0;39m [32m- INFO[0;39m [35m614984[0;39m [32m[0;39m [        default] [2m---[0;39m [2m[duler1_Worker-6][0;39m [36mo.s.b.c.l.s.TaskExecutorJobLauncher     [0;39m [2m:[0;39m Job: [SimpleJob: [name=SEND_ASYNCHRONOUS_EVENTS]] completed with the following parameters: [{'run.id':'{value=145, type=class java.lang.Long, identifying=true}'}] and the following status: [COMPLETED] in 58ms
[2m2025-07-29 20:00:00.140[0;39m [32m- INFO[0;39m [35m614984[0;39m [32m[0;39m [        default] [2m---[0;39m [2m[duler1_Worker-7][0;39m [36mo.s.b.c.l.s.TaskExecutorJobLauncher     [0;39m [2m:[0;39m Job: [SimpleJob: [name=UPDATE_EMAIL_OUTBOUND_WITH_CAMPAIGN_MESSAGE]] completed with the following parameters: [{'run.id':'{value=11, type=class java.lang.Long, identifying=true}'}] and the following status: [COMPLETED] in 65ms
[2m2025-07-29 20:01:00.060[0;39m [32m- INFO[0;39m [35m614984[0;39m [32m[0;39m [        default] [2m---[0;39m [2m[duler1_Worker-3][0;39m [36mo.s.b.c.l.s.TaskExecutorJobLauncher     [0;39m [2m:[0;39m Job: [SimpleJob: [name=SEND_ASYNCHRONOUS_EVENTS]] launched with the following parameters: [{'run.id':'{value=146, type=class java.lang.Long, identifying=true}'}]
[2m2025-07-29 20:01:00.079[0;39m [32m- INFO[0;39m [35m614984[0;39m [32m[0;39m [        default] [2m---[0;39m [2m[duler1_Worker-3][0;39m [36mo.s.batch.core.job.SimpleStepHandler    [0;39m [2m:[0;39m Executing step: [SEND_ASYNCHRONOUS_EVENTS_STEP]
[2m2025-07-29 20:01:00.091[0;39m [32m- INFO[0;39m [35m614984[0;39m [32m[0;39m [        default] [2m---[0;39m [2m[duler1_Worker-3][0;39m [36mo.s.batch.core.step.AbstractStep        [0;39m [2m:[0;39m Step: [SEND_ASYNCHRONOUS_EVENTS_STEP] executed in 11ms
[2m2025-07-29 20:01:00.102[0;39m [32m- INFO[0;39m [35m614984[0;39m [32m[0;39m [        default] [2m---[0;39m [2m[duler1_Worker-3][0;39m [36mo.s.b.c.l.s.TaskExecutorJobLauncher     [0;39m [2m:[0;39m Job: [SimpleJob: [name=SEND_ASYNCHRONOUS_EVENTS]] completed with the following parameters: [{'run.id':'{value=146, type=class java.lang.Long, identifying=true}'}] and the following status: [COMPLETED] in 37ms
[2m2025-07-29 20:02:00.101[0;39m [32m- INFO[0;39m [35m614984[0;39m [32m[0;39m [        default] [2m---[0;39m [2m[duler1_Worker-1][0;39m [36mo.s.b.c.l.s.TaskExecutorJobLauncher     [0;39m [2m:[0;39m Job: [SimpleJob: [name=SEND_ASYNCHRONOUS_EVENTS]] launched with the following parameters: [{'run.id':'{value=147, type=class java.lang.Long, identifying=true}'}]
[2m2025-07-29 20:02:00.117[0;39m [32m- INFO[0;39m [35m614984[0;39m [32m[0;39m [        default] [2m---[0;39m [2m[duler1_Worker-1][0;39m [36mo.s.batch.core.job.SimpleStepHandler    [0;39m [2m:[0;39m Executing step: [SEND_ASYNCHRONOUS_EVENTS_STEP]
[2m2025-07-29 20:02:00.134[0;39m [32m- INFO[0;39m [35m614984[0;39m [32m[0;39m [        default] [2m---[0;39m [2m[duler1_Worker-1][0;39m [36mo.s.batch.core.step.AbstractStep        [0;39m [2m:[0;39m Step: [SEND_ASYNCHRONOUS_EVENTS_STEP] executed in 16ms
[2m2025-07-29 20:02:00.149[0;39m [32m- INFO[0;39m [35m614984[0;39m [32m[0;39m [        default] [2m---[0;39m [2m[duler1_Worker-1][0;39m [36mo.s.b.c.l.s.TaskExecutorJobLauncher     [0;39m [2m:[0;39m Job: [SimpleJob: [name=SEND_ASYNCHRONOUS_EVENTS]] completed with the following parameters: [{'run.id':'{value=147, type=class java.lang.Long, identifying=true}'}] and the following status: [COMPLETED] in 42ms
[2m2025-07-29 20:03:00.090[0;39m [32m- INFO[0;39m [35m614984[0;39m [32m[0;39m [        default] [2m---[0;39m [2m[duler1_Worker-2][0;39m [36mo.s.b.c.l.s.TaskExecutorJobLauncher     [0;39m [2m:[0;39m Job: [SimpleJob: [name=SEND_ASYNCHRONOUS_EVENTS]] launched with the following parameters: [{'run.id':'{value=148, type=class java.lang.Long, identifying=true}'}]
[2m2025-07-29 20:03:00.104[0;39m [32m- INFO[0;39m [35m614984[0;39m [32m[0;39m [        default] [2m---[0;39m [2m[duler1_Worker-2][0;39m [36mo.s.batch.core.job.SimpleStepHandler    [0;39m [2m:[0;39m Executing step: [SEND_ASYNCHRONOUS_EVENTS_STEP]
[2m2025-07-29 20:03:00.116[0;39m [32m- INFO[0;39m [35m614984[0;39m [32m[0;39m [        default] [2m---[0;39m [2m[duler1_Worker-2][0;39m [36mo.s.batch.core.step.AbstractStep        [0;39m [2m:[0;39m Step: [SEND_ASYNCHRONOUS_EVENTS_STEP] executed in 11ms
[2m2025-07-29 20:03:00.128[0;39m [32m- INFO[0;39m [35m614984[0;39m [32m[0;39m [        default] [2m---[0;39m [2m[duler1_Worker-2][0;39m [36mo.s.b.c.l.s.TaskExecutorJobLauncher     [0;39m [2m:[0;39m Job: [SimpleJob: [name=SEND_ASYNCHRONOUS_EVENTS]] completed with the following parameters: [{'run.id':'{value=148, type=class java.lang.Long, identifying=true}'}] and the following status: [COMPLETED] in 33ms
[2m2025-07-29 20:04:00.102[0;39m [32m- INFO[0;39m [35m614984[0;39m [32m[0;39m [        default] [2m---[0;39m [2m[duler1_Worker-5][0;39m [36mo.s.b.c.l.s.TaskExecutorJobLauncher     [0;39m [2m:[0;39m Job: [SimpleJob: [name=SEND_ASYNCHRONOUS_EVENTS]] launched with the following parameters: [{'run.id':'{value=149, type=class java.lang.Long, identifying=true}'}]
[2m2025-07-29 20:04:00.120[0;39m [32m- INFO[0;39m [35m614984[0;39m [32m[0;39m [        default] [2m---[0;39m [2m[duler1_Worker-5][0;39m [36mo.s.batch.core.job.SimpleStepHandler    [0;39m [2m:[0;39m Executing step: [SEND_ASYNCHRONOUS_EVENTS_STEP]
[2m2025-07-29 20:04:00.136[0;39m [32m- INFO[0;39m [35m614984[0;39m [32m[0;39m [        default] [2m---[0;39m [2m[duler1_Worker-5][0;39m [36mo.s.batch.core.step.AbstractStep        [0;39m [2m:[0;39m Step: [SEND_ASYNCHRONOUS_EVENTS_STEP] executed in 15ms
[2m2025-07-29 20:04:00.151[0;39m [32m- INFO[0;39m [35m614984[0;39m [32m[0;39m [        default] [2m---[0;39m [2m[duler1_Worker-5][0;39m [36mo.s.b.c.l.s.TaskExecutorJobLauncher     [0;39m [2m:[0;39m Job: [SimpleJob: [name=SEND_ASYNCHRONOUS_EVENTS]] completed with the following parameters: [{'run.id':'{value=149, type=class java.lang.Long, identifying=true}'}] and the following status: [COMPLETED] in 43ms
[2m2025-07-29 20:05:00.053[0;39m [32m- INFO[0;39m [35m614984[0;39m [32m[0;39m [        default] [2m---[0;39m [2m[duler1_Worker-4][0;39m [36mo.s.b.c.l.s.TaskExecutorJobLauncher     [0;39m [2m:[0;39m Job: [SimpleJob: [name=SEND_ASYNCHRONOUS_EVENTS]] launched with the following parameters: [{'run.id':'{value=150, type=class java.lang.Long, identifying=true}'}]
[2m2025-07-29 20:05:00.070[0;39m [32m- INFO[0;39m [35m614984[0;39m [32m[0;39m [        default] [2m---[0;39m [2m[duler1_Worker-4][0;39m [36mo.s.batch.core.job.SimpleStepHandler    [0;39m [2m:[0;39m Executing step: [SEND_ASYNCHRONOUS_EVENTS_STEP]
[2m2025-07-29 20:05:00.085[0;39m [32m- INFO[0;39m [35m614984[0;39m [32m[0;39m [        default] [2m---[0;39m [2m[duler1_Worker-4][0;39m [36mo.s.batch.core.step.AbstractStep        [0;39m [2m:[0;39m Step: [SEND_ASYNCHRONOUS_EVENTS_STEP] executed in 15ms
[2m2025-07-29 20:05:00.100[0;39m [32m- INFO[0;39m [35m614984[0;39m [32m[0;39m [        default] [2m---[0;39m [2m[duler1_Worker-4][0;39m [36mo.s.b.c.l.s.TaskExecutorJobLauncher     [0;39m [2m:[0;39m Job: [SimpleJob: [name=SEND_ASYNCHRONOUS_EVENTS]] completed with the following parameters: [{'run.id':'{value=150, type=class java.lang.Long, identifying=true}'}] and the following status: [COMPLETED] in 41ms
[2m2025-07-29 20:06:00.053[0;39m [32m- INFO[0;39m [35m614984[0;39m [32m[0;39m [        default] [2m---[0;39m [2m[duler1_Worker-6][0;39m [36mo.s.b.c.l.s.TaskExecutorJobLauncher     [0;39m [2m:[0;39m Job: [SimpleJob: [name=SEND_ASYNCHRONOUS_EVENTS]] launched with the following parameters: [{'run.id':'{value=151, type=class java.lang.Long, identifying=true}'}]
[2m2025-07-29 20:06:00.070[0;39m [32m- INFO[0;39m [35m614984[0;39m [32m[0;39m [        default] [2m---[0;39m [2m[duler1_Worker-6][0;39m [36mo.s.batch.core.job.SimpleStepHandler    [0;39m [2m:[0;39m Executing step: [SEND_ASYNCHRONOUS_EVENTS_STEP]
[2m2025-07-29 20:06:00.084[0;39m [32m- INFO[0;39m [35m614984[0;39m [32m[0;39m [        default] [2m---[0;39m [2m[duler1_Worker-6][0;39m [36mo.s.batch.core.step.AbstractStep        [0;39m [2m:[0;39m Step: [SEND_ASYNCHRONOUS_EVENTS_STEP] executed in 13ms
[2m2025-07-29 20:06:00.096[0;39m [32m- INFO[0;39m [35m614984[0;39m [32m[0;39m [        default] [2m---[0;39m [2m[duler1_Worker-6][0;39m [36mo.s.b.c.l.s.TaskExecutorJobLauncher     [0;39m [2m:[0;39m Job: [SimpleJob: [name=SEND_ASYNCHRONOUS_EVENTS]] completed with the following parameters: [{'run.id':'{value=151, type=class java.lang.Long, identifying=true}'}] and the following status: [COMPLETED] in 37ms
[2m2025-07-29 20:07:00.054[0;39m [32m- INFO[0;39m [35m614984[0;39m [32m[0;39m [        default] [2m---[0;39m [2m[duler1_Worker-7][0;39m [36mo.s.b.c.l.s.TaskExecutorJobLauncher     [0;39m [2m:[0;39m Job: [SimpleJob: [name=SEND_ASYNCHRONOUS_EVENTS]] launched with the following parameters: [{'run.id':'{value=152, type=class java.lang.Long, identifying=true}'}]
[2m2025-07-29 20:07:00.071[0;39m [32m- INFO[0;39m [35m614984[0;39m [32m[0;39m [        default] [2m---[0;39m [2m[duler1_Worker-7][0;39m [36mo.s.batch.core.job.SimpleStepHandler    [0;39m [2m:[0;39m Executing step: [SEND_ASYNCHRONOUS_EVENTS_STEP]
[2m2025-07-29 20:07:00.085[0;39m [32m- INFO[0;39m [35m614984[0;39m [32m[0;39m [        default] [2m---[0;39m [2m[duler1_Worker-7][0;39m [36mo.s.batch.core.step.AbstractStep        [0;39m [2m:[0;39m Step: [SEND_ASYNCHRONOUS_EVENTS_STEP] executed in 14ms
[2m2025-07-29 20:07:00.098[0;39m [32m- INFO[0;39m [35m614984[0;39m [32m[0;39m [        default] [2m---[0;39m [2m[duler1_Worker-7][0;39m [36mo.s.b.c.l.s.TaskExecutorJobLauncher     [0;39m [2m:[0;39m Job: [SimpleJob: [name=SEND_ASYNCHRONOUS_EVENTS]] completed with the following parameters: [{'run.id':'{value=152, type=class java.lang.Long, identifying=true}'}] and the following status: [COMPLETED] in 38ms
[2m2025-07-29 20:08:00.038[0;39m [32m- INFO[0;39m [35m614984[0;39m [32m[0;39m [        default] [2m---[0;39m [2m[duler1_Worker-3][0;39m [36mo.s.b.c.l.s.TaskExecutorJobLauncher     [0;39m [2m:[0;39m Job: [SimpleJob: [name=SEND_ASYNCHRONOUS_EVENTS]] launched with the following parameters: [{'run.id':'{value=153, type=class java.lang.Long, identifying=true}'}]
[2m2025-07-29 20:08:00.052[0;39m [32m- INFO[0;39m [35m614984[0;39m [32m[0;39m [        default] [2m---[0;39m [2m[duler1_Worker-3][0;39m [36mo.s.batch.core.job.SimpleStepHandler    [0;39m [2m:[0;39m Executing step: [SEND_ASYNCHRONOUS_EVENTS_STEP]
[2m2025-07-29 20:08:00.063[0;39m [32m- INFO[0;39m [35m614984[0;39m [32m[0;39m [        default] [2m---[0;39m [2m[duler1_Worker-3][0;39m [36mo.s.batch.core.step.AbstractStep        [0;39m [2m:[0;39m Step: [SEND_ASYNCHRONOUS_EVENTS_STEP] executed in 10ms
[2m2025-07-29 20:08:00.074[0;39m [32m- INFO[0;39m [35m614984[0;39m [32m[0;39m [        default] [2m---[0;39m [2m[duler1_Worker-3][0;39m [36mo.s.b.c.l.s.TaskExecutorJobLauncher     [0;39m [2m:[0;39m Job: [SimpleJob: [name=SEND_ASYNCHRONOUS_EVENTS]] completed with the following parameters: [{'run.id':'{value=153, type=class java.lang.Long, identifying=true}'}] and the following status: [COMPLETED] in 30ms
[2m2025-07-29 20:09:00.059[0;39m [32m- INFO[0;39m [35m614984[0;39m [32m[0;39m [        default] [2m---[0;39m [2m[duler1_Worker-1][0;39m [36mo.s.b.c.l.s.TaskExecutorJobLauncher     [0;39m [2m:[0;39m Job: [SimpleJob: [name=SEND_ASYNCHRONOUS_EVENTS]] launched with the following parameters: [{'run.id':'{value=154, type=class java.lang.Long, identifying=true}'}]
[2m2025-07-29 20:09:00.072[0;39m [32m- INFO[0;39m [35m614984[0;39m [32m[0;39m [        default] [2m---[0;39m [2m[duler1_Worker-1][0;39m [36mo.s.batch.core.job.SimpleStepHandler    [0;39m [2m:[0;39m Executing step: [SEND_ASYNCHRONOUS_EVENTS_STEP]
[2m2025-07-29 20:09:00.086[0;39m [32m- INFO[0;39m [35m614984[0;39m [32m[0;39m [        default] [2m---[0;39m [2m[duler1_Worker-1][0;39m [36mo.s.batch.core.step.AbstractStep        [0;39m [2m:[0;39m Step: [SEND_ASYNCHRONOUS_EVENTS_STEP] executed in 13ms
[2m2025-07-29 20:09:00.098[0;39m [32m- INFO[0;39m [35m614984[0;39m [32m[0;39m [        default] [2m---[0;39m [2m[duler1_Worker-1][0;39m [36mo.s.b.c.l.s.TaskExecutorJobLauncher     [0;39m [2m:[0;39m Job: [SimpleJob: [name=SEND_ASYNCHRONOUS_EVENTS]] completed with the following parameters: [{'run.id':'{value=154, type=class java.lang.Long, identifying=true}'}] and the following status: [COMPLETED] in 35ms
[2m2025-07-29 20:10:00.054[0;39m [32m- INFO[0;39m [35m614984[0;39m [32m[0;39m [        default] [2m---[0;39m [2m[duler1_Worker-2][0;39m [36mo.s.b.c.l.s.TaskExecutorJobLauncher     [0;39m [2m:[0;39m Job: [SimpleJob: [name=EXECUTE_EMAIL]] launched with the following parameters: [{'run.id':'{value=17, type=class java.lang.Long, identifying=true}'}]
[2m2025-07-29 20:10:00.058[0;39m [32m- INFO[0;39m [35m614984[0;39m [32m[0;39m [        default] [2m---[0;39m [2m[duler1_Worker-5][0;39m [36mo.s.b.c.l.s.TaskExecutorJobLauncher     [0;39m [2m:[0;39m Job: [SimpleJob: [name=SEND_ASYNCHRONOUS_EVENTS]] launched with the following parameters: [{'run.id':'{value=155, type=class java.lang.Long, identifying=true}'}]
[2m2025-07-29 20:10:00.075[0;39m [32m- INFO[0;39m [35m614984[0;39m [32m[0;39m [        default] [2m---[0;39m [2m[duler1_Worker-2][0;39m [36mo.s.batch.core.job.SimpleStepHandler    [0;39m [2m:[0;39m Executing step: [EXECUTE_EMAIL]
[2m2025-07-29 20:10:00.084[0;39m [32m- INFO[0;39m [35m614984[0;39m [32m[0;39m [        default] [2m---[0;39m [2m[duler1_Worker-5][0;39m [36mo.s.batch.core.job.SimpleStepHandler    [0;39m [2m:[0;39m Executing step: [SEND_ASYNCHRONOUS_EVENTS_STEP]
[2m2025-07-29 20:10:00.096[0;39m [32m- INFO[0;39m [35m614984[0;39m [32m[0;39m [        default] [2m---[0;39m [2m[duler1_Worker-2][0;39m [36mo.s.batch.core.step.AbstractStep        [0;39m [2m:[0;39m Step: [EXECUTE_EMAIL] executed in 20ms
[2m2025-07-29 20:10:00.100[0;39m [32m- INFO[0;39m [35m614984[0;39m [32m[0;39m [        default] [2m---[0;39m [2m[duler1_Worker-5][0;39m [36mo.s.batch.core.step.AbstractStep        [0;39m [2m:[0;39m Step: [SEND_ASYNCHRONOUS_EVENTS_STEP] executed in 15ms
[2m2025-07-29 20:10:00.114[0;39m [32m- INFO[0;39m [35m614984[0;39m [32m[0;39m [        default] [2m---[0;39m [2m[duler1_Worker-2][0;39m [36mo.s.b.c.l.s.TaskExecutorJobLauncher     [0;39m [2m:[0;39m Job: [SimpleJob: [name=EXECUTE_EMAIL]] completed with the following parameters: [{'run.id':'{value=17, type=class java.lang.Long, identifying=true}'}] and the following status: [COMPLETED] in 53ms
[2m2025-07-29 20:10:00.116[0;39m [32m- INFO[0;39m [35m614984[0;39m [32m[0;39m [        default] [2m---[0;39m [2m[duler1_Worker-5][0;39m [36mo.s.b.c.l.s.TaskExecutorJobLauncher     [0;39m [2m:[0;39m Job: [SimpleJob: [name=SEND_ASYNCHRONOUS_EVENTS]] completed with the following parameters: [{'run.id':'{value=155, type=class java.lang.Long, identifying=true}'}] and the following status: [COMPLETED] in 51ms
[2m2025-07-29 20:11:00.053[0;39m [32m- INFO[0;39m [35m614984[0;39m [32m[0;39m [        default] [2m---[0;39m [2m[duler1_Worker-4][0;39m [36mo.s.b.c.l.s.TaskExecutorJobLauncher     [0;39m [2m:[0;39m Job: [SimpleJob: [name=SEND_ASYNCHRONOUS_EVENTS]] launched with the following parameters: [{'run.id':'{value=156, type=class java.lang.Long, identifying=true}'}]
[2m2025-07-29 20:11:00.068[0;39m [32m- INFO[0;39m [35m614984[0;39m [32m[0;39m [        default] [2m---[0;39m [2m[duler1_Worker-4][0;39m [36mo.s.batch.core.job.SimpleStepHandler    [0;39m [2m:[0;39m Executing step: [SEND_ASYNCHRONOUS_EVENTS_STEP]
[2m2025-07-29 20:11:00.084[0;39m [32m- INFO[0;39m [35m614984[0;39m [32m[0;39m [        default] [2m---[0;39m [2m[duler1_Worker-4][0;39m [36mo.s.batch.core.step.AbstractStep        [0;39m [2m:[0;39m Step: [SEND_ASYNCHRONOUS_EVENTS_STEP] executed in 15ms
[2m2025-07-29 20:11:00.097[0;39m [32m- INFO[0;39m [35m614984[0;39m [32m[0;39m [        default] [2m---[0;39m [2m[duler1_Worker-4][0;39m [36mo.s.b.c.l.s.TaskExecutorJobLauncher     [0;39m [2m:[0;39m Job: [SimpleJob: [name=SEND_ASYNCHRONOUS_EVENTS]] completed with the following parameters: [{'run.id':'{value=156, type=class java.lang.Long, identifying=true}'}] and the following status: [COMPLETED] in 39ms
[2m2025-07-29 20:12:00.052[0;39m [32m- INFO[0;39m [35m614984[0;39m [32m[0;39m [        default] [2m---[0;39m [2m[duler1_Worker-6][0;39m [36mo.s.b.c.l.s.TaskExecutorJobLauncher     [0;39m [2m:[0;39m Job: [SimpleJob: [name=SEND_ASYNCHRONOUS_EVENTS]] launched with the following parameters: [{'run.id':'{value=157, type=class java.lang.Long, identifying=true}'}]
[2m2025-07-29 20:12:00.065[0;39m [32m- INFO[0;39m [35m614984[0;39m [32m[0;39m [        default] [2m---[0;39m [2m[duler1_Worker-6][0;39m [36mo.s.batch.core.job.SimpleStepHandler    [0;39m [2m:[0;39m Executing step: [SEND_ASYNCHRONOUS_EVENTS_STEP]
[2m2025-07-29 20:12:00.078[0;39m [32m- INFO[0;39m [35m614984[0;39m [32m[0;39m [        default] [2m---[0;39m [2m[duler1_Worker-6][0;39m [36mo.s.batch.core.step.AbstractStep        [0;39m [2m:[0;39m Step: [SEND_ASYNCHRONOUS_EVENTS_STEP] executed in 12ms
[2m2025-07-29 20:12:00.094[0;39m [32m- INFO[0;39m [35m614984[0;39m [32m[0;39m [        default] [2m---[0;39m [2m[duler1_Worker-6][0;39m [36mo.s.b.c.l.s.TaskExecutorJobLauncher     [0;39m [2m:[0;39m Job: [SimpleJob: [name=SEND_ASYNCHRONOUS_EVENTS]] completed with the following parameters: [{'run.id':'{value=157, type=class java.lang.Long, identifying=true}'}] and the following status: [COMPLETED] in 36ms
[2m2025-07-29 20:13:00.051[0;39m [32m- INFO[0;39m [35m614984[0;39m [32m[0;39m [        default] [2m---[0;39m [2m[duler1_Worker-7][0;39m [36mo.s.b.c.l.s.TaskExecutorJobLauncher     [0;39m [2m:[0;39m Job: [SimpleJob: [name=SEND_ASYNCHRONOUS_EVENTS]] launched with the following parameters: [{'run.id':'{value=158, type=class java.lang.Long, identifying=true}'}]
[2m2025-07-29 20:13:00.071[0;39m [32m- INFO[0;39m [35m614984[0;39m [32m[0;39m [        default] [2m---[0;39m [2m[duler1_Worker-7][0;39m [36mo.s.batch.core.job.SimpleStepHandler    [0;39m [2m:[0;39m Executing step: [SEND_ASYNCHRONOUS_EVENTS_STEP]
[2m2025-07-29 20:13:00.088[0;39m [32m- INFO[0;39m [35m614984[0;39m [32m[0;39m [        default] [2m---[0;39m [2m[duler1_Worker-7][0;39m [36mo.s.batch.core.step.AbstractStep        [0;39m [2m:[0;39m Step: [SEND_ASYNCHRONOUS_EVENTS_STEP] executed in 15ms
[2m2025-07-29 20:13:00.105[0;39m [32m- INFO[0;39m [35m614984[0;39m [32m[0;39m [        default] [2m---[0;39m [2m[duler1_Worker-7][0;39m [36mo.s.b.c.l.s.TaskExecutorJobLauncher     [0;39m [2m:[0;39m Job: [SimpleJob: [name=SEND_ASYNCHRONOUS_EVENTS]] completed with the following parameters: [{'run.id':'{value=158, type=class java.lang.Long, identifying=true}'}] and the following status: [COMPLETED] in 47ms
[2m2025-07-29 20:14:00.052[0;39m [32m- INFO[0;39m [35m614984[0;39m [32m[0;39m [        default] [2m---[0;39m [2m[duler1_Worker-3][0;39m [36mo.s.b.c.l.s.TaskExecutorJobLauncher     [0;39m [2m:[0;39m Job: [SimpleJob: [name=SEND_ASYNCHRONOUS_EVENTS]] launched with the following parameters: [{'run.id':'{value=159, type=class java.lang.Long, identifying=true}'}]
[2m2025-07-29 20:14:00.065[0;39m [32m- INFO[0;39m [35m614984[0;39m [32m[0;39m [        default] [2m---[0;39m [2m[duler1_Worker-3][0;39m [36mo.s.batch.core.job.SimpleStepHandler    [0;39m [2m:[0;39m Executing step: [SEND_ASYNCHRONOUS_EVENTS_STEP]
[2m2025-07-29 20:14:00.079[0;39m [32m- INFO[0;39m [35m614984[0;39m [32m[0;39m [        default] [2m---[0;39m [2m[duler1_Worker-3][0;39m [36mo.s.batch.core.step.AbstractStep        [0;39m [2m:[0;39m Step: [SEND_ASYNCHRONOUS_EVENTS_STEP] executed in 13ms
[2m2025-07-29 20:14:00.092[0;39m [32m- INFO[0;39m [35m614984[0;39m [32m[0;39m [        default] [2m---[0;39m [2m[duler1_Worker-3][0;39m [36mo.s.b.c.l.s.TaskExecutorJobLauncher     [0;39m [2m:[0;39m Job: [SimpleJob: [name=SEND_ASYNCHRONOUS_EVENTS]] completed with the following parameters: [{'run.id':'{value=159, type=class java.lang.Long, identifying=true}'}] and the following status: [COMPLETED] in 35ms
[2m2025-07-29 20:15:00.057[0;39m [32m- INFO[0;39m [35m614984[0;39m [32m[0;39m [        default] [2m---[0;39m [2m[duler1_Worker-1][0;39m [36mo.s.b.c.l.s.TaskExecutorJobLauncher     [0;39m [2m:[0;39m Job: [SimpleJob: [name=EXECUTE_REPORT_MAILING_JOBS]] launched with the following parameters: [{'run.id':'{value=12, type=class java.lang.Long, identifying=true}'}]
[2m2025-07-29 20:15:00.060[0;39m [32m- INFO[0;39m [35m614984[0;39m [32m[0;39m [        default] [2m---[0;39m [2m[duler1_Worker-5][0;39m [36mo.s.b.c.l.s.TaskExecutorJobLauncher     [0;39m [2m:[0;39m Job: [SimpleJob: [name=UPDATE_EMAIL_OUTBOUND_WITH_CAMPAIGN_MESSAGE]] launched with the following parameters: [{'run.id':'{value=12, type=class java.lang.Long, identifying=true}'}]
[2m2025-07-29 20:15:00.063[0;39m [32m- INFO[0;39m [35m614984[0;39m [32m[0;39m [        default] [2m---[0;39m [2m[duler1_Worker-2][0;39m [36mo.s.b.c.l.s.TaskExecutorJobLauncher     [0;39m [2m:[0;39m Job: [SimpleJob: [name=SEND_ASYNCHRONOUS_EVENTS]] launched with the following parameters: [{'run.id':'{value=160, type=class java.lang.Long, identifying=true}'}]
[2m2025-07-29 20:15:00.076[0;39m [32m- INFO[0;39m [35m614984[0;39m [32m[0;39m [        default] [2m---[0;39m [2m[duler1_Worker-1][0;39m [36mo.s.batch.core.job.SimpleStepHandler    [0;39m [2m:[0;39m Executing step: [EXECUTE_REPORT_MAILING_JOBS]
[2m2025-07-29 20:15:00.082[0;39m [32m- INFO[0;39m [35m614984[0;39m [32m[0;39m [        default] [2m---[0;39m [2m[duler1_Worker-2][0;39m [36mo.s.batch.core.job.SimpleStepHandler    [0;39m [2m:[0;39m Executing step: [SEND_ASYNCHRONOUS_EVENTS_STEP]
[2m2025-07-29 20:15:00.084[0;39m [32m- INFO[0;39m [35m614984[0;39m [32m[0;39m [        default] [2m---[0;39m [2m[duler1_Worker-5][0;39m [36mo.s.batch.core.job.SimpleStepHandler    [0;39m [2m:[0;39m Executing step: [UPDATE_EMAIL_OUTBOUND_WITH_CAMPAIGN_MESSAGE]
[2m2025-07-29 20:15:00.093[0;39m [32m- INFO[0;39m [35m614984[0;39m [32m[0;39m [        default] [2m---[0;39m [2m[duler1_Worker-1][0;39m [36mo.s.batch.core.step.AbstractStep        [0;39m [2m:[0;39m Step: [EXECUTE_REPORT_MAILING_JOBS] executed in 15ms
[2m2025-07-29 20:15:00.097[0;39m [32m- INFO[0;39m [35m614984[0;39m [32m[0;39m [        default] [2m---[0;39m [2m[duler1_Worker-2][0;39m [36mo.s.batch.core.step.AbstractStep        [0;39m [2m:[0;39m Step: [SEND_ASYNCHRONOUS_EVENTS_STEP] executed in 15ms
[2m2025-07-29 20:15:00.102[0;39m [32m- INFO[0;39m [35m614984[0;39m [32m[0;39m [        default] [2m---[0;39m [2m[duler1_Worker-5][0;39m [36mo.s.batch.core.step.AbstractStep        [0;39m [2m:[0;39m Step: [UPDATE_EMAIL_OUTBOUND_WITH_CAMPAIGN_MESSAGE] executed in 17ms
[2m2025-07-29 20:15:00.111[0;39m [32m- INFO[0;39m [35m614984[0;39m [32m[0;39m [        default] [2m---[0;39m [2m[duler1_Worker-1][0;39m [36mo.s.b.c.l.s.TaskExecutorJobLauncher     [0;39m [2m:[0;39m Job: [SimpleJob: [name=EXECUTE_REPORT_MAILING_JOBS]] completed with the following parameters: [{'run.id':'{value=12, type=class java.lang.Long, identifying=true}'}] and the following status: [COMPLETED] in 47ms
[2m2025-07-29 20:15:00.117[0;39m [32m- INFO[0;39m [35m614984[0;39m [32m[0;39m [        default] [2m---[0;39m [2m[duler1_Worker-2][0;39m [36mo.s.b.c.l.s.TaskExecutorJobLauncher     [0;39m [2m:[0;39m Job: [SimpleJob: [name=SEND_ASYNCHRONOUS_EVENTS]] completed with the following parameters: [{'run.id':'{value=160, type=class java.lang.Long, identifying=true}'}] and the following status: [COMPLETED] in 47ms
[2m2025-07-29 20:15:00.119[0;39m [32m- INFO[0;39m [35m614984[0;39m [32m[0;39m [        default] [2m---[0;39m [2m[duler1_Worker-5][0;39m [36mo.s.b.c.l.s.TaskExecutorJobLauncher     [0;39m [2m:[0;39m Job: [SimpleJob: [name=UPDATE_EMAIL_OUTBOUND_WITH_CAMPAIGN_MESSAGE]] completed with the following parameters: [{'run.id':'{value=12, type=class java.lang.Long, identifying=true}'}] and the following status: [COMPLETED] in 52ms
[2m2025-07-29 20:16:00.098[0;39m [32m- INFO[0;39m [35m614984[0;39m [32m[0;39m [        default] [2m---[0;39m [2m[duler1_Worker-4][0;39m [36mo.s.b.c.l.s.TaskExecutorJobLauncher     [0;39m [2m:[0;39m Job: [SimpleJob: [name=SEND_ASYNCHRONOUS_EVENTS]] launched with the following parameters: [{'run.id':'{value=161, type=class java.lang.Long, identifying=true}'}]
[2m2025-07-29 20:16:00.113[0;39m [32m- INFO[0;39m [35m614984[0;39m [32m[0;39m [        default] [2m---[0;39m [2m[duler1_Worker-4][0;39m [36mo.s.batch.core.job.SimpleStepHandler    [0;39m [2m:[0;39m Executing step: [SEND_ASYNCHRONOUS_EVENTS_STEP]
[2m2025-07-29 20:16:00.123[0;39m [32m- INFO[0;39m [35m614984[0;39m [32m[0;39m [        default] [2m---[0;39m [2m[duler1_Worker-4][0;39m [36mo.s.batch.core.step.AbstractStep        [0;39m [2m:[0;39m Step: [SEND_ASYNCHRONOUS_EVENTS_STEP] executed in 10ms
[2m2025-07-29 20:16:00.133[0;39m [32m- INFO[0;39m [35m614984[0;39m [32m[0;39m [        default] [2m---[0;39m [2m[duler1_Worker-4][0;39m [36mo.s.b.c.l.s.TaskExecutorJobLauncher     [0;39m [2m:[0;39m Job: [SimpleJob: [name=SEND_ASYNCHRONOUS_EVENTS]] completed with the following parameters: [{'run.id':'{value=161, type=class java.lang.Long, identifying=true}'}] and the following status: [COMPLETED] in 30ms
[2m2025-07-29 20:17:00.055[0;39m [32m- INFO[0;39m [35m614984[0;39m [32m[0;39m [        default] [2m---[0;39m [2m[duler1_Worker-6][0;39m [36mo.s.b.c.l.s.TaskExecutorJobLauncher     [0;39m [2m:[0;39m Job: [SimpleJob: [name=SEND_ASYNCHRONOUS_EVENTS]] launched with the following parameters: [{'run.id':'{value=162, type=class java.lang.Long, identifying=true}'}]
[2m2025-07-29 20:17:00.074[0;39m [32m- INFO[0;39m [35m614984[0;39m [32m[0;39m [        default] [2m---[0;39m [2m[duler1_Worker-6][0;39m [36mo.s.batch.core.job.SimpleStepHandler    [0;39m [2m:[0;39m Executing step: [SEND_ASYNCHRONOUS_EVENTS_STEP]
[2m2025-07-29 20:17:00.088[0;39m [32m- INFO[0;39m [35m614984[0;39m [32m[0;39m [        default] [2m---[0;39m [2m[duler1_Worker-6][0;39m [36mo.s.batch.core.step.AbstractStep        [0;39m [2m:[0;39m Step: [SEND_ASYNCHRONOUS_EVENTS_STEP] executed in 13ms
[2m2025-07-29 20:17:00.108[0;39m [32m- INFO[0;39m [35m614984[0;39m [32m[0;39m [        default] [2m---[0;39m [2m[duler1_Worker-6][0;39m [36mo.s.b.c.l.s.TaskExecutorJobLauncher     [0;39m [2m:[0;39m Job: [SimpleJob: [name=SEND_ASYNCHRONOUS_EVENTS]] completed with the following parameters: [{'run.id':'{value=162, type=class java.lang.Long, identifying=true}'}] and the following status: [COMPLETED] in 47ms
[2m2025-07-29 20:18:00.055[0;39m [32m- INFO[0;39m [35m614984[0;39m [32m[0;39m [        default] [2m---[0;39m [2m[duler1_Worker-7][0;39m [36mo.s.b.c.l.s.TaskExecutorJobLauncher     [0;39m [2m:[0;39m Job: [SimpleJob: [name=SEND_ASYNCHRONOUS_EVENTS]] launched with the following parameters: [{'run.id':'{value=163, type=class java.lang.Long, identifying=true}'}]
[2m2025-07-29 20:18:00.074[0;39m [32m- INFO[0;39m [35m614984[0;39m [32m[0;39m [        default] [2m---[0;39m [2m[duler1_Worker-7][0;39m [36mo.s.batch.core.job.SimpleStepHandler    [0;39m [2m:[0;39m Executing step: [SEND_ASYNCHRONOUS_EVENTS_STEP]
[2m2025-07-29 20:18:00.091[0;39m [32m- INFO[0;39m [35m614984[0;39m [32m[0;39m [        default] [2m---[0;39m [2m[duler1_Worker-7][0;39m [36mo.s.batch.core.step.AbstractStep        [0;39m [2m:[0;39m Step: [SEND_ASYNCHRONOUS_EVENTS_STEP] executed in 16ms
[2m2025-07-29 20:18:00.108[0;39m [32m- INFO[0;39m [35m614984[0;39m [32m[0;39m [        default] [2m---[0;39m [2m[duler1_Worker-7][0;39m [36mo.s.b.c.l.s.TaskExecutorJobLauncher     [0;39m [2m:[0;39m Job: [SimpleJob: [name=SEND_ASYNCHRONOUS_EVENTS]] completed with the following parameters: [{'run.id':'{value=163, type=class java.lang.Long, identifying=true}'}] and the following status: [COMPLETED] in 47ms
[2m2025-07-29 20:19:00.053[0;39m [32m- INFO[0;39m [35m614984[0;39m [32m[0;39m [        default] [2m---[0;39m [2m[duler1_Worker-3][0;39m [36mo.s.b.c.l.s.TaskExecutorJobLauncher     [0;39m [2m:[0;39m Job: [SimpleJob: [name=SEND_ASYNCHRONOUS_EVENTS]] launched with the following parameters: [{'run.id':'{value=164, type=class java.lang.Long, identifying=true}'}]
[2m2025-07-29 20:19:00.068[0;39m [32m- INFO[0;39m [35m614984[0;39m [32m[0;39m [        default] [2m---[0;39m [2m[duler1_Worker-3][0;39m [36mo.s.batch.core.job.SimpleStepHandler    [0;39m [2m:[0;39m Executing step: [SEND_ASYNCHRONOUS_EVENTS_STEP]
[2m2025-07-29 20:19:00.077[0;39m [32m- INFO[0;39m [35m614984[0;39m [32m[0;39m [        default] [2m---[0;39m [2m[duler1_Worker-3][0;39m [36mo.s.batch.core.step.AbstractStep        [0;39m [2m:[0;39m Step: [SEND_ASYNCHRONOUS_EVENTS_STEP] executed in 9ms
[2m2025-07-29 20:19:00.087[0;39m [32m- INFO[0;39m [35m614984[0;39m [32m[0;39m [        default] [2m---[0;39m [2m[duler1_Worker-3][0;39m [36mo.s.b.c.l.s.TaskExecutorJobLauncher     [0;39m [2m:[0;39m Job: [SimpleJob: [name=SEND_ASYNCHRONOUS_EVENTS]] completed with the following parameters: [{'run.id':'{value=164, type=class java.lang.Long, identifying=true}'}] and the following status: [COMPLETED] in 29ms
[2m2025-07-29 20:20:00.101[0;39m [32m- INFO[0;39m [35m614984[0;39m [32m[0;39m [        default] [2m---[0;39m [2m[duler1_Worker-2][0;39m [36mo.s.b.c.l.s.TaskExecutorJobLauncher     [0;39m [2m:[0;39m Job: [SimpleJob: [name=SEND_ASYNCHRONOUS_EVENTS]] launched with the following parameters: [{'run.id':'{value=165, type=class java.lang.Long, identifying=true}'}]
[2m2025-07-29 20:20:00.103[0;39m [32m- INFO[0;39m [35m614984[0;39m [32m[0;39m [        default] [2m---[0;39m [2m[duler1_Worker-1][0;39m [36mo.s.b.c.l.s.TaskExecutorJobLauncher     [0;39m [2m:[0;39m Job: [SimpleJob: [name=EXECUTE_EMAIL]] launched with the following parameters: [{'run.id':'{value=18, type=class java.lang.Long, identifying=true}'}]
[2m2025-07-29 20:20:00.121[0;39m [32m- INFO[0;39m [35m614984[0;39m [32m[0;39m [        default] [2m---[0;39m [2m[duler1_Worker-2][0;39m [36mo.s.batch.core.job.SimpleStepHandler    [0;39m [2m:[0;39m Executing step: [SEND_ASYNCHRONOUS_EVENTS_STEP]
[2m2025-07-29 20:20:00.123[0;39m [32m- INFO[0;39m [35m614984[0;39m [32m[0;39m [        default] [2m---[0;39m [2m[duler1_Worker-1][0;39m [36mo.s.batch.core.job.SimpleStepHandler    [0;39m [2m:[0;39m Executing step: [EXECUTE_EMAIL]
[2m2025-07-29 20:20:00.135[0;39m [32m- INFO[0;39m [35m614984[0;39m [32m[0;39m [        default] [2m---[0;39m [2m[duler1_Worker-2][0;39m [36mo.s.batch.core.step.AbstractStep        [0;39m [2m:[0;39m Step: [SEND_ASYNCHRONOUS_EVENTS_STEP] executed in 13ms
[2m2025-07-29 20:20:00.138[0;39m [32m- INFO[0;39m [35m614984[0;39m [32m[0;39m [        default] [2m---[0;39m [2m[duler1_Worker-1][0;39m [36mo.s.batch.core.step.AbstractStep        [0;39m [2m:[0;39m Step: [EXECUTE_EMAIL] executed in 15ms
[2m2025-07-29 20:20:00.150[0;39m [32m- INFO[0;39m [35m614984[0;39m [32m[0;39m [        default] [2m---[0;39m [2m[duler1_Worker-2][0;39m [36mo.s.b.c.l.s.TaskExecutorJobLauncher     [0;39m [2m:[0;39m Job: [SimpleJob: [name=SEND_ASYNCHRONOUS_EVENTS]] completed with the following parameters: [{'run.id':'{value=165, type=class java.lang.Long, identifying=true}'}] and the following status: [COMPLETED] in 44ms
[2m2025-07-29 20:20:00.152[0;39m [32m- INFO[0;39m [35m614984[0;39m [32m[0;39m [        default] [2m---[0;39m [2m[duler1_Worker-1][0;39m [36mo.s.b.c.l.s.TaskExecutorJobLauncher     [0;39m [2m:[0;39m Job: [SimpleJob: [name=EXECUTE_EMAIL]] completed with the following parameters: [{'run.id':'{value=18, type=class java.lang.Long, identifying=true}'}] and the following status: [COMPLETED] in 42ms
[2m2025-07-29 20:21:00.052[0;39m [32m- INFO[0;39m [35m614984[0;39m [32m[0;39m [        default] [2m---[0;39m [2m[duler1_Worker-5][0;39m [36mo.s.b.c.l.s.TaskExecutorJobLauncher     [0;39m [2m:[0;39m Job: [SimpleJob: [name=SEND_ASYNCHRONOUS_EVENTS]] launched with the following parameters: [{'run.id':'{value=166, type=class java.lang.Long, identifying=true}'}]
[2m2025-07-29 20:21:00.066[0;39m [32m- INFO[0;39m [35m614984[0;39m [32m[0;39m [        default] [2m---[0;39m [2m[duler1_Worker-5][0;39m [36mo.s.batch.core.job.SimpleStepHandler    [0;39m [2m:[0;39m Executing step: [SEND_ASYNCHRONOUS_EVENTS_STEP]
[2m2025-07-29 20:21:00.077[0;39m [32m- INFO[0;39m [35m614984[0;39m [32m[0;39m [        default] [2m---[0;39m [2m[duler1_Worker-5][0;39m [36mo.s.batch.core.step.AbstractStep        [0;39m [2m:[0;39m Step: [SEND_ASYNCHRONOUS_EVENTS_STEP] executed in 10ms
[2m2025-07-29 20:21:00.087[0;39m [32m- INFO[0;39m [35m614984[0;39m [32m[0;39m [        default] [2m---[0;39m [2m[duler1_Worker-5][0;39m [36mo.s.b.c.l.s.TaskExecutorJobLauncher     [0;39m [2m:[0;39m Job: [SimpleJob: [name=SEND_ASYNCHRONOUS_EVENTS]] completed with the following parameters: [{'run.id':'{value=166, type=class java.lang.Long, identifying=true}'}] and the following status: [COMPLETED] in 32ms
[2m2025-07-29 20:22:00.064[0;39m [32m- INFO[0;39m [35m614984[0;39m [32m[0;39m [        default] [2m---[0;39m [2m[duler1_Worker-4][0;39m [36mo.s.b.c.l.s.TaskExecutorJobLauncher     [0;39m [2m:[0;39m Job: [SimpleJob: [name=SEND_ASYNCHRONOUS_EVENTS]] launched with the following parameters: [{'run.id':'{value=167, type=class java.lang.Long, identifying=true}'}]
[2m2025-07-29 20:22:00.088[0;39m [32m- INFO[0;39m [35m614984[0;39m [32m[0;39m [        default] [2m---[0;39m [2m[duler1_Worker-4][0;39m [36mo.s.batch.core.job.SimpleStepHandler    [0;39m [2m:[0;39m Executing step: [SEND_ASYNCHRONOUS_EVENTS_STEP]
[2m2025-07-29 20:22:00.108[0;39m [32m- INFO[0;39m [35m614984[0;39m [32m[0;39m [        default] [2m---[0;39m [2m[duler1_Worker-4][0;39m [36mo.s.batch.core.step.AbstractStep        [0;39m [2m:[0;39m Step: [SEND_ASYNCHRONOUS_EVENTS_STEP] executed in 20ms
[2m2025-07-29 20:22:00.131[0;39m [32m- INFO[0;39m [35m614984[0;39m [32m[0;39m [        default] [2m---[0;39m [2m[duler1_Worker-4][0;39m [36mo.s.b.c.l.s.TaskExecutorJobLauncher     [0;39m [2m:[0;39m Job: [SimpleJob: [name=SEND_ASYNCHRONOUS_EVENTS]] completed with the following parameters: [{'run.id':'{value=167, type=class java.lang.Long, identifying=true}'}] and the following status: [COMPLETED] in 57ms
[2m2025-07-29 20:23:00.101[0;39m [32m- INFO[0;39m [35m614984[0;39m [32m[0;39m [        default] [2m---[0;39m [2m[duler1_Worker-6][0;39m [36mo.s.b.c.l.s.TaskExecutorJobLauncher     [0;39m [2m:[0;39m Job: [SimpleJob: [name=SEND_ASYNCHRONOUS_EVENTS]] launched with the following parameters: [{'run.id':'{value=168, type=class java.lang.Long, identifying=true}'}]
[2m2025-07-29 20:23:00.113[0;39m [32m- INFO[0;39m [35m614984[0;39m [32m[0;39m [        default] [2m---[0;39m [2m[duler1_Worker-6][0;39m [36mo.s.batch.core.job.SimpleStepHandler    [0;39m [2m:[0;39m Executing step: [SEND_ASYNCHRONOUS_EVENTS_STEP]
[2m2025-07-29 20:23:00.125[0;39m [32m- INFO[0;39m [35m614984[0;39m [32m[0;39m [        default] [2m---[0;39m [2m[duler1_Worker-6][0;39m [36mo.s.batch.core.step.AbstractStep        [0;39m [2m:[0;39m Step: [SEND_ASYNCHRONOUS_EVENTS_STEP] executed in 11ms
[2m2025-07-29 20:23:00.137[0;39m [32m- INFO[0;39m [35m614984[0;39m [32m[0;39m [        default] [2m---[0;39m [2m[duler1_Worker-6][0;39m [36mo.s.b.c.l.s.TaskExecutorJobLauncher     [0;39m [2m:[0;39m Job: [SimpleJob: [name=SEND_ASYNCHRONOUS_EVENTS]] completed with the following parameters: [{'run.id':'{value=168, type=class java.lang.Long, identifying=true}'}] and the following status: [COMPLETED] in 31ms
[2m2025-07-29 20:24:00.104[0;39m [32m- INFO[0;39m [35m614984[0;39m [32m[0;39m [        default] [2m---[0;39m [2m[duler1_Worker-7][0;39m [36mo.s.b.c.l.s.TaskExecutorJobLauncher     [0;39m [2m:[0;39m Job: [SimpleJob: [name=SEND_ASYNCHRONOUS_EVENTS]] launched with the following parameters: [{'run.id':'{value=169, type=class java.lang.Long, identifying=true}'}]
[2m2025-07-29 20:24:00.122[0;39m [32m- INFO[0;39m [35m614984[0;39m [32m[0;39m [        default] [2m---[0;39m [2m[duler1_Worker-7][0;39m [36mo.s.batch.core.job.SimpleStepHandler    [0;39m [2m:[0;39m Executing step: [SEND_ASYNCHRONOUS_EVENTS_STEP]
[2m2025-07-29 20:24:00.138[0;39m [32m- INFO[0;39m [35m614984[0;39m [32m[0;39m [        default] [2m---[0;39m [2m[duler1_Worker-7][0;39m [36mo.s.batch.core.step.AbstractStep        [0;39m [2m:[0;39m Step: [SEND_ASYNCHRONOUS_EVENTS_STEP] executed in 14ms
[2m2025-07-29 20:24:00.156[0;39m [32m- INFO[0;39m [35m614984[0;39m [32m[0;39m [        default] [2m---[0;39m [2m[duler1_Worker-7][0;39m [36mo.s.b.c.l.s.TaskExecutorJobLauncher     [0;39m [2m:[0;39m Job: [SimpleJob: [name=SEND_ASYNCHRONOUS_EVENTS]] completed with the following parameters: [{'run.id':'{value=169, type=class java.lang.Long, identifying=true}'}] and the following status: [COMPLETED] in 45ms
[2m2025-07-29 20:25:00.063[0;39m [32m- INFO[0;39m [35m614984[0;39m [32m[0;39m [        default] [2m---[0;39m [2m[duler1_Worker-3][0;39m [36mo.s.b.c.l.s.TaskExecutorJobLauncher     [0;39m [2m:[0;39m Job: [SimpleJob: [name=SEND_ASYNCHRONOUS_EVENTS]] launched with the following parameters: [{'run.id':'{value=170, type=class java.lang.Long, identifying=true}'}]
[2m2025-07-29 20:25:00.086[0;39m [32m- INFO[0;39m [35m614984[0;39m [32m[0;39m [        default] [2m---[0;39m [2m[duler1_Worker-3][0;39m [36mo.s.batch.core.job.SimpleStepHandler    [0;39m [2m:[0;39m Executing step: [SEND_ASYNCHRONOUS_EVENTS_STEP]
[2m2025-07-29 20:25:00.106[0;39m [32m- INFO[0;39m [35m614984[0;39m [32m[0;39m [        default] [2m---[0;39m [2m[duler1_Worker-3][0;39m [36mo.s.batch.core.step.AbstractStep        [0;39m [2m:[0;39m Step: [SEND_ASYNCHRONOUS_EVENTS_STEP] executed in 19ms
[2m2025-07-29 20:25:00.129[0;39m [32m- INFO[0;39m [35m614984[0;39m [32m[0;39m [        default] [2m---[0;39m [2m[duler1_Worker-3][0;39m [36mo.s.b.c.l.s.TaskExecutorJobLauncher     [0;39m [2m:[0;39m Job: [SimpleJob: [name=SEND_ASYNCHRONOUS_EVENTS]] completed with the following parameters: [{'run.id':'{value=170, type=class java.lang.Long, identifying=true}'}] and the following status: [COMPLETED] in 56ms
[2m2025-07-29 20:26:00.061[0;39m [32m- INFO[0;39m [35m614984[0;39m [32m[0;39m [        default] [2m---[0;39m [2m[duler1_Worker-2][0;39m [36mo.s.b.c.l.s.TaskExecutorJobLauncher     [0;39m [2m:[0;39m Job: [SimpleJob: [name=SEND_ASYNCHRONOUS_EVENTS]] launched with the following parameters: [{'run.id':'{value=171, type=class java.lang.Long, identifying=true}'}]
[2m2025-07-29 20:26:00.084[0;39m [32m- INFO[0;39m [35m614984[0;39m [32m[0;39m [        default] [2m---[0;39m [2m[duler1_Worker-2][0;39m [36mo.s.batch.core.job.SimpleStepHandler    [0;39m [2m:[0;39m Executing step: [SEND_ASYNCHRONOUS_EVENTS_STEP]
[2m2025-07-29 20:26:00.102[0;39m [32m- INFO[0;39m [35m614984[0;39m [32m[0;39m [        default] [2m---[0;39m [2m[duler1_Worker-2][0;39m [36mo.s.batch.core.step.AbstractStep        [0;39m [2m:[0;39m Step: [SEND_ASYNCHRONOUS_EVENTS_STEP] executed in 18ms
[2m2025-07-29 20:26:00.123[0;39m [32m- INFO[0;39m [35m614984[0;39m [32m[0;39m [        default] [2m---[0;39m [2m[duler1_Worker-2][0;39m [36mo.s.b.c.l.s.TaskExecutorJobLauncher     [0;39m [2m:[0;39m Job: [SimpleJob: [name=SEND_ASYNCHRONOUS_EVENTS]] completed with the following parameters: [{'run.id':'{value=171, type=class java.lang.Long, identifying=true}'}] and the following status: [COMPLETED] in 53ms
[2m2025-07-29 20:27:00.049[0;39m [32m- INFO[0;39m [35m614984[0;39m [32m[0;39m [        default] [2m---[0;39m [2m[duler1_Worker-1][0;39m [36mo.s.b.c.l.s.TaskExecutorJobLauncher     [0;39m [2m:[0;39m Job: [SimpleJob: [name=SEND_ASYNCHRONOUS_EVENTS]] launched with the following parameters: [{'run.id':'{value=172, type=class java.lang.Long, identifying=true}'}]
[2m2025-07-29 20:27:00.065[0;39m [32m- INFO[0;39m [35m614984[0;39m [32m[0;39m [        default] [2m---[0;39m [2m[duler1_Worker-1][0;39m [36mo.s.batch.core.job.SimpleStepHandler    [0;39m [2m:[0;39m Executing step: [SEND_ASYNCHRONOUS_EVENTS_STEP]
[2m2025-07-29 20:27:00.082[0;39m [32m- INFO[0;39m [35m614984[0;39m [32m[0;39m [        default] [2m---[0;39m [2m[duler1_Worker-1][0;39m [36mo.s.batch.core.step.AbstractStep        [0;39m [2m:[0;39m Step: [SEND_ASYNCHRONOUS_EVENTS_STEP] executed in 16ms
[2m2025-07-29 20:27:00.097[0;39m [32m- INFO[0;39m [35m614984[0;39m [32m[0;39m [        default] [2m---[0;39m [2m[duler1_Worker-1][0;39m [36mo.s.b.c.l.s.TaskExecutorJobLauncher     [0;39m [2m:[0;39m Job: [SimpleJob: [name=SEND_ASYNCHRONOUS_EVENTS]] completed with the following parameters: [{'run.id':'{value=172, type=class java.lang.Long, identifying=true}'}] and the following status: [COMPLETED] in 42ms
[2m2025-07-29 20:28:00.049[0;39m [32m- INFO[0;39m [35m614984[0;39m [32m[0;39m [        default] [2m---[0;39m [2m[duler1_Worker-5][0;39m [36mo.s.b.c.l.s.TaskExecutorJobLauncher     [0;39m [2m:[0;39m Job: [SimpleJob: [name=SEND_ASYNCHRONOUS_EVENTS]] launched with the following parameters: [{'run.id':'{value=173, type=class java.lang.Long, identifying=true}'}]
[2m2025-07-29 20:28:00.066[0;39m [32m- INFO[0;39m [35m614984[0;39m [32m[0;39m [        default] [2m---[0;39m [2m[duler1_Worker-5][0;39m [36mo.s.batch.core.job.SimpleStepHandler    [0;39m [2m:[0;39m Executing step: [SEND_ASYNCHRONOUS_EVENTS_STEP]
[2m2025-07-29 20:28:00.080[0;39m [32m- INFO[0;39m [35m614984[0;39m [32m[0;39m [        default] [2m---[0;39m [2m[duler1_Worker-5][0;39m [36mo.s.batch.core.step.AbstractStep        [0;39m [2m:[0;39m Step: [SEND_ASYNCHRONOUS_EVENTS_STEP] executed in 13ms
[2m2025-07-29 20:28:00.091[0;39m [32m- INFO[0;39m [35m614984[0;39m [32m[0;39m [        default] [2m---[0;39m [2m[duler1_Worker-5][0;39m [36mo.s.b.c.l.s.TaskExecutorJobLauncher     [0;39m [2m:[0;39m Job: [SimpleJob: [name=SEND_ASYNCHRONOUS_EVENTS]] completed with the following parameters: [{'run.id':'{value=173, type=class java.lang.Long, identifying=true}'}] and the following status: [COMPLETED] in 37ms
[2m2025-07-29 20:29:00.062[0;39m [32m- INFO[0;39m [35m614984[0;39m [32m[0;39m [        default] [2m---[0;39m [2m[duler1_Worker-4][0;39m [36mo.s.b.c.l.s.TaskExecutorJobLauncher     [0;39m [2m:[0;39m Job: [SimpleJob: [name=SEND_ASYNCHRONOUS_EVENTS]] launched with the following parameters: [{'run.id':'{value=174, type=class java.lang.Long, identifying=true}'}]
[2m2025-07-29 20:29:00.083[0;39m [32m- INFO[0;39m [35m614984[0;39m [32m[0;39m [        default] [2m---[0;39m [2m[duler1_Worker-4][0;39m [36mo.s.batch.core.job.SimpleStepHandler    [0;39m [2m:[0;39m Executing step: [SEND_ASYNCHRONOUS_EVENTS_STEP]
[2m2025-07-29 20:29:00.099[0;39m [32m- INFO[0;39m [35m614984[0;39m [32m[0;39m [        default] [2m---[0;39m [2m[duler1_Worker-4][0;39m [36mo.s.batch.core.step.AbstractStep        [0;39m [2m:[0;39m Step: [SEND_ASYNCHRONOUS_EVENTS_STEP] executed in 15ms
[2m2025-07-29 20:29:00.119[0;39m [32m- INFO[0;39m [35m614984[0;39m [32m[0;39m [        default] [2m---[0;39m [2m[duler1_Worker-4][0;39m [36mo.s.b.c.l.s.TaskExecutorJobLauncher     [0;39m [2m:[0;39m Job: [SimpleJob: [name=SEND_ASYNCHRONOUS_EVENTS]] completed with the following parameters: [{'run.id':'{value=174, type=class java.lang.Long, identifying=true}'}] and the following status: [COMPLETED] in 49ms
[2m2025-07-29 20:30:00.049[0;39m [32m- INFO[0;39m [35m614984[0;39m [32m[0;39m [        default] [2m---[0;39m [2m[duler1_Worker-7][0;39m [36mo.s.b.c.l.s.TaskExecutorJobLauncher     [0;39m [2m:[0;39m Job: [SimpleJob: [name=EXECUTE_REPORT_MAILING_JOBS]] launched with the following parameters: [{'run.id':'{value=13, type=class java.lang.Long, identifying=true}'}]
[2m2025-07-29 20:30:00.054[0;39m [32m- INFO[0;39m [35m614984[0;39m [32m[0;39m [        default] [2m---[0;39m [2m[duler1_Worker-3][0;39m [36mo.s.b.c.l.s.TaskExecutorJobLauncher     [0;39m [2m:[0;39m Job: [SimpleJob: [name=SEND_ASYNCHRONOUS_EVENTS]] launched with the following parameters: [{'run.id':'{value=175, type=class java.lang.Long, identifying=true}'}]
[2m2025-07-29 20:30:00.058[0;39m [32m- INFO[0;39m [35m614984[0;39m [32m[0;39m [        default] [2m---[0;39m [2m[duler1_Worker-6][0;39m [36mo.s.b.c.l.s.TaskExecutorJobLauncher     [0;39m [2m:[0;39m Job: [SimpleJob: [name=EXECUTE_EMAIL]] launched with the following parameters: [{'run.id':'{value=19, type=class java.lang.Long, identifying=true}'}]
[2m2025-07-29 20:30:00.064[0;39m [32m- INFO[0;39m [35m614984[0;39m [32m[0;39m [        default] [2m---[0;39m [2m[duler1_Worker-2][0;39m [36mo.s.b.c.l.s.TaskExecutorJobLauncher     [0;39m [2m:[0;39m Job: [SimpleJob: [name=UPDATE_EMAIL_OUTBOUND_WITH_CAMPAIGN_MESSAGE]] launched with the following parameters: [{'run.id':'{value=13, type=class java.lang.Long, identifying=true}'}]
[2m2025-07-29 20:30:00.070[0;39m [32m- INFO[0;39m [35m614984[0;39m [32m[0;39m [        default] [2m---[0;39m [2m[duler1_Worker-7][0;39m [36mo.s.batch.core.job.SimpleStepHandler    [0;39m [2m:[0;39m Executing step: [EXECUTE_REPORT_MAILING_JOBS]
[2m2025-07-29 20:30:00.075[0;39m [32m- INFO[0;39m [35m614984[0;39m [32m[0;39m [        default] [2m---[0;39m [2m[duler1_Worker-3][0;39m [36mo.s.batch.core.job.SimpleStepHandler    [0;39m [2m:[0;39m Executing step: [SEND_ASYNCHRONOUS_EVENTS_STEP]
[2m2025-07-29 20:30:00.076[0;39m [32m- INFO[0;39m [35m614984[0;39m [32m[0;39m [        default] [2m---[0;39m [2m[duler1_Worker-6][0;39m [36mo.s.batch.core.job.SimpleStepHandler    [0;39m [2m:[0;39m Executing step: [EXECUTE_EMAIL]
[2m2025-07-29 20:30:00.080[0;39m [32m- INFO[0;39m [35m614984[0;39m [32m[0;39m [        default] [2m---[0;39m [2m[duler1_Worker-2][0;39m [36mo.s.batch.core.job.SimpleStepHandler    [0;39m [2m:[0;39m Executing step: [UPDATE_EMAIL_OUTBOUND_WITH_CAMPAIGN_MESSAGE]
[2m2025-07-29 20:30:00.086[0;39m [32m- INFO[0;39m [35m614984[0;39m [32m[0;39m [        default] [2m---[0;39m [2m[duler1_Worker-7][0;39m [36mo.s.batch.core.step.AbstractStep        [0;39m [2m:[0;39m Step: [EXECUTE_REPORT_MAILING_JOBS] executed in 15ms
[2m2025-07-29 20:30:00.089[0;39m [32m- INFO[0;39m [35m614984[0;39m [32m[0;39m [        default] [2m---[0;39m [2m[duler1_Worker-3][0;39m [36mo.s.batch.core.step.AbstractStep        [0;39m [2m:[0;39m Step: [SEND_ASYNCHRONOUS_EVENTS_STEP] executed in 14ms
[2m2025-07-29 20:30:00.094[0;39m [32m- INFO[0;39m [35m614984[0;39m [32m[0;39m [        default] [2m---[0;39m [2m[duler1_Worker-6][0;39m [36mo.s.batch.core.step.AbstractStep        [0;39m [2m:[0;39m Step: [EXECUTE_EMAIL] executed in 17ms
[2m2025-07-29 20:30:00.098[0;39m [32m- INFO[0;39m [35m614984[0;39m [32m[0;39m [        default] [2m---[0;39m [2m[duler1_Worker-2][0;39m [36mo.s.batch.core.step.AbstractStep        [0;39m [2m:[0;39m Step: [UPDATE_EMAIL_OUTBOUND_WITH_CAMPAIGN_MESSAGE] executed in 17ms
[2m2025-07-29 20:30:00.102[0;39m [32m- INFO[0;39m [35m614984[0;39m [32m[0;39m [        default] [2m---[0;39m [2m[duler1_Worker-7][0;39m [36mo.s.b.c.l.s.TaskExecutorJobLauncher     [0;39m [2m:[0;39m Job: [SimpleJob: [name=EXECUTE_REPORT_MAILING_JOBS]] completed with the following parameters: [{'run.id':'{value=13, type=class java.lang.Long, identifying=true}'}] and the following status: [COMPLETED] in 46ms
[2m2025-07-29 20:30:00.107[0;39m [32m- INFO[0;39m [35m614984[0;39m [32m[0;39m [        default] [2m---[0;39m [2m[duler1_Worker-3][0;39m [36mo.s.b.c.l.s.TaskExecutorJobLauncher     [0;39m [2m:[0;39m Job: [SimpleJob: [name=SEND_ASYNCHRONOUS_EVENTS]] completed with the following parameters: [{'run.id':'{value=175, type=class java.lang.Long, identifying=true}'}] and the following status: [COMPLETED] in 45ms
[2m2025-07-29 20:30:00.114[0;39m [32m- INFO[0;39m [35m614984[0;39m [32m[0;39m [        default] [2m---[0;39m [2m[duler1_Worker-6][0;39m [36mo.s.b.c.l.s.TaskExecutorJobLauncher     [0;39m [2m:[0;39m Job: [SimpleJob: [name=EXECUTE_EMAIL]] completed with the following parameters: [{'run.id':'{value=19, type=class java.lang.Long, identifying=true}'}] and the following status: [COMPLETED] in 50ms
[2m2025-07-29 20:30:00.116[0;39m [32m- INFO[0;39m [35m614984[0;39m [32m[0;39m [        default] [2m---[0;39m [2m[duler1_Worker-2][0;39m [36mo.s.b.c.l.s.TaskExecutorJobLauncher     [0;39m [2m:[0;39m Job: [SimpleJob: [name=UPDATE_EMAIL_OUTBOUND_WITH_CAMPAIGN_MESSAGE]] completed with the following parameters: [{'run.id':'{value=13, type=class java.lang.Long, identifying=true}'}] and the following status: [COMPLETED] in 46ms
[2m2025-07-29 20:31:00.048[0;39m [32m- INFO[0;39m [35m614984[0;39m [32m[0;39m [        default] [2m---[0;39m [2m[duler1_Worker-1][0;39m [36mo.s.b.c.l.s.TaskExecutorJobLauncher     [0;39m [2m:[0;39m Job: [SimpleJob: [name=SEND_ASYNCHRONOUS_EVENTS]] launched with the following parameters: [{'run.id':'{value=176, type=class java.lang.Long, identifying=true}'}]
[2m2025-07-29 20:31:00.060[0;39m [32m- INFO[0;39m [35m614984[0;39m [32m[0;39m [        default] [2m---[0;39m [2m[duler1_Worker-1][0;39m [36mo.s.batch.core.job.SimpleStepHandler    [0;39m [2m:[0;39m Executing step: [SEND_ASYNCHRONOUS_EVENTS_STEP]
[2m2025-07-29 20:31:00.072[0;39m [32m- INFO[0;39m [35m614984[0;39m [32m[0;39m [        default] [2m---[0;39m [2m[duler1_Worker-1][0;39m [36mo.s.batch.core.step.AbstractStep        [0;39m [2m:[0;39m Step: [SEND_ASYNCHRONOUS_EVENTS_STEP] executed in 11ms
[2m2025-07-29 20:31:00.082[0;39m [32m- INFO[0;39m [35m614984[0;39m [32m[0;39m [        default] [2m---[0;39m [2m[duler1_Worker-1][0;39m [36mo.s.b.c.l.s.TaskExecutorJobLauncher     [0;39m [2m:[0;39m Job: [SimpleJob: [name=SEND_ASYNCHRONOUS_EVENTS]] completed with the following parameters: [{'run.id':'{value=176, type=class java.lang.Long, identifying=true}'}] and the following status: [COMPLETED] in 29ms
[2m2025-07-29 20:32:00.095[0;39m [32m- INFO[0;39m [35m614984[0;39m [32m[0;39m [        default] [2m---[0;39m [2m[duler1_Worker-5][0;39m [36mo.s.b.c.l.s.TaskExecutorJobLauncher     [0;39m [2m:[0;39m Job: [SimpleJob: [name=SEND_ASYNCHRONOUS_EVENTS]] launched with the following parameters: [{'run.id':'{value=177, type=class java.lang.Long, identifying=true}'}]
[2m2025-07-29 20:32:00.109[0;39m [32m- INFO[0;39m [35m614984[0;39m [32m[0;39m [        default] [2m---[0;39m [2m[duler1_Worker-5][0;39m [36mo.s.batch.core.job.SimpleStepHandler    [0;39m [2m:[0;39m Executing step: [SEND_ASYNCHRONOUS_EVENTS_STEP]
[2m2025-07-29 20:32:00.122[0;39m [32m- INFO[0;39m [35m614984[0;39m [32m[0;39m [        default] [2m---[0;39m [2m[duler1_Worker-5][0;39m [36mo.s.batch.core.step.AbstractStep        [0;39m [2m:[0;39m Step: [SEND_ASYNCHRONOUS_EVENTS_STEP] executed in 13ms
[2m2025-07-29 20:32:00.133[0;39m [32m- INFO[0;39m [35m614984[0;39m [32m[0;39m [        default] [2m---[0;39m [2m[duler1_Worker-5][0;39m [36mo.s.b.c.l.s.TaskExecutorJobLauncher     [0;39m [2m:[0;39m Job: [SimpleJob: [name=SEND_ASYNCHRONOUS_EVENTS]] completed with the following parameters: [{'run.id':'{value=177, type=class java.lang.Long, identifying=true}'}] and the following status: [COMPLETED] in 34ms
[2m2025-07-29 20:33:00.054[0;39m [32m- INFO[0;39m [35m614984[0;39m [32m[0;39m [        default] [2m---[0;39m [2m[duler1_Worker-4][0;39m [36mo.s.b.c.l.s.TaskExecutorJobLauncher     [0;39m [2m:[0;39m Job: [SimpleJob: [name=SEND_ASYNCHRONOUS_EVENTS]] launched with the following parameters: [{'run.id':'{value=178, type=class java.lang.Long, identifying=true}'}]
[2m2025-07-29 20:33:00.069[0;39m [32m- INFO[0;39m [35m614984[0;39m [32m[0;39m [        default] [2m---[0;39m [2m[duler1_Worker-4][0;39m [36mo.s.batch.core.job.SimpleStepHandler    [0;39m [2m:[0;39m Executing step: [SEND_ASYNCHRONOUS_EVENTS_STEP]
[2m2025-07-29 20:33:00.082[0;39m [32m- INFO[0;39m [35m614984[0;39m [32m[0;39m [        default] [2m---[0;39m [2m[duler1_Worker-4][0;39m [36mo.s.batch.core.step.AbstractStep        [0;39m [2m:[0;39m Step: [SEND_ASYNCHRONOUS_EVENTS_STEP] executed in 12ms
[2m2025-07-29 20:33:00.096[0;39m [32m- INFO[0;39m [35m614984[0;39m [32m[0;39m [        default] [2m---[0;39m [2m[duler1_Worker-4][0;39m [36mo.s.b.c.l.s.TaskExecutorJobLauncher     [0;39m [2m:[0;39m Job: [SimpleJob: [name=SEND_ASYNCHRONOUS_EVENTS]] completed with the following parameters: [{'run.id':'{value=178, type=class java.lang.Long, identifying=true}'}] and the following status: [COMPLETED] in 36ms
[2m2025-07-29 20:34:00.050[0;39m [32m- INFO[0;39m [35m614984[0;39m [32m[0;39m [        default] [2m---[0;39m [2m[duler1_Worker-7][0;39m [36mo.s.b.c.l.s.TaskExecutorJobLauncher     [0;39m [2m:[0;39m Job: [SimpleJob: [name=SEND_ASYNCHRONOUS_EVENTS]] launched with the following parameters: [{'run.id':'{value=179, type=class java.lang.Long, identifying=true}'}]
[2m2025-07-29 20:34:00.068[0;39m [32m- INFO[0;39m [35m614984[0;39m [32m[0;39m [        default] [2m---[0;39m [2m[duler1_Worker-7][0;39m [36mo.s.batch.core.job.SimpleStepHandler    [0;39m [2m:[0;39m Executing step: [SEND_ASYNCHRONOUS_EVENTS_STEP]
[2m2025-07-29 20:34:00.082[0;39m [32m- INFO[0;39m [35m614984[0;39m [32m[0;39m [        default] [2m---[0;39m [2m[duler1_Worker-7][0;39m [36mo.s.batch.core.step.AbstractStep        [0;39m [2m:[0;39m Step: [SEND_ASYNCHRONOUS_EVENTS_STEP] executed in 13ms
[2m2025-07-29 20:34:00.094[0;39m [32m- INFO[0;39m [35m614984[0;39m [32m[0;39m [        default] [2m---[0;39m [2m[duler1_Worker-7][0;39m [36mo.s.b.c.l.s.TaskExecutorJobLauncher     [0;39m [2m:[0;39m Job: [SimpleJob: [name=SEND_ASYNCHRONOUS_EVENTS]] completed with the following parameters: [{'run.id':'{value=179, type=class java.lang.Long, identifying=true}'}] and the following status: [COMPLETED] in 38ms
[2m2025-07-29 20:35:00.099[0;39m [32m- INFO[0;39m [35m614984[0;39m [32m[0;39m [        default] [2m---[0;39m [2m[duler1_Worker-3][0;39m [36mo.s.b.c.l.s.TaskExecutorJobLauncher     [0;39m [2m:[0;39m Job: [SimpleJob: [name=SEND_ASYNCHRONOUS_EVENTS]] launched with the following parameters: [{'run.id':'{value=180, type=class java.lang.Long, identifying=true}'}]
[2m2025-07-29 20:35:00.114[0;39m [32m- INFO[0;39m [35m614984[0;39m [32m[0;39m [        default] [2m---[0;39m [2m[duler1_Worker-3][0;39m [36mo.s.batch.core.job.SimpleStepHandler    [0;39m [2m:[0;39m Executing step: [SEND_ASYNCHRONOUS_EVENTS_STEP]
[2m2025-07-29 20:35:00.127[0;39m [32m- INFO[0;39m [35m614984[0;39m [32m[0;39m [        default] [2m---[0;39m [2m[duler1_Worker-3][0;39m [36mo.s.batch.core.step.AbstractStep        [0;39m [2m:[0;39m Step: [SEND_ASYNCHRONOUS_EVENTS_STEP] executed in 12ms
[2m2025-07-29 20:35:00.141[0;39m [32m- INFO[0;39m [35m614984[0;39m [32m[0;39m [        default] [2m---[0;39m [2m[duler1_Worker-3][0;39m [36mo.s.b.c.l.s.TaskExecutorJobLauncher     [0;39m [2m:[0;39m Job: [SimpleJob: [name=SEND_ASYNCHRONOUS_EVENTS]] completed with the following parameters: [{'run.id':'{value=180, type=class java.lang.Long, identifying=true}'}] and the following status: [COMPLETED] in 36ms
[2m2025-07-29 20:36:00.063[0;39m [32m- INFO[0;39m [35m614984[0;39m [32m[0;39m [        default] [2m---[0;39m [2m[duler1_Worker-2][0;39m [36mo.s.b.c.l.s.TaskExecutorJobLauncher     [0;39m [2m:[0;39m Job: [SimpleJob: [name=SEND_ASYNCHRONOUS_EVENTS]] launched with the following parameters: [{'run.id':'{value=181, type=class java.lang.Long, identifying=true}'}]
[2m2025-07-29 20:36:00.083[0;39m [32m- INFO[0;39m [35m614984[0;39m [32m[0;39m [        default] [2m---[0;39m [2m[duler1_Worker-2][0;39m [36mo.s.batch.core.job.SimpleStepHandler    [0;39m [2m:[0;39m Executing step: [SEND_ASYNCHRONOUS_EVENTS_STEP]
[2m2025-07-29 20:36:00.101[0;39m [32m- INFO[0;39m [35m614984[0;39m [32m[0;39m [        default] [2m---[0;39m [2m[duler1_Worker-2][0;39m [36mo.s.batch.core.step.AbstractStep        [0;39m [2m:[0;39m Step: [SEND_ASYNCHRONOUS_EVENTS_STEP] executed in 17ms
[2m2025-07-29 20:36:00.120[0;39m [32m- INFO[0;39m [35m614984[0;39m [32m[0;39m [        default] [2m---[0;39m [2m[duler1_Worker-2][0;39m [36mo.s.b.c.l.s.TaskExecutorJobLauncher     [0;39m [2m:[0;39m Job: [SimpleJob: [name=SEND_ASYNCHRONOUS_EVENTS]] completed with the following parameters: [{'run.id':'{value=181, type=class java.lang.Long, identifying=true}'}] and the following status: [COMPLETED] in 50ms
[2m2025-07-29 20:37:00.050[0;39m [32m- INFO[0;39m [35m614984[0;39m [32m[0;39m [        default] [2m---[0;39m [2m[duler1_Worker-6][0;39m [36mo.s.b.c.l.s.TaskExecutorJobLauncher     [0;39m [2m:[0;39m Job: [SimpleJob: [name=SEND_ASYNCHRONOUS_EVENTS]] launched with the following parameters: [{'run.id':'{value=182, type=class java.lang.Long, identifying=true}'}]
[2m2025-07-29 20:37:00.064[0;39m [32m- INFO[0;39m [35m614984[0;39m [32m[0;39m [        default] [2m---[0;39m [2m[duler1_Worker-6][0;39m [36mo.s.batch.core.job.SimpleStepHandler    [0;39m [2m:[0;39m Executing step: [SEND_ASYNCHRONOUS_EVENTS_STEP]
[2m2025-07-29 20:37:00.076[0;39m [32m- INFO[0;39m [35m614984[0;39m [32m[0;39m [        default] [2m---[0;39m [2m[duler1_Worker-6][0;39m [36mo.s.batch.core.step.AbstractStep        [0;39m [2m:[0;39m Step: [SEND_ASYNCHRONOUS_EVENTS_STEP] executed in 12ms
[2m2025-07-29 20:37:00.090[0;39m [32m- INFO[0;39m [35m614984[0;39m [32m[0;39m [        default] [2m---[0;39m [2m[duler1_Worker-6][0;39m [36mo.s.b.c.l.s.TaskExecutorJobLauncher     [0;39m [2m:[0;39m Job: [SimpleJob: [name=SEND_ASYNCHRONOUS_EVENTS]] completed with the following parameters: [{'run.id':'{value=182, type=class java.lang.Long, identifying=true}'}] and the following status: [COMPLETED] in 35ms
[2m2025-07-29 20:38:00.060[0;39m [32m- INFO[0;39m [35m614984[0;39m [32m[0;39m [        default] [2m---[0;39m [2m[duler1_Worker-1][0;39m [36mo.s.b.c.l.s.TaskExecutorJobLauncher     [0;39m [2m:[0;39m Job: [SimpleJob: [name=SEND_ASYNCHRONOUS_EVENTS]] launched with the following parameters: [{'run.id':'{value=183, type=class java.lang.Long, identifying=true}'}]
[2m2025-07-29 20:38:00.091[0;39m [32m- INFO[0;39m [35m614984[0;39m [32m[0;39m [        default] [2m---[0;39m [2m[duler1_Worker-1][0;39m [36mo.s.batch.core.job.SimpleStepHandler    [0;39m [2m:[0;39m Executing step: [SEND_ASYNCHRONOUS_EVENTS_STEP]
[2m2025-07-29 20:38:00.114[0;39m [32m- INFO[0;39m [35m614984[0;39m [32m[0;39m [        default] [2m---[0;39m [2m[duler1_Worker-1][0;39m [36mo.s.batch.core.step.AbstractStep        [0;39m [2m:[0;39m Step: [SEND_ASYNCHRONOUS_EVENTS_STEP] executed in 23ms
[2m2025-07-29 20:38:00.134[0;39m [32m- INFO[0;39m [35m614984[0;39m [32m[0;39m [        default] [2m---[0;39m [2m[duler1_Worker-1][0;39m [36mo.s.b.c.l.s.TaskExecutorJobLauncher     [0;39m [2m:[0;39m Job: [SimpleJob: [name=SEND_ASYNCHRONOUS_EVENTS]] completed with the following parameters: [{'run.id':'{value=183, type=class java.lang.Long, identifying=true}'}] and the following status: [COMPLETED] in 67ms
[2m2025-07-29 20:39:00.051[0;39m [32m- INFO[0;39m [35m614984[0;39m [32m[0;39m [        default] [2m---[0;39m [2m[duler1_Worker-5][0;39m [36mo.s.b.c.l.s.TaskExecutorJobLauncher     [0;39m [2m:[0;39m Job: [SimpleJob: [name=SEND_ASYNCHRONOUS_EVENTS]] launched with the following parameters: [{'run.id':'{value=184, type=class java.lang.Long, identifying=true}'}]
[2m2025-07-29 20:39:00.071[0;39m [32m- INFO[0;39m [35m614984[0;39m [32m[0;39m [        default] [2m---[0;39m [2m[duler1_Worker-5][0;39m [36mo.s.batch.core.job.SimpleStepHandler    [0;39m [2m:[0;39m Executing step: [SEND_ASYNCHRONOUS_EVENTS_STEP]
[2m2025-07-29 20:39:00.083[0;39m [32m- INFO[0;39m [35m614984[0;39m [32m[0;39m [        default] [2m---[0;39m [2m[duler1_Worker-5][0;39m [36mo.s.batch.core.step.AbstractStep        [0;39m [2m:[0;39m Step: [SEND_ASYNCHRONOUS_EVENTS_STEP] executed in 11ms
[2m2025-07-29 20:39:00.097[0;39m [32m- INFO[0;39m [35m614984[0;39m [32m[0;39m [        default] [2m---[0;39m [2m[duler1_Worker-5][0;39m [36mo.s.b.c.l.s.TaskExecutorJobLauncher     [0;39m [2m:[0;39m Job: [SimpleJob: [name=SEND_ASYNCHRONOUS_EVENTS]] completed with the following parameters: [{'run.id':'{value=184, type=class java.lang.Long, identifying=true}'}] and the following status: [COMPLETED] in 40ms
[2m2025-07-29 20:40:00.076[0;39m [32m- INFO[0;39m [35m614984[0;39m [32m[0;39m [        default] [2m---[0;39m [2m[duler1_Worker-4][0;39m [36mo.s.b.c.l.s.TaskExecutorJobLauncher     [0;39m [2m:[0;39m Job: [SimpleJob: [name=EXECUTE_EMAIL]] launched with the following parameters: [{'run.id':'{value=20, type=class java.lang.Long, identifying=true}'}]
[2m2025-07-29 20:40:00.080[0;39m [32m- INFO[0;39m [35m614984[0;39m [32m[0;39m [        default] [2m---[0;39m [2m[duler1_Worker-7][0;39m [36mo.s.b.c.l.s.TaskExecutorJobLauncher     [0;39m [2m:[0;39m Job: [SimpleJob: [name=SEND_ASYNCHRONOUS_EVENTS]] launched with the following parameters: [{'run.id':'{value=185, type=class java.lang.Long, identifying=true}'}]
[2m2025-07-29 20:40:00.104[0;39m [32m- INFO[0;39m [35m614984[0;39m [32m[0;39m [        default] [2m---[0;39m [2m[duler1_Worker-4][0;39m [36mo.s.batch.core.job.SimpleStepHandler    [0;39m [2m:[0;39m Executing step: [EXECUTE_EMAIL]
[2m2025-07-29 20:40:00.110[0;39m [32m- INFO[0;39m [35m614984[0;39m [32m[0;39m [        default] [2m---[0;39m [2m[duler1_Worker-7][0;39m [36mo.s.batch.core.job.SimpleStepHandler    [0;39m [2m:[0;39m Executing step: [SEND_ASYNCHRONOUS_EVENTS_STEP]
[2m2025-07-29 20:40:00.132[0;39m [32m- INFO[0;39m [35m614984[0;39m [32m[0;39m [        default] [2m---[0;39m [2m[duler1_Worker-7][0;39m [36mo.s.batch.core.step.AbstractStep        [0;39m [2m:[0;39m Step: [SEND_ASYNCHRONOUS_EVENTS_STEP] executed in 21ms
[2m2025-07-29 20:40:00.134[0;39m [32m- INFO[0;39m [35m614984[0;39m [32m[0;39m [        default] [2m---[0;39m [2m[duler1_Worker-4][0;39m [36mo.s.batch.core.step.AbstractStep        [0;39m [2m:[0;39m Step: [EXECUTE_EMAIL] executed in 29ms
[2m2025-07-29 20:40:00.158[0;39m [32m- INFO[0;39m [35m614984[0;39m [32m[0;39m [        default] [2m---[0;39m [2m[duler1_Worker-7][0;39m [36mo.s.b.c.l.s.TaskExecutorJobLauncher     [0;39m [2m:[0;39m Job: [SimpleJob: [name=SEND_ASYNCHRONOUS_EVENTS]] completed with the following parameters: [{'run.id':'{value=185, type=class java.lang.Long, identifying=true}'}] and the following status: [COMPLETED] in 69ms
[2m2025-07-29 20:40:00.160[0;39m [32m- INFO[0;39m [35m614984[0;39m [32m[0;39m [        default] [2m---[0;39m [2m[duler1_Worker-4][0;39m [36mo.s.b.c.l.s.TaskExecutorJobLauncher     [0;39m [2m:[0;39m Job: [SimpleJob: [name=EXECUTE_EMAIL]] completed with the following parameters: [{'run.id':'{value=20, type=class java.lang.Long, identifying=true}'}] and the following status: [COMPLETED] in 75ms
[2m2025-07-29 20:41:00.077[0;39m [32m- INFO[0;39m [35m614984[0;39m [32m[0;39m [        default] [2m---[0;39m [2m[duler1_Worker-3][0;39m [36mo.s.b.c.l.s.TaskExecutorJobLauncher     [0;39m [2m:[0;39m Job: [SimpleJob: [name=SEND_ASYNCHRONOUS_EVENTS]] launched with the following parameters: [{'run.id':'{value=186, type=class java.lang.Long, identifying=true}'}]
[2m2025-07-29 20:41:00.100[0;39m [32m- INFO[0;39m [35m614984[0;39m [32m[0;39m [        default] [2m---[0;39m [2m[duler1_Worker-3][0;39m [36mo.s.batch.core.job.SimpleStepHandler    [0;39m [2m:[0;39m Executing step: [SEND_ASYNCHRONOUS_EVENTS_STEP]
[2m2025-07-29 20:41:00.118[0;39m [32m- INFO[0;39m [35m614984[0;39m [32m[0;39m [        default] [2m---[0;39m [2m[duler1_Worker-3][0;39m [36mo.s.batch.core.step.AbstractStep        [0;39m [2m:[0;39m Step: [SEND_ASYNCHRONOUS_EVENTS_STEP] executed in 17ms
[2m2025-07-29 20:41:00.141[0;39m [32m- INFO[0;39m [35m614984[0;39m [32m[0;39m [        default] [2m---[0;39m [2m[duler1_Worker-3][0;39m [36mo.s.b.c.l.s.TaskExecutorJobLauncher     [0;39m [2m:[0;39m Job: [SimpleJob: [name=SEND_ASYNCHRONOUS_EVENTS]] completed with the following parameters: [{'run.id':'{value=186, type=class java.lang.Long, identifying=true}'}] and the following status: [COMPLETED] in 56ms
[2m2025-07-29 20:42:00.058[0;39m [32m- INFO[0;39m [35m614984[0;39m [32m[0;39m [        default] [2m---[0;39m [2m[duler1_Worker-2][0;39m [36mo.s.b.c.l.s.TaskExecutorJobLauncher     [0;39m [2m:[0;39m Job: [SimpleJob: [name=SEND_ASYNCHRONOUS_EVENTS]] launched with the following parameters: [{'run.id':'{value=187, type=class java.lang.Long, identifying=true}'}]
[2m2025-07-29 20:42:00.080[0;39m [32m- INFO[0;39m [35m614984[0;39m [32m[0;39m [        default] [2m---[0;39m [2m[duler1_Worker-2][0;39m [36mo.s.batch.core.job.SimpleStepHandler    [0;39m [2m:[0;39m Executing step: [SEND_ASYNCHRONOUS_EVENTS_STEP]
[2m2025-07-29 20:42:00.096[0;39m [32m- INFO[0;39m [35m614984[0;39m [32m[0;39m [        default] [2m---[0;39m [2m[duler1_Worker-2][0;39m [36mo.s.batch.core.step.AbstractStep        [0;39m [2m:[0;39m Step: [SEND_ASYNCHRONOUS_EVENTS_STEP] executed in 15ms
[2m2025-07-29 20:42:00.110[0;39m [32m- INFO[0;39m [35m614984[0;39m [32m[0;39m [        default] [2m---[0;39m [2m[duler1_Worker-2][0;39m [36mo.s.b.c.l.s.TaskExecutorJobLauncher     [0;39m [2m:[0;39m Job: [SimpleJob: [name=SEND_ASYNCHRONOUS_EVENTS]] completed with the following parameters: [{'run.id':'{value=187, type=class java.lang.Long, identifying=true}'}] and the following status: [COMPLETED] in 47ms
[2m2025-07-29 20:43:00.061[0;39m [32m- INFO[0;39m [35m614984[0;39m [32m[0;39m [        default] [2m---[0;39m [2m[duler1_Worker-6][0;39m [36mo.s.b.c.l.s.TaskExecutorJobLauncher     [0;39m [2m:[0;39m Job: [SimpleJob: [name=SEND_ASYNCHRONOUS_EVENTS]] launched with the following parameters: [{'run.id':'{value=188, type=class java.lang.Long, identifying=true}'}]
[2m2025-07-29 20:43:00.083[0;39m [32m- INFO[0;39m [35m614984[0;39m [32m[0;39m [        default] [2m---[0;39m [2m[duler1_Worker-6][0;39m [36mo.s.batch.core.job.SimpleStepHandler    [0;39m [2m:[0;39m Executing step: [SEND_ASYNCHRONOUS_EVENTS_STEP]
[2m2025-07-29 20:43:00.104[0;39m [32m- INFO[0;39m [35m614984[0;39m [32m[0;39m [        default] [2m---[0;39m [2m[duler1_Worker-6][0;39m [36mo.s.batch.core.step.AbstractStep        [0;39m [2m:[0;39m Step: [SEND_ASYNCHRONOUS_EVENTS_STEP] executed in 20ms
[2m2025-07-29 20:43:00.121[0;39m [32m- INFO[0;39m [35m614984[0;39m [32m[0;39m [        default] [2m---[0;39m [2m[duler1_Worker-6][0;39m [36mo.s.b.c.l.s.TaskExecutorJobLauncher     [0;39m [2m:[0;39m Job: [SimpleJob: [name=SEND_ASYNCHRONOUS_EVENTS]] completed with the following parameters: [{'run.id':'{value=188, type=class java.lang.Long, identifying=true}'}] and the following status: [COMPLETED] in 53ms
[2m2025-07-29 20:44:00.093[0;39m [32m- INFO[0;39m [35m614984[0;39m [32m[0;39m [        default] [2m---[0;39m [2m[duler1_Worker-1][0;39m [36mo.s.b.c.l.s.TaskExecutorJobLauncher     [0;39m [2m:[0;39m Job: [SimpleJob: [name=SEND_ASYNCHRONOUS_EVENTS]] launched with the following parameters: [{'run.id':'{value=189, type=class java.lang.Long, identifying=true}'}]
[2m2025-07-29 20:44:00.112[0;39m [32m- INFO[0;39m [35m614984[0;39m [32m[0;39m [        default] [2m---[0;39m [2m[duler1_Worker-1][0;39m [36mo.s.batch.core.job.SimpleStepHandler    [0;39m [2m:[0;39m Executing step: [SEND_ASYNCHRONOUS_EVENTS_STEP]
[2m2025-07-29 20:44:00.127[0;39m [32m- INFO[0;39m [35m614984[0;39m [32m[0;39m [        default] [2m---[0;39m [2m[duler1_Worker-1][0;39m [36mo.s.batch.core.step.AbstractStep        [0;39m [2m:[0;39m Step: [SEND_ASYNCHRONOUS_EVENTS_STEP] executed in 14ms
[2m2025-07-29 20:44:00.143[0;39m [32m- INFO[0;39m [35m614984[0;39m [32m[0;39m [        default] [2m---[0;39m [2m[duler1_Worker-1][0;39m [36mo.s.b.c.l.s.TaskExecutorJobLauncher     [0;39m [2m:[0;39m Job: [SimpleJob: [name=SEND_ASYNCHRONOUS_EVENTS]] completed with the following parameters: [{'run.id':'{value=189, type=class java.lang.Long, identifying=true}'}] and the following status: [COMPLETED] in 43ms
[2m2025-07-29 20:45:00.102[0;39m [32m- INFO[0;39m [35m614984[0;39m [32m[0;39m [        default] [2m---[0;39m [2m[duler1_Worker-7][0;39m [36mo.s.b.c.l.s.TaskExecutorJobLauncher     [0;39m [2m:[0;39m Job: [SimpleJob: [name=SEND_ASYNCHRONOUS_EVENTS]] launched with the following parameters: [{'run.id':'{value=190, type=class java.lang.Long, identifying=true}'}]
[2m2025-07-29 20:45:00.106[0;39m [32m- INFO[0;39m [35m614984[0;39m [32m[0;39m [        default] [2m---[0;39m [2m[duler1_Worker-4][0;39m [36mo.s.b.c.l.s.TaskExecutorJobLauncher     [0;39m [2m:[0;39m Job: [SimpleJob: [name=UPDATE_EMAIL_OUTBOUND_WITH_CAMPAIGN_MESSAGE]] launched with the following parameters: [{'run.id':'{value=14, type=class java.lang.Long, identifying=true}'}]
[2m2025-07-29 20:45:00.110[0;39m [32m- INFO[0;39m [35m614984[0;39m [32m[0;39m [        default] [2m---[0;39m [2m[duler1_Worker-5][0;39m [36mo.s.b.c.l.s.TaskExecutorJobLauncher     [0;39m [2m:[0;39m Job: [SimpleJob: [name=EXECUTE_REPORT_MAILING_JOBS]] launched with the following parameters: [{'run.id':'{value=14, type=class java.lang.Long, identifying=true}'}]
[2m2025-07-29 20:45:00.123[0;39m [32m- INFO[0;39m [35m614984[0;39m [32m[0;39m [        default] [2m---[0;39m [2m[duler1_Worker-7][0;39m [36mo.s.batch.core.job.SimpleStepHandler    [0;39m [2m:[0;39m Executing step: [SEND_ASYNCHRONOUS_EVENTS_STEP]
[2m2025-07-29 20:45:00.125[0;39m [32m- INFO[0;39m [35m614984[0;39m [32m[0;39m [        default] [2m---[0;39m [2m[duler1_Worker-4][0;39m [36mo.s.batch.core.job.SimpleStepHandler    [0;39m [2m:[0;39m Executing step: [UPDATE_EMAIL_OUTBOUND_WITH_CAMPAIGN_MESSAGE]
[2m2025-07-29 20:45:00.132[0;39m [32m- INFO[0;39m [35m614984[0;39m [32m[0;39m [        default] [2m---[0;39m [2m[duler1_Worker-5][0;39m [36mo.s.batch.core.job.SimpleStepHandler    [0;39m [2m:[0;39m Executing step: [EXECUTE_REPORT_MAILING_JOBS]
[2m2025-07-29 20:45:00.140[0;39m [32m- INFO[0;39m [35m614984[0;39m [32m[0;39m [        default] [2m---[0;39m [2m[duler1_Worker-7][0;39m [36mo.s.batch.core.step.AbstractStep        [0;39m [2m:[0;39m Step: [SEND_ASYNCHRONOUS_EVENTS_STEP] executed in 16ms
[2m2025-07-29 20:45:00.142[0;39m [32m- INFO[0;39m [35m614984[0;39m [32m[0;39m [        default] [2m---[0;39m [2m[duler1_Worker-4][0;39m [36mo.s.batch.core.step.AbstractStep        [0;39m [2m:[0;39m Step: [UPDATE_EMAIL_OUTBOUND_WITH_CAMPAIGN_MESSAGE] executed in 17ms
[2m2025-07-29 20:45:00.153[0;39m [32m- INFO[0;39m [35m614984[0;39m [32m[0;39m [        default] [2m---[0;39m [2m[duler1_Worker-5][0;39m [36mo.s.batch.core.step.AbstractStep        [0;39m [2m:[0;39m Step: [EXECUTE_REPORT_MAILING_JOBS] executed in 21ms
[2m2025-07-29 20:45:00.157[0;39m [32m- INFO[0;39m [35m614984[0;39m [32m[0;39m [        default] [2m---[0;39m [2m[duler1_Worker-7][0;39m [36mo.s.b.c.l.s.TaskExecutorJobLauncher     [0;39m [2m:[0;39m Job: [SimpleJob: [name=SEND_ASYNCHRONOUS_EVENTS]] completed with the following parameters: [{'run.id':'{value=190, type=class java.lang.Long, identifying=true}'}] and the following status: [COMPLETED] in 48ms
[2m2025-07-29 20:45:00.159[0;39m [32m- INFO[0;39m [35m614984[0;39m [32m[0;39m [        default] [2m---[0;39m [2m[duler1_Worker-4][0;39m [36mo.s.b.c.l.s.TaskExecutorJobLauncher     [0;39m [2m:[0;39m Job: [SimpleJob: [name=UPDATE_EMAIL_OUTBOUND_WITH_CAMPAIGN_MESSAGE]] completed with the following parameters: [{'run.id':'{value=14, type=class java.lang.Long, identifying=true}'}] and the following status: [COMPLETED] in 47ms
[2m2025-07-29 20:45:00.173[0;39m [32m- INFO[0;39m [35m614984[0;39m [32m[0;39m [        default] [2m---[0;39m [2m[duler1_Worker-5][0;39m [36mo.s.b.c.l.s.TaskExecutorJobLauncher     [0;39m [2m:[0;39m Job: [SimpleJob: [name=EXECUTE_REPORT_MAILING_JOBS]] completed with the following parameters: [{'run.id':'{value=14, type=class java.lang.Long, identifying=true}'}] and the following status: [COMPLETED] in 56ms
[2m2025-07-29 20:46:00.049[0;39m [32m- INFO[0;39m [35m614984[0;39m [32m[0;39m [        default] [2m---[0;39m [2m[duler1_Worker-3][0;39m [36mo.s.b.c.l.s.TaskExecutorJobLauncher     [0;39m [2m:[0;39m Job: [SimpleJob: [name=SEND_ASYNCHRONOUS_EVENTS]] launched with the following parameters: [{'run.id':'{value=191, type=class java.lang.Long, identifying=true}'}]
[2m2025-07-29 20:46:00.067[0;39m [32m- INFO[0;39m [35m614984[0;39m [32m[0;39m [        default] [2m---[0;39m [2m[duler1_Worker-3][0;39m [36mo.s.batch.core.job.SimpleStepHandler    [0;39m [2m:[0;39m Executing step: [SEND_ASYNCHRONOUS_EVENTS_STEP]
[2m2025-07-29 20:46:00.085[0;39m [32m- INFO[0;39m [35m614984[0;39m [32m[0;39m [        default] [2m---[0;39m [2m[duler1_Worker-3][0;39m [36mo.s.batch.core.step.AbstractStep        [0;39m [2m:[0;39m Step: [SEND_ASYNCHRONOUS_EVENTS_STEP] executed in 17ms
[2m2025-07-29 20:46:00.102[0;39m [32m- INFO[0;39m [35m614984[0;39m [32m[0;39m [        default] [2m---[0;39m [2m[duler1_Worker-3][0;39m [36mo.s.b.c.l.s.TaskExecutorJobLauncher     [0;39m [2m:[0;39m Job: [SimpleJob: [name=SEND_ASYNCHRONOUS_EVENTS]] completed with the following parameters: [{'run.id':'{value=191, type=class java.lang.Long, identifying=true}'}] and the following status: [COMPLETED] in 47ms
[2m2025-07-29 20:47:00.056[0;39m [32m- INFO[0;39m [35m614984[0;39m [32m[0;39m [        default] [2m---[0;39m [2m[duler1_Worker-2][0;39m [36mo.s.b.c.l.s.TaskExecutorJobLauncher     [0;39m [2m:[0;39m Job: [SimpleJob: [name=SEND_ASYNCHRONOUS_EVENTS]] launched with the following parameters: [{'run.id':'{value=192, type=class java.lang.Long, identifying=true}'}]
[2m2025-07-29 20:47:00.075[0;39m [32m- INFO[0;39m [35m614984[0;39m [32m[0;39m [        default] [2m---[0;39m [2m[duler1_Worker-2][0;39m [36mo.s.batch.core.job.SimpleStepHandler    [0;39m [2m:[0;39m Executing step: [SEND_ASYNCHRONOUS_EVENTS_STEP]
[2m2025-07-29 20:47:00.091[0;39m [32m- INFO[0;39m [35m614984[0;39m [32m[0;39m [        default] [2m---[0;39m [2m[duler1_Worker-2][0;39m [36mo.s.batch.core.step.AbstractStep        [0;39m [2m:[0;39m Step: [SEND_ASYNCHRONOUS_EVENTS_STEP] executed in 16ms
[2m2025-07-29 20:47:00.108[0;39m [32m- INFO[0;39m [35m614984[0;39m [32m[0;39m [        default] [2m---[0;39m [2m[duler1_Worker-2][0;39m [36mo.s.b.c.l.s.TaskExecutorJobLauncher     [0;39m [2m:[0;39m Job: [SimpleJob: [name=SEND_ASYNCHRONOUS_EVENTS]] completed with the following parameters: [{'run.id':'{value=192, type=class java.lang.Long, identifying=true}'}] and the following status: [COMPLETED] in 46ms
[2m2025-07-29 20:48:00.111[0;39m [32m- INFO[0;39m [35m614984[0;39m [32m[0;39m [        default] [2m---[0;39m [2m[duler1_Worker-6][0;39m [36mo.s.b.c.l.s.TaskExecutorJobLauncher     [0;39m [2m:[0;39m Job: [SimpleJob: [name=SEND_ASYNCHRONOUS_EVENTS]] launched with the following parameters: [{'run.id':'{value=193, type=class java.lang.Long, identifying=true}'}]
[2m2025-07-29 20:48:00.138[0;39m [32m- INFO[0;39m [35m614984[0;39m [32m[0;39m [        default] [2m---[0;39m [2m[duler1_Worker-6][0;39m [36mo.s.batch.core.job.SimpleStepHandler    [0;39m [2m:[0;39m Executing step: [SEND_ASYNCHRONOUS_EVENTS_STEP]
[2m2025-07-29 20:48:00.157[0;39m [32m- INFO[0;39m [35m614984[0;39m [32m[0;39m [        default] [2m---[0;39m [2m[duler1_Worker-6][0;39m [36mo.s.batch.core.step.AbstractStep        [0;39m [2m:[0;39m Step: [SEND_ASYNCHRONOUS_EVENTS_STEP] executed in 18ms
[2m2025-07-29 20:48:00.176[0;39m [32m- INFO[0;39m [35m614984[0;39m [32m[0;39m [        default] [2m---[0;39m [2m[duler1_Worker-6][0;39m [36mo.s.b.c.l.s.TaskExecutorJobLauncher     [0;39m [2m:[0;39m Job: [SimpleJob: [name=SEND_ASYNCHRONOUS_EVENTS]] completed with the following parameters: [{'run.id':'{value=193, type=class java.lang.Long, identifying=true}'}] and the following status: [COMPLETED] in 58ms
[2m2025-07-29 20:49:00.059[0;39m [32m- INFO[0;39m [35m614984[0;39m [32m[0;39m [        default] [2m---[0;39m [2m[duler1_Worker-1][0;39m [36mo.s.b.c.l.s.TaskExecutorJobLauncher     [0;39m [2m:[0;39m Job: [SimpleJob: [name=SEND_ASYNCHRONOUS_EVENTS]] launched with the following parameters: [{'run.id':'{value=194, type=class java.lang.Long, identifying=true}'}]
[2m2025-07-29 20:49:00.082[0;39m [32m- INFO[0;39m [35m614984[0;39m [32m[0;39m [        default] [2m---[0;39m [2m[duler1_Worker-1][0;39m [36mo.s.batch.core.job.SimpleStepHandler    [0;39m [2m:[0;39m Executing step: [SEND_ASYNCHRONOUS_EVENTS_STEP]
[2m2025-07-29 20:49:00.102[0;39m [32m- INFO[0;39m [35m614984[0;39m [32m[0;39m [        default] [2m---[0;39m [2m[duler1_Worker-1][0;39m [36mo.s.batch.core.step.AbstractStep        [0;39m [2m:[0;39m Step: [SEND_ASYNCHRONOUS_EVENTS_STEP] executed in 20ms
[2m2025-07-29 20:49:00.125[0;39m [32m- INFO[0;39m [35m614984[0;39m [32m[0;39m [        default] [2m---[0;39m [2m[duler1_Worker-1][0;39m [36mo.s.b.c.l.s.TaskExecutorJobLauncher     [0;39m [2m:[0;39m Job: [SimpleJob: [name=SEND_ASYNCHRONOUS_EVENTS]] completed with the following parameters: [{'run.id':'{value=194, type=class java.lang.Long, identifying=true}'}] and the following status: [COMPLETED] in 57ms
[2m2025-07-29 20:50:00.067[0;39m [32m- INFO[0;39m [35m614984[0;39m [32m[0;39m [        default] [2m---[0;39m [2m[duler1_Worker-7][0;39m [36mo.s.b.c.l.s.TaskExecutorJobLauncher     [0;39m [2m:[0;39m Job: [SimpleJob: [name=EXECUTE_EMAIL]] launched with the following parameters: [{'run.id':'{value=21, type=class java.lang.Long, identifying=true}'}]
[2m2025-07-29 20:50:00.070[0;39m [32m- INFO[0;39m [35m614984[0;39m [32m[0;39m [        default] [2m---[0;39m [2m[duler1_Worker-4][0;39m [36mo.s.b.c.l.s.TaskExecutorJobLauncher     [0;39m [2m:[0;39m Job: [SimpleJob: [name=SEND_ASYNCHRONOUS_EVENTS]] launched with the following parameters: [{'run.id':'{value=195, type=class java.lang.Long, identifying=true}'}]
[2m2025-07-29 20:50:00.090[0;39m [32m- INFO[0;39m [35m614984[0;39m [32m[0;39m [        default] [2m---[0;39m [2m[duler1_Worker-7][0;39m [36mo.s.batch.core.job.SimpleStepHandler    [0;39m [2m:[0;39m Executing step: [EXECUTE_EMAIL]
[2m2025-07-29 20:50:00.093[0;39m [32m- INFO[0;39m [35m614984[0;39m [32m[0;39m [        default] [2m---[0;39m [2m[duler1_Worker-4][0;39m [36mo.s.batch.core.job.SimpleStepHandler    [0;39m [2m:[0;39m Executing step: [SEND_ASYNCHRONOUS_EVENTS_STEP]
[2m2025-07-29 20:50:00.113[0;39m [32m- INFO[0;39m [35m614984[0;39m [32m[0;39m [        default] [2m---[0;39m [2m[duler1_Worker-4][0;39m [36mo.s.batch.core.step.AbstractStep        [0;39m [2m:[0;39m Step: [SEND_ASYNCHRONOUS_EVENTS_STEP] executed in 20ms
[2m2025-07-29 20:50:00.115[0;39m [32m- INFO[0;39m [35m614984[0;39m [32m[0;39m [        default] [2m---[0;39m [2m[duler1_Worker-7][0;39m [36mo.s.batch.core.step.AbstractStep        [0;39m [2m:[0;39m Step: [EXECUTE_EMAIL] executed in 24ms
[2m2025-07-29 20:50:00.135[0;39m [32m- INFO[0;39m [35m614984[0;39m [32m[0;39m [        default] [2m---[0;39m [2m[duler1_Worker-4][0;39m [36mo.s.b.c.l.s.TaskExecutorJobLauncher     [0;39m [2m:[0;39m Job: [SimpleJob: [name=SEND_ASYNCHRONOUS_EVENTS]] completed with the following parameters: [{'run.id':'{value=195, type=class java.lang.Long, identifying=true}'}] and the following status: [COMPLETED] in 56ms
[2m2025-07-29 20:50:00.137[0;39m [32m- INFO[0;39m [35m614984[0;39m [32m[0;39m [        default] [2m---[0;39m [2m[duler1_Worker-7][0;39m [36mo.s.b.c.l.s.TaskExecutorJobLauncher     [0;39m [2m:[0;39m Job: [SimpleJob: [name=EXECUTE_EMAIL]] completed with the following parameters: [{'run.id':'{value=21, type=class java.lang.Long, identifying=true}'}] and the following status: [COMPLETED] in 61ms
[2m2025-07-29 20:51:00.061[0;39m [32m- INFO[0;39m [35m614984[0;39m [32m[0;39m [        default] [2m---[0;39m [2m[duler1_Worker-5][0;39m [36mo.s.b.c.l.s.TaskExecutorJobLauncher     [0;39m [2m:[0;39m Job: [SimpleJob: [name=SEND_ASYNCHRONOUS_EVENTS]] launched with the following parameters: [{'run.id':'{value=196, type=class java.lang.Long, identifying=true}'}]
[2m2025-07-29 20:51:00.081[0;39m [32m- INFO[0;39m [35m614984[0;39m [32m[0;39m [        default] [2m---[0;39m [2m[duler1_Worker-5][0;39m [36mo.s.batch.core.job.SimpleStepHandler    [0;39m [2m:[0;39m Executing step: [SEND_ASYNCHRONOUS_EVENTS_STEP]
[2m2025-07-29 20:51:00.101[0;39m [32m- INFO[0;39m [35m614984[0;39m [32m[0;39m [        default] [2m---[0;39m [2m[duler1_Worker-5][0;39m [36mo.s.batch.core.step.AbstractStep        [0;39m [2m:[0;39m Step: [SEND_ASYNCHRONOUS_EVENTS_STEP] executed in 19ms
[2m2025-07-29 20:51:00.123[0;39m [32m- INFO[0;39m [35m614984[0;39m [32m[0;39m [        default] [2m---[0;39m [2m[duler1_Worker-5][0;39m [36mo.s.b.c.l.s.TaskExecutorJobLauncher     [0;39m [2m:[0;39m Job: [SimpleJob: [name=SEND_ASYNCHRONOUS_EVENTS]] completed with the following parameters: [{'run.id':'{value=196, type=class java.lang.Long, identifying=true}'}] and the following status: [COMPLETED] in 53ms
[2m2025-07-29 20:52:00.066[0;39m [32m- INFO[0;39m [35m614984[0;39m [32m[0;39m [        default] [2m---[0;39m [2m[duler1_Worker-3][0;39m [36mo.s.b.c.l.s.TaskExecutorJobLauncher     [0;39m [2m:[0;39m Job: [SimpleJob: [name=SEND_ASYNCHRONOUS_EVENTS]] launched with the following parameters: [{'run.id':'{value=197, type=class java.lang.Long, identifying=true}'}]
[2m2025-07-29 20:52:00.087[0;39m [32m- INFO[0;39m [35m614984[0;39m [32m[0;39m [        default] [2m---[0;39m [2m[duler1_Worker-3][0;39m [36mo.s.batch.core.job.SimpleStepHandler    [0;39m [2m:[0;39m Executing step: [SEND_ASYNCHRONOUS_EVENTS_STEP]
[2m2025-07-29 20:52:00.104[0;39m [32m- INFO[0;39m [35m614984[0;39m [32m[0;39m [        default] [2m---[0;39m [2m[duler1_Worker-3][0;39m [36mo.s.batch.core.step.AbstractStep        [0;39m [2m:[0;39m Step: [SEND_ASYNCHRONOUS_EVENTS_STEP] executed in 16ms
[2m2025-07-29 20:52:00.123[0;39m [32m- INFO[0;39m [35m614984[0;39m [32m[0;39m [        default] [2m---[0;39m [2m[duler1_Worker-3][0;39m [36mo.s.b.c.l.s.TaskExecutorJobLauncher     [0;39m [2m:[0;39m Job: [SimpleJob: [name=SEND_ASYNCHRONOUS_EVENTS]] completed with the following parameters: [{'run.id':'{value=197, type=class java.lang.Long, identifying=true}'}] and the following status: [COMPLETED] in 51ms
[2m2025-07-29 20:53:00.059[0;39m [32m- INFO[0;39m [35m614984[0;39m [32m[0;39m [        default] [2m---[0;39m [2m[duler1_Worker-2][0;39m [36mo.s.b.c.l.s.TaskExecutorJobLauncher     [0;39m [2m:[0;39m Job: [SimpleJob: [name=SEND_ASYNCHRONOUS_EVENTS]] launched with the following parameters: [{'run.id':'{value=198, type=class java.lang.Long, identifying=true}'}]
[2m2025-07-29 20:53:00.081[0;39m [32m- INFO[0;39m [35m614984[0;39m [32m[0;39m [        default] [2m---[0;39m [2m[duler1_Worker-2][0;39m [36mo.s.batch.core.job.SimpleStepHandler    [0;39m [2m:[0;39m Executing step: [SEND_ASYNCHRONOUS_EVENTS_STEP]
[2m2025-07-29 20:53:00.099[0;39m [32m- INFO[0;39m [35m614984[0;39m [32m[0;39m [        default] [2m---[0;39m [2m[duler1_Worker-2][0;39m [36mo.s.batch.core.step.AbstractStep        [0;39m [2m:[0;39m Step: [SEND_ASYNCHRONOUS_EVENTS_STEP] executed in 17ms
[2m2025-07-29 20:53:00.117[0;39m [32m- INFO[0;39m [35m614984[0;39m [32m[0;39m [        default] [2m---[0;39m [2m[duler1_Worker-2][0;39m [36mo.s.b.c.l.s.TaskExecutorJobLauncher     [0;39m [2m:[0;39m Job: [SimpleJob: [name=SEND_ASYNCHRONOUS_EVENTS]] completed with the following parameters: [{'run.id':'{value=198, type=class java.lang.Long, identifying=true}'}] and the following status: [COMPLETED] in 51ms
[2m2025-07-29 20:54:00.074[0;39m [32m- INFO[0;39m [35m614984[0;39m [32m[0;39m [        default] [2m---[0;39m [2m[duler1_Worker-6][0;39m [36mo.s.b.c.l.s.TaskExecutorJobLauncher     [0;39m [2m:[0;39m Job: [SimpleJob: [name=SEND_ASYNCHRONOUS_EVENTS]] launched with the following parameters: [{'run.id':'{value=199, type=class java.lang.Long, identifying=true}'}]
[2m2025-07-29 20:54:00.090[0;39m [32m- INFO[0;39m [35m614984[0;39m [32m[0;39m [        default] [2m---[0;39m [2m[duler1_Worker-6][0;39m [36mo.s.batch.core.job.SimpleStepHandler    [0;39m [2m:[0;39m Executing step: [SEND_ASYNCHRONOUS_EVENTS_STEP]
[2m2025-07-29 20:54:00.101[0;39m [32m- INFO[0;39m [35m614984[0;39m [32m[0;39m [        default] [2m---[0;39m [2m[duler1_Worker-6][0;39m [36mo.s.batch.core.step.AbstractStep        [0;39m [2m:[0;39m Step: [SEND_ASYNCHRONOUS_EVENTS_STEP] executed in 10ms
[2m2025-07-29 20:54:00.111[0;39m [32m- INFO[0;39m [35m614984[0;39m [32m[0;39m [        default] [2m---[0;39m [2m[duler1_Worker-6][0;39m [36mo.s.b.c.l.s.TaskExecutorJobLauncher     [0;39m [2m:[0;39m Job: [SimpleJob: [name=SEND_ASYNCHRONOUS_EVENTS]] completed with the following parameters: [{'run.id':'{value=199, type=class java.lang.Long, identifying=true}'}] and the following status: [COMPLETED] in 33ms
[2m2025-07-29 20:55:00.050[0;39m [32m- INFO[0;39m [35m614984[0;39m [32m[0;39m [        default] [2m---[0;39m [2m[duler1_Worker-1][0;39m [36mo.s.b.c.l.s.TaskExecutorJobLauncher     [0;39m [2m:[0;39m Job: [SimpleJob: [name=SEND_ASYNCHRONOUS_EVENTS]] launched with the following parameters: [{'run.id':'{value=200, type=class java.lang.Long, identifying=true}'}]
[2m2025-07-29 20:55:00.067[0;39m [32m- INFO[0;39m [35m614984[0;39m [32m[0;39m [        default] [2m---[0;39m [2m[duler1_Worker-1][0;39m [36mo.s.batch.core.job.SimpleStepHandler    [0;39m [2m:[0;39m Executing step: [SEND_ASYNCHRONOUS_EVENTS_STEP]
[2m2025-07-29 20:55:00.081[0;39m [32m- INFO[0;39m [35m614984[0;39m [32m[0;39m [        default] [2m---[0;39m [2m[duler1_Worker-1][0;39m [36mo.s.batch.core.step.AbstractStep        [0;39m [2m:[0;39m Step: [SEND_ASYNCHRONOUS_EVENTS_STEP] executed in 13ms
[2m2025-07-29 20:55:00.095[0;39m [32m- INFO[0;39m [35m614984[0;39m [32m[0;39m [        default] [2m---[0;39m [2m[duler1_Worker-1][0;39m [36mo.s.b.c.l.s.TaskExecutorJobLauncher     [0;39m [2m:[0;39m Job: [SimpleJob: [name=SEND_ASYNCHRONOUS_EVENTS]] completed with the following parameters: [{'run.id':'{value=200, type=class java.lang.Long, identifying=true}'}] and the following status: [COMPLETED] in 40ms
[2m2025-07-29 20:56:00.059[0;39m [32m- INFO[0;39m [35m614984[0;39m [32m[0;39m [        default] [2m---[0;39m [2m[duler1_Worker-4][0;39m [36mo.s.b.c.l.s.TaskExecutorJobLauncher     [0;39m [2m:[0;39m Job: [SimpleJob: [name=SEND_ASYNCHRONOUS_EVENTS]] launched with the following parameters: [{'run.id':'{value=201, type=class java.lang.Long, identifying=true}'}]
[2m2025-07-29 20:56:00.078[0;39m [32m- INFO[0;39m [35m614984[0;39m [32m[0;39m [        default] [2m---[0;39m [2m[duler1_Worker-4][0;39m [36mo.s.batch.core.job.SimpleStepHandler    [0;39m [2m:[0;39m Executing step: [SEND_ASYNCHRONOUS_EVENTS_STEP]
[2m2025-07-29 20:56:00.097[0;39m [32m- INFO[0;39m [35m614984[0;39m [32m[0;39m [        default] [2m---[0;39m [2m[duler1_Worker-4][0;39m [36mo.s.batch.core.step.AbstractStep        [0;39m [2m:[0;39m Step: [SEND_ASYNCHRONOUS_EVENTS_STEP] executed in 18ms
[2m2025-07-29 20:56:00.116[0;39m [32m- INFO[0;39m [35m614984[0;39m [32m[0;39m [        default] [2m---[0;39m [2m[duler1_Worker-4][0;39m [36mo.s.b.c.l.s.TaskExecutorJobLauncher     [0;39m [2m:[0;39m Job: [SimpleJob: [name=SEND_ASYNCHRONOUS_EVENTS]] completed with the following parameters: [{'run.id':'{value=201, type=class java.lang.Long, identifying=true}'}] and the following status: [COMPLETED] in 49ms
[2m2025-07-29 20:57:00.113[0;39m [32m- INFO[0;39m [35m614984[0;39m [32m[0;39m [        default] [2m---[0;39m [2m[duler1_Worker-7][0;39m [36mo.s.b.c.l.s.TaskExecutorJobLauncher     [0;39m [2m:[0;39m Job: [SimpleJob: [name=SEND_ASYNCHRONOUS_EVENTS]] launched with the following parameters: [{'run.id':'{value=202, type=class java.lang.Long, identifying=true}'}]
[2m2025-07-29 20:57:00.135[0;39m [32m- INFO[0;39m [35m614984[0;39m [32m[0;39m [        default] [2m---[0;39m [2m[duler1_Worker-7][0;39m [36mo.s.batch.core.job.SimpleStepHandler    [0;39m [2m:[0;39m Executing step: [SEND_ASYNCHRONOUS_EVENTS_STEP]
[2m2025-07-29 20:57:00.154[0;39m [32m- INFO[0;39m [35m614984[0;39m [32m[0;39m [        default] [2m---[0;39m [2m[duler1_Worker-7][0;39m [36mo.s.batch.core.step.AbstractStep        [0;39m [2m:[0;39m Step: [SEND_ASYNCHRONOUS_EVENTS_STEP] executed in 18ms
[2m2025-07-29 20:57:00.178[0;39m [32m- INFO[0;39m [35m614984[0;39m [32m[0;39m [        default] [2m---[0;39m [2m[duler1_Worker-7][0;39m [36mo.s.b.c.l.s.TaskExecutorJobLauncher     [0;39m [2m:[0;39m Job: [SimpleJob: [name=SEND_ASYNCHRONOUS_EVENTS]] completed with the following parameters: [{'run.id':'{value=202, type=class java.lang.Long, identifying=true}'}] and the following status: [COMPLETED] in 56ms
[2m2025-07-29 20:58:00.051[0;39m [32m- INFO[0;39m [35m614984[0;39m [32m[0;39m [        default] [2m---[0;39m [2m[duler1_Worker-5][0;39m [36mo.s.b.c.l.s.TaskExecutorJobLauncher     [0;39m [2m:[0;39m Job: [SimpleJob: [name=SEND_ASYNCHRONOUS_EVENTS]] launched with the following parameters: [{'run.id':'{value=203, type=class java.lang.Long, identifying=true}'}]
[2m2025-07-29 20:58:00.067[0;39m [32m- INFO[0;39m [35m614984[0;39m [32m[0;39m [        default] [2m---[0;39m [2m[duler1_Worker-5][0;39m [36mo.s.batch.core.job.SimpleStepHandler    [0;39m [2m:[0;39m Executing step: [SEND_ASYNCHRONOUS_EVENTS_STEP]
[2m2025-07-29 20:58:00.082[0;39m [32m- INFO[0;39m [35m614984[0;39m [32m[0;39m [        default] [2m---[0;39m [2m[duler1_Worker-5][0;39m [36mo.s.batch.core.step.AbstractStep        [0;39m [2m:[0;39m Step: [SEND_ASYNCHRONOUS_EVENTS_STEP] executed in 14ms
[2m2025-07-29 20:58:00.091[0;39m [32m- INFO[0;39m [35m614984[0;39m [32m[0;39m [        default] [2m---[0;39m [2m[duler1_Worker-5][0;39m [36mo.s.b.c.l.s.TaskExecutorJobLauncher     [0;39m [2m:[0;39m Job: [SimpleJob: [name=SEND_ASYNCHRONOUS_EVENTS]] completed with the following parameters: [{'run.id':'{value=203, type=class java.lang.Long, identifying=true}'}] and the following status: [COMPLETED] in 36ms
